year,doy,Station,GridMET,DayMET,PRISM
1982,1,0,0,0,0
1982,2,2.032,1,1,0
1982,3,0,0,0,0.49
1982,4,0,0,0,0
1982,5,0,0,0,0
1982,6,0,0,0,0
1982,7,0,0,0,0
1982,8,0,0,0,0
1982,9,0,0,0,0
1982,10,0,0,0,0
1982,11,0,0,0,0
1982,12,6.604,9,4.91,5.88
1982,13,4.064,3,7.36,2.45
1982,14,0,0,0,6.125
1982,15,0,0,0,0
1982,16,0,0,0,0
1982,17,0,0,0,0
1982,18,0,0,0,0
1982,19,0,0,0,0
1982,20,0,0,1.97,0
1982,21,0,2,0,0.49
1982,22,5.08,2,2.1,0
1982,23,0,0,0,2.94
1982,24,0,0,0,0
1982,25,0,0,0,0
1982,26,0,0,0,0
1982,27,0,0,0,0
1982,28,0,0,0,0
1982,29,0,4,9.57,0
1982,30,17.526,14,16.66,4.41
1982,31,0,1,0,10.045
1982,32,0,0,0,0
1982,33,1.778,5,4.13,0
1982,34,0,0,0,3.185
1982,35,0,0,0,0
1982,36,0.762,1,1.55,0
1982,37,0,0,0,1.715
1982,38,0,0,0,0
1982,39,1.016,1,1.23,0
1982,40,0,0,0,0.98
1982,41,0,0,0,0
1982,42,0,0,0,0
1982,43,0,0,0,0
1982,44,0,0,0,0
1982,45,0,0,0,0
1982,46,0,0,0,0
1982,47,0,0,0,0
1982,48,0,0,0,0
1982,49,0,0,0,0
1982,50,0,0,0,0
1982,51,0,0,0,0
1982,52,0,0,0,0.245
1982,53,0,0,0,0
1982,54,0,0,0,0
1982,55,0,0,3.56,0
1982,56,16.002,25,20.46,1.96
1982,57,12.192,4,0,18.13
1982,58,0,0,0,0
1982,59,0,0,0,0
1982,60,0,0,0,0
1982,61,0,0,0,0
1982,62,0,0,0,0
1982,63,0,0,0,0
1982,64,0,2,4.33,0
1982,65,3.048,2,0,5.88
1982,66,0,0,0,0
1982,67,0,0,0,0
1982,68,0,0,0,0
1982,69,0,0,0,0
1982,70,0,0,0,0
1982,71,0,0,0,0
1982,72,0,1,0,0
1982,73,3.048,4,0,6.125
1982,74,0,0,0,0
1982,75,0,0,0,0
1982,76,0,0,0,0
1982,77,0,0,0,0
1982,78,0,0,0,0
1982,79,0,5,0,0
1982,80,27.94,26,27.03,2.45
1982,81,1.778,3,0.58,14.7
1982,82,1.27,1,7.37,2.94
1982,83,0,0,0,3.43
1982,84,0,2,0,0
1982,85,6.604,5,15.11,0
1982,86,18.796,16,10.56,17.15
1982,87,0,1,0,5.635
1982,88,0,0,2.32,0
1982,89,2.54,2,0,1.225
1982,90,0,0,0,0
1982,91,0,0,0.7,0
1982,92,0,1,0,0.49
1982,93,0,0,0,0
1982,94,0,0,0,0
1982,95,0,0,0,0
1982,96,0,0,0,0
1982,97,0,0,0,0
1982,98,0,2,0,0
1982,99,0,5,4.43,0
1982,100,6.096,1,5.64,5.39
1982,101,0,0,0,2.205
1982,102,0,0,0,0
1982,103,0,0,0,0
1982,104,0,1,0,0
1982,105,0,0,1.26,1.225
1982,106,0,0,0,0
1982,107,0,0,0,0
1982,108,0,4,2.23,0
1982,109,6.096,6,6.77,1.96
1982,110,15.748,8,10.63,3.43
1982,111,0,18,21.3,12.74
1982,112,18.796,13,13.74,25.235
1982,113,23.114,1,7,8.575
1982,114,11.43,13,7.86,11.025
1982,115,0,0,0,3.92
1982,116,0,0,0,0
1982,117,0,1,0,0
1982,118,0.762,5,0,0
1982,119,0.762,1,0,1.47
1982,120,1.778,1,0,0
1982,121,0,1,0,1.47
1982,122,0,0,0,0
1982,123,0,0,0,0
1982,124,0,1,0,0
1982,125,0,3,12.77,0
1982,126,9.906,14,0,14.945
1982,127,0,0,0,0
1982,128,0,0,0,0
1982,129,0,0,0,0
1982,130,0,1,0,0
1982,131,0,0,0,0
1982,132,5.334,34,23.79,0
1982,133,44.45,32,36.39,35.28
1982,134,0,0,0,31.36
1982,135,0,0,0,0
1982,136,0,1,0,0
1982,137,41.656,24,17.23,0
1982,138,1.524,0,0,6.37
1982,139,0,0,0,0
1982,140,0,0,0,0
1982,141,0,0,0,0
1982,142,0,0,0,0
1982,143,0,8,10.64,0
1982,144,16.002,8,15.45,15.19
1982,145,0,1,0,1.96
1982,146,0,2,0,0
1982,147,0,0,0,0
1982,148,0,0,0,0
1982,149,0,0,0,0
1982,150,0,0,0,0
1982,151,0,0,0,0
1982,152,0,0,0,0
1982,153,0,0,0,0
1982,154,0,0,0,0
1982,155,0,0,0,0
1982,156,0,0,0,0
1982,157,0,0,0,0
1982,158,0,0,0,0
1982,159,0,0,0,0
1982,160,0,0,0,0
1982,161,0,0,0,0
1982,162,7.112,8,10.92,0
1982,163,10.16,5,0,14.21
1982,164,0,0,0,0
1982,165,0,0,0,0
1982,166,0,7,9.14,0
1982,167,18.034,5,0,20.58
1982,168,0,0,0,0
1982,169,1.778,3,0,0
1982,170,0,1,0,0
1982,171,1.778,0,0,2.45
1982,172,0,9,9.76,0
1982,173,32.258,1,0,12.25
1982,174,0,0,15.7,0.245
1982,175,21.082,24,19.29,12.495
1982,176,1.524,4,2.33,6.86
1982,177,0,1,0,0
1982,178,0,11,0,0.245
1982,179,0,1,0,0
1982,180,0,2,0,0
1982,181,12.446,6,7.97,0
1982,182,0,0,0,10.78
1982,183,0,0,0,0
1982,184,0,0,0,0
1982,185,0,0,0,0
1982,186,0,0,0,0
1982,187,1.27,0,0,0.49
1982,188,0,0,0,0
1982,189,0,0,0,0
1982,190,0,0,0,0
1982,191,0,0,0,0
1982,192,0,2,0,0
1982,193,4.572,28,46.78,0
1982,194,0.762,1,0,17.64
1982,195,0,0,0,0
1982,196,0,0,0,0
1982,197,0,0,0,0
1982,198,0,0,0,0
1982,199,0,0,0,0
1982,200,0,0,0,0
1982,201,0,0,0,0
1982,202,0,0,0,0
1982,203,0,0,0,0.245
1982,204,0,2,0,0
1982,205,4.826,2,0,0
1982,206,5.08,1,3.4,0.98
1982,207,0,0,0,0
1982,208,0,0,0,0
1982,209,0,0,0,0
1982,210,21.844,5,0,0
1982,211,0,0,0,2.205
1982,212,0,0,0,0
1982,213,0,0,0,0
1982,214,0,0,0,0
1982,215,0,0,0,0
1982,216,0,0,0,0
1982,217,0,0,0,0
1982,218,0,0,0,0
1982,219,0,2,0,0
1982,220,1.016,10,5.27,3.185
1982,221,60.706,1,6.57,8.575
1982,222,0,0,0,0
1982,223,0,0,0,0
1982,224,0,0,0,0
1982,225,0,0,0,0
1982,226,0,0,0,0
1982,227,0,0,0,0
1982,228,0,0,0,0
1982,229,0,4,0,0
1982,230,0.762,0,0,2.94
1982,231,0,0,0,0
1982,232,0,0,0,0
1982,233,0,0,0,0
1982,234,0,0,0,0
1982,235,0,0,0,0
1982,236,0,0,0,0
1982,237,0,0,0,0
1982,238,0,0,0,0
1982,239,0,0,0,0
1982,240,0,0,0,0
1982,241,0,0,0,0
1982,242,0,0,0,0
1982,243,0,0,0,0
1982,244,0,0,0,0
1982,245,0,0,0,0
1982,246,0,0,0,0
1982,247,0,0,0,0
1982,248,0,0,0,0
1982,249,0,0,0,0
1982,250,0,0,0,0
1982,251,0,0,0,0
1982,252,0,0,0,0
1982,253,0,0,0,0
1982,254,0,0,0,0
1982,255,0,3,0,0
1982,256,3.302,2,0,1.715
1982,257,0,0,0,6.125
1982,258,6.35,6,5.9,0
1982,259,0,1,0,11.025
1982,260,0,0,0,0.245
1982,261,0,0,0,0
1982,262,0,2,0,0
1982,263,0,0,0,0
1982,264,0,0,0,0
1982,265,0,0,0,0
1982,266,0,0,0,0
1982,267,0,0,0,0
1982,268,0,0,0,0
1982,269,0,0,0,0
1982,270,0,0,0,0
1982,271,0,0,0,0
1982,272,0,0,0,0
1982,273,0,0,0,0
1982,274,0,0,0,0
1982,275,0,0,0,0
1982,276,0,0,0,0
1982,277,0,0,0,0
1982,278,0,5,0,0
1982,279,0,4,10.19,0
1982,280,1.524,11,15.2,11.27
1982,281,7.874,11,16.99,16.17
1982,282,13.208,4,0,6.37
1982,283,0,2,0,0.245
1982,284,1.27,5,3.85,0.735
1982,285,18.034,12,13.51,11.025
1982,286,0,0,0,10.045
1982,287,0,0,0,0
1982,288,0,0,0,0
1982,289,0,0,0,0
1982,290,0,0,0,0
1982,291,0,0,0,0
1982,292,0,0,0,0
1982,293,0,0,0,0
1982,294,0,1,0,0
1982,295,0,0,0,0.98
1982,296,0,0,0,0
1982,297,0,0,0,0
1982,298,0,0,0,0
1982,299,0,0,0,0
1982,300,0,6,0,0
1982,301,11.176,6,17.23,0
1982,302,0,2,0,23.03
1982,303,0,0,0,0
1982,304,0,0,0,0
1982,305,0,8,0,0
1982,306,59.182,42,46.1,5.635
1982,307,1.524,2,0,37.24
1982,308,0,0,0,0
1982,309,0,0,0,0
1982,310,0,0,0,0
1982,311,0,0,0,0
1982,312,0,0,0,0
1982,313,0,0,0,0
1982,314,0,0,0,0
1982,315,3.302,1,0,0
1982,316,0,1,0,1.715
1982,317,0,0,0,0
1982,318,0,0,0,0
1982,319,0,0,0,0
1982,320,1.778,1,3.3,0
1982,321,0,2,3.77,5.145
1982,322,0,0,0,0
1982,323,3.556,8,14.59,9.8
1982,324,0,0,0,0.49
1982,325,0,0,0,0.245
1982,326,0,0,0,0
1982,327,0,0,0,0
1982,328,0,0,0,1.715
1982,329,0,3,7.99,0.245
1982,330,36.322,37,37.89,5.635
1982,331,5.08,7,0,30.87
1982,332,0,0,0,0
1982,333,0,0,0,0
1982,334,0,0,0,0
1982,335,0,0,0,0
1982,336,3.048,19,42.96,0
1982,337,8.128,10,0,24.255
1982,338,0,1,6.77,0
1982,339,0,0,0,0.735
1982,340,0,0,0,0
1982,341,0,0,0,0
1982,342,0,0,0,0
1982,343,0,1,4.55,0
1982,344,15.24,18,12.74,4.41
1982,345,10.668,3,5.78,12.74
1982,346,0,0,0,3.43
1982,347,0,0,0,0
1982,348,0,0,0,0
1982,349,0,0,0,0
1982,350,0,0,0,0
1982,351,0,0,0,0
1982,352,0,0,0,0
1982,353,0,0,0,0
1982,354,0,0,0,0
1982,355,0,0,0,0
1982,356,0,0,0,0
1982,357,0,0,0,0
1982,358,0,0,0,0
1982,359,0,0,0,0
1982,360,3.302,10,16.79,0
1982,361,11.43,7,8.39,12.25
1982,362,0,0,0,1.225
1982,363,0,0,0,0
1982,364,0,0,0,0
1982,365,7.62,14,7.31,0.49
1983,1,0,2,4.29,9.8
1983,2,0,0,0,2.205
1983,3,0,0,0,0
1983,4,0,0,0,0
1983,5,0,0,0,0
1983,6,0,0,0,0
1983,7,0,0,0,0
1983,8,0,0,0,0
1983,9,0,0,0,0
1983,10,0,0,0,0
1983,11,0,0,0,0
1983,12,0,0,0,0
1983,13,0,0,0,0
1983,14,0,0,0,0
1983,15,0,0,0,0
1983,16,0,0,0,0
1983,17,0,2,1.01,0
1983,18,5.842,10,9.13,1.47
1983,19,25.4,5,9.3,18.13
1983,20,0,2,2.85,6.125
1983,21,5.334,5,5.96,4.165
1983,22,1.524,0,0,5.145
1983,23,0,0,0,0
1983,24,0,0,0,0
1983,25,0,0,0,0
1983,26,0,0,0,0
1983,27,0,0,0,0
1983,28,0,0,0,0
1983,29,0,0,0,0
1983,30,0,0,0,0
1983,31,3.81,12,8.4,0
1983,32,0,0,0,6.125
1983,33,0,0,0,0
1983,34,0,1,0,0
1983,35,8.382,14,22.62,0
1983,36,27.178,20,17.24,34.545
1983,37,0,0,0,1.225
1983,38,0,2,0,0
1983,39,0,19,20.39,0
1983,40,24.384,13,25.39,2.45
1983,41,0,0,0,22.05
1983,42,0,0,0,0
1983,43,0,0,0,0
1983,44,0,0,0,0
1983,45,0,0,0,0
1983,46,0,0,0,0
1983,47,0,0,0,0
1983,48,0,1,0,0
1983,49,0,0,0,0
1983,50,0,11,0,0
1983,51,25.654,19,18.1,8.085
1983,52,0,1,0,14.21
1983,53,0,0,0,0
1983,54,0,0,0,0
1983,55,0,0,0,0
1983,56,0,0,0,0
1983,57,0,0,0,0
1983,58,0,0,0,0
1983,59,0,0,0,0
1983,60,0,0,0,0
1983,61,0,0,0,0
1983,62,0.762,15,22.8,0
1983,63,26.416,25,25.82,14.945
1983,64,0,0,0,15.435
1983,65,0,0,0,0
1983,66,0,0,0,0
1983,67,0,0,0,0
1983,68,0,0,0,0
1983,69,0,0,0,0
1983,70,0,0,0,0
1983,71,0,0,0,0
1983,72,0,0,0,0
1983,73,0,0,0,0
1983,74,11.43,10,12.6,0
1983,75,0.762,1,5.14,10.535
1983,76,0,0,0,0
1983,77,0,0,0,0
1983,78,5.588,6,11.21,0
1983,79,4.318,5,0,9.31
1983,80,0,0,0,0
1983,81,0,1,6.54,0
1983,82,32.258,6,0,8.575
1983,83,0,0,0,0.735
1983,84,0,2,22.03,0
1983,85,30.988,23,0,31.85
1983,86,0,0,0,0
1983,87,0,0,0,0
1983,88,0,0,0,0
1983,89,0,0,0,0
1983,90,0,0,0,0
1983,91,0,0,0,0
1983,92,0,0,0,0
1983,93,0,0,0,0
1983,94,0,1,0.71,0.245
1983,95,0,0,0,0
1983,96,0,0,0,0
1983,97,0,0,0,0
1983,98,0,1,0,0.735
1983,99,0,0,0,0
1983,100,0,0,0,0
1983,101,0,0,0,0
1983,102,0,0,0,0
1983,103,2.794,1,0.83,0.49
1983,104,0,0,0,0
1983,105,0,0,0,0
1983,106,0,0,0,0
1983,107,0,0,0,0
1983,108,0,0,0,0
1983,109,0,0,0,0
1983,110,0.762,0,0,0.245
1983,111,0,0,0,0
1983,112,0,0,0,0
1983,113,0,0,0,0
1983,114,0,0,0,0
1983,115,0,0,0,0
1983,116,0,0,0,0
1983,117,0,0,0,0
1983,118,0,1,0,0
1983,119,1.27,0,0,0
1983,120,0,0,0,0
1983,121,0,0,0,0
1983,122,0,0,0,0
1983,123,0,0,0,0.49
1983,124,0,0,0,0
1983,125,0,0,0,0
1983,126,0,0,0,0
1983,127,0,0,0,0
1983,128,0,0,0,0
1983,129,0,1,0,0
1983,130,45.212,33,60.78,2.695
1983,131,12.954,37,0,73.255
1983,132,0,0,0,0.245
1983,133,0,0,0,0
1983,134,5.08,10,7.93,0
1983,135,12.7,2,9.28,7.595
1983,136,0,0,0,2.94
1983,137,3.302,2,12.07,0.49
1983,138,23.114,15,15.97,3.675
1983,139,10.16,4,15.46,17.15
1983,140,50.292,36,30.51,18.865
1983,141,6.604,4,10.61,23.765
1983,142,0,0,0,9.555
1983,143,0,3,0,0.49
1983,144,0,0,0,0
1983,145,0,0,0,0
1983,146,0,0,0,0
1983,147,0,0,0,0
1983,148,7.62,4,5.3,0
1983,149,0,3,0,2.695
1983,150,17.272,20,35.1,0
1983,151,1.016,9,0,21.56
1983,152,0,0,0,0
1983,153,0,0,0,0
1983,154,13.462,2,5.02,0
1983,155,0,2,8.82,1.47
1983,156,0,4,5.47,5.635
1983,157,5.842,5,0,5.39
1983,158,0,0,0,0.49
1983,159,0,0,0,0
1983,160,0,0,0,0
1983,161,0,0,0,0
1983,162,0,0,0,0
1983,163,0,0,0,0
1983,164,0,0,0,0
1983,165,4.064,10,14.37,0
1983,166,0,1,4.66,2.94
1983,167,0,0,0,0.245
1983,168,0,0,0,0
1983,169,0,0,0,0
1983,170,0,0,0,0
1983,171,0,0,0,0
1983,172,0,0,0,0
1983,173,0,0,0,0
1983,174,3.81,5,0,0
1983,175,0,3,0,0.49
1983,176,25.4,3,7.51,0
1983,177,0,0,0,10.045
1983,178,0,0,0,0
1983,179,0,2,0,0
1983,180,0,4,0,0
1983,181,1.27,2,0,0.49
1983,182,0,0,0,0
1983,183,0,0,0,0
1983,184,0,0,0,0
1983,185,0,0,0,0
1983,186,20.574,14,16.97,1.225
1983,187,0,0,0,11.27
1983,188,0,0,0,0
1983,189,0,0,0,0
1983,190,0,0,0,0
1983,191,0,0,0,0
1983,192,0,0,0,0
1983,193,0,1,5.32,0
1983,194,1.524,4,3.43,6.37
1983,195,15.748,8,6.98,0.245
1983,196,0,11,10.15,3.43
1983,197,17.272,10,16.52,12.005
1983,198,0,0,0,5.39
1983,199,0,1,0,0
1983,200,6.604,4,16.91,2.205
1983,201,0,0,0,0.245
1983,202,0,0,0,0
1983,203,0,0,0,0
1983,204,0,0,0,0
1983,205,0,0,0,0
1983,206,0,0,0,0
1983,207,0,0,0,0
1983,208,0,0,0,0
1983,209,0,0,0,0
1983,210,0,1,0,0
1983,211,0,0,0,0
1983,212,0,0,0,0
1983,213,0,0,0,0
1983,214,0,9,0,0
1983,215,45.466,14,24.84,0
1983,216,2.794,1,6.86,28.42
1983,217,0,0,0,1.715
1983,218,0,3,0,0
1983,219,9.652,3,5.39,2.94
1983,220,0,3,0,0.49
1983,221,0,0,0,0
1983,222,2.286,0,0,0.245
1983,223,0,0,0,0
1983,224,0,0,0,0
1983,225,0,0,0,0
1983,226,0,0,0,0
1983,227,0,0,0,0
1983,228,0,0,0,0
1983,229,0,10,0,0
1983,230,56.642,37,48.17,3.43
1983,231,80.01,28,36.17,76.195
1983,232,0,0,0,6.37
1983,233,0,0,0,0
1983,234,0,0,0,0
1983,235,0,0,0,0
1983,236,0,0,0,0
1983,237,0,0,0,0
1983,238,0,0,0,0
1983,239,0,0,0,0
1983,240,0,0,0,0
1983,241,0,0,0,0
1983,242,0,0,0,0
1983,243,0,0,0,0
1983,244,11.176,5,6.07,6.37
1983,245,0,0,0,1.715
1983,246,0,0,0,0
1983,247,0,0,0,0
1983,248,0,0,0,0
1983,249,0,1,0,0
1983,250,0,5,0,0
1983,251,2.54,4,6.6,5.39
1983,252,0,1,0,5.88
1983,253,0,1,0,0
1983,254,0,0,0,0
1983,255,0,0,0,0
1983,256,6.35,7,0,0
1983,257,3.556,2,9.2,14.7
1983,258,0,0,0,0
1983,259,0,0,0,0
1983,260,0,2,0,0
1983,261,2.54,17,10.93,0
1983,262,7.874,5,12.73,19.355
1983,263,0,0,5,7.84
1983,264,0,0,0,0
1983,265,0,0,0,0
1983,266,0,0,0,0
1983,267,0,0,0,0
1983,268,0,0,0,0
1983,269,0,0,0,0
1983,270,0,0,0,0
1983,271,0,0,0,0
1983,272,0,0,0,0
1983,273,0,0,0,0
1983,274,0,0,0,0
1983,275,0,0,0,0
1983,276,0,4,0,0
1983,277,0,0,0,0
1983,278,1.27,0,0,0
1983,279,14.732,13,19.46,0
1983,280,3.302,8,10.56,7.84
1983,281,45.466,6,6.36,3.43
1983,282,0,1,0,4.9
1983,283,0,0,0,0
1983,284,27.432,9,14.95,0
1983,285,0,1,0,5.88
1983,286,0,0,0,0
1983,287,0,0,0,0
1983,288,0,0,0,0
1983,289,0,0,0,0
1983,290,0,1,0,0
1983,291,2.794,1,0,0
1983,292,0,5,3.71,4.655
1983,293,0,5,7.11,2.205
1983,294,11.938,0,0,1.715
1983,295,0,0,0,0
1983,296,0,0,0,0
1983,297,0,0,0,0
1983,298,0,0,0,0
1983,299,0,0,0,0
1983,300,0,0,0,0
1983,301,0,0,0,0
1983,302,0,0,0,0
1983,303,0,0,0,0
1983,304,0,0,0,0
1983,305,0,0,0,0
1983,306,0,4,0,0
1983,307,0,5,6.93,0
1983,308,5.588,6,7.26,6.125
1983,309,7.112,2,3.14,2.45
1983,310,0,2,2.67,2.695
1983,311,0,0,0,1.225
1983,312,0,0,0,0
1983,313,2.54,0,1.6,0.49
1983,314,0,0,0,0
1983,315,0,0,0,0
1983,316,0,0,0,0
1983,317,0,0,0,0
1983,318,0,0,0,0
1983,319,0,0,0,0
1983,320,0,0,0,0
1983,321,0,3,0,0
1983,322,0,0,0,0
1983,323,6.604,7,7.58,0
1983,324,0,0,0,7.595
1983,325,0,0,0,0
1983,326,11.43,8,17.03,0
1983,327,12.954,13,0,18.62
1983,328,0,0,0,0
1983,329,0,0,0,0
1983,330,4.826,5,8.14,0
1983,331,11.684,7,0,9.555
1983,332,0,0,0,0
1983,333,0,0,0,0
1983,334,0,0,0,0
1983,335,0,4,11.58,0
1983,336,4.064,5,11.62,0.735
1983,337,9.398,7,0,25.48
1983,338,0,0,0,0
1983,339,1.016,0,0,0.245
1983,340,0,2,0,0
1983,341,0,1,0,0
1983,342,0,0,0,0
1983,343,0,0,0,0
1983,344,0,3,0,1.225
1983,345,0,0,0,0
1983,346,0,0,0,0
1983,347,0,0,0,0
1983,348,0,0,0,0
1983,349,0,0,15.74,0
1983,350,0,14,9.12,9.065
1983,351,0,0,0,1.96
1983,352,0,0,0,0
1983,353,0,0,0,0
1983,354,0,0,0,0
1983,355,0,0,0,0.245
1983,356,0,0,0,0
1983,357,0,0,0,0
1983,358,0,0,0,0
1983,359,0,0,0,0
1983,360,0,0,0,0
1983,361,0,0,0,0.49
1983,362,0,0,0,0
1983,363,0,0,0,0
1983,364,0,0,0,0
1983,365,0,0,0,0
1984,1,0,1,0,0
1984,2,0,0,0,1.225
1984,3,0,0,0,0
1984,4,0.508,0,0,0
1984,5,0.254,0,0,0
1984,6,0,0,0,0
1984,7,0.254,1,0,0
1984,8,19.812,5,18.88,0
1984,9,24.638,19,14.76,25.48
1984,10,0.508,0,0,1.96
1984,11,0.254,0,0,0
1984,12,0,0,0,0
1984,13,0,0,0,0
1984,14,2.54,1,2.92,0
1984,15,0.254,1,1.63,1.96
1984,16,0.254,0,0,0
1984,17,0.254,0,0,0
1984,18,0.508,0,0,0
1984,19,0.254,0,0,0
1984,20,0,0,0,0
1984,21,0,0,0,0
1984,22,4.826,5,7.2,0
1984,23,1.27,2,0,7.35
1984,24,0,0,0,0
1984,25,0,0,0,0
1984,26,0,0,0,0
1984,27,0,0,0,0
1984,28,0.508,0,0,0
1984,29,0,0,0,0
1984,30,0,0,0,0
1984,31,0,0,0,0
1984,32,0,0,0,0
1984,33,0,0,0,0
1984,34,0,0,0,0
1984,35,0,0,0,0
1984,36,0,0,0,0
1984,37,0.254,0,0,0
1984,38,0,1,0,0
1984,39,3.81,1,4.29,0
1984,40,1.524,2,0,3.675
1984,41,0,0,0,0
1984,42,6.858,4,9.09,0
1984,43,9.906,4,0,5.39
1984,44,0.254,0,0,0
1984,45,0,0,0,0
1984,46,0,0,0,0.245
1984,47,0.254,0,0,0
1984,48,0.254,0,4.75,0
1984,49,5.08,5,0,3.92
1984,50,1.016,0,0,0
1984,51,0,1,1.85,0
1984,52,0.254,0,0,1.225
1984,53,0,0,0,0
1984,54,0,0,0,0
1984,55,0,2,0,0
1984,56,0,10,0,0
1984,57,11.684,6,14.94,2.205
1984,58,0,0,0,11.515
1984,59,0.762,0,0,0
1984,60,0,0,0,0
1984,61,0,0,0,0
1984,62,0,4,0,0
1984,63,14.478,21,0,0
1984,64,13.716,3,23.55,25.725
1984,65,0,0,7.44,3.43
1984,66,0.762,0,0,0
1984,67,0.254,0,0,0
1984,68,0.254,0,0,0
1984,69,0,5,0,0.49
1984,70,0.508,13,3.4,0
1984,71,25.908,26,24.66,34.545
1984,72,0.508,0,0,0
1984,73,0,0,0,0
1984,74,0,0,0,0
1984,75,0,0,0,0
1984,76,0,0,0,0
1984,77,2.794,2,0,0
1984,78,1.778,3,8.13,4.655
1984,79,0.254,0,0,0
1984,80,0,0,0,0
1984,81,0,1,0,0
1984,82,8.89,11,0,3.675
1984,83,0.508,0,15.44,5.635
1984,84,0,0,0,0
1984,85,0,0,0,0
1984,86,0,0,0,0
1984,87,0,0,0,0
1984,88,0.254,0,0,0
1984,89,0,0,0,0
1984,90,0,0,0,0
1984,91,0,1,0,0
1984,92,1.778,2,0,0
1984,93,0.254,0,5.35,6.125
1984,94,0.508,0,0,0
1984,95,0.254,0,0,0
1984,96,0,0,0,0
1984,97,14.224,12,0,0
1984,98,0.254,1,14.3,11.025
1984,99,0.254,0,0,0
1984,100,1.016,0,0,0
1984,101,0.254,0,0,0
1984,102,0,0,0,0
1984,103,0.254,0,0,0
1984,104,0,0,0,0
1984,105,0.254,0,0,0
1984,106,0.254,0,0,0
1984,107,0,0,0,0
1984,108,0,0,0,0
1984,109,0,0,0,0
1984,110,0,0,0,0
1984,111,0,0,0,0
1984,112,0,0,0,0
1984,113,0.254,0,0,0
1984,114,0,0,0,0
1984,115,0,0,0,0
1984,116,0,0,0,0
1984,117,0,0,0,0
1984,118,0,0,0,0
1984,119,0,0,0,0
1984,120,0,0,0,0
1984,121,0,1,0,0
1984,122,0,0,2.77,1.225
1984,123,1.016,0,0,0
1984,124,0.762,0,0,0
1984,125,0,0,0,0
1984,126,0,0,0,0
1984,127,0,0,0,0
1984,128,0,0,0,0
1984,129,0.254,0,0,0
1984,130,0,0,0,0
1984,131,0,0,0,0
1984,132,0,0,0,0
1984,133,0,0,0,0
1984,134,0,0,0,0
1984,135,0,0,0,0
1984,136,0,2,0,0
1984,137,0,4,0,2.45
1984,138,12.446,18,0,0
1984,139,28.448,5,12.11,18.375
1984,140,0.508,10,17.48,12.005
1984,141,0,2,0,0
1984,142,0,1,11.43,2.695
1984,143,0,0,0,0
1984,144,0,0,0,0
1984,145,0,0,0,0
1984,146,0,1,0,0
1984,147,0,1,0,0
1984,148,22.606,18,22.84,14.455
1984,149,0.508,0,0,0.245
1984,150,0.254,0,0,0
1984,151,0,0,0,0
1984,152,0.254,0,0,0
1984,153,0,0,0,0
1984,154,0,2,0,0
1984,155,9.906,26,0,0
1984,156,25.4,14,20.7,44.59
1984,157,7.112,4,19.77,15.435
1984,158,0,6,16.5,4.655
1984,159,0,4,0,0
1984,160,0.508,0,0,0
1984,161,0,2,0,0
1984,162,0,3,0,0
1984,163,17.272,0,0,0
1984,164,0.508,0,6.39,2.695
1984,165,0,0,0,0
1984,166,0,0,0,0
1984,167,0,0,0,0
1984,168,0,0,0,0
1984,169,0,0,0,0
1984,170,0,0,0,0
1984,171,0,0,0,0
1984,172,0,0,0,0
1984,173,0,0,0,0
1984,174,0,0,0,0
1984,175,0,0,0,0
1984,176,0,0,0,0
1984,177,0.254,4,0,0
1984,178,0.508,4,1.49,0
1984,179,6.096,5,5.26,9.31
1984,180,0.254,1,7.19,2.695
1984,181,0,0,0,0
1984,182,0,0,0,0
1984,183,0,0,0,0
1984,184,0,0,0,0
1984,185,0,0,0,0
1984,186,0.254,0,0,0
1984,187,0,0,0,0
1984,188,0,0,0,0
1984,189,0,0,0,0
1984,190,0,0,0,0
1984,191,0.508,0,0,0
1984,192,0.508,0,0,0
1984,193,0,0,0,0
1984,194,0,0,0,0
1984,195,0,0,0,0
1984,196,0,0,0,0
1984,197,0,0,0,0
1984,198,0,0,0,0
1984,199,0,0,0,0
1984,200,0.508,0,0,0
1984,201,0,0,0,0
1984,202,0,0,0,0
1984,203,0,0,0,0
1984,204,0,2,0,0
1984,205,42.926,19,13.11,26.215
1984,206,20.574,3,17.11,10.045
1984,207,20.828,8,0,0
1984,208,2.54,12,0,0.49
1984,209,0.254,0,15.65,17.885
1984,210,0,0,0,0
1984,211,0.508,0,0,0
1984,212,0,0,0,0
1984,213,0.254,0,0,0
1984,214,0,0,0,0
1984,215,0,0,0,0
1984,216,0,0,0,0
1984,217,0,0,0,0
1984,218,0,0,0,0
1984,219,0,0,0,0
1984,220,7.874,0,0,0
1984,221,0.508,0,0,0
1984,222,0.762,4,0,0
1984,223,12.954,16,0,0
1984,224,1.778,5,23.02,32.34
1984,225,0.254,2,16.63,7.105
1984,226,0,9,0,0
1984,227,0,0,0,6.615
1984,228,0,0,0,0
1984,229,0,0,0,0
1984,230,0,0,0,0
1984,231,0,0,0,0
1984,232,0.254,0,0,0
1984,233,0.508,0,0,0
1984,234,0,0,0,0
1984,235,0.254,0,0,0
1984,236,0,0,0,0
1984,237,0,0,0,0.735
1984,238,0.254,0,0,0
1984,239,0,0,0,0
1984,240,0,0,0,0
1984,241,0,0,0,0
1984,242,0,1,0,0
1984,243,0,0,0,0.49
1984,244,0,0,0,0
1984,245,0,4,0,0
1984,246,18.288,10,0,0
1984,247,0.508,3,16.75,20.09
1984,248,0.254,0,0,0
1984,249,0,0,0,0
1984,250,0,0,0,0
1984,251,0,0,0,0
1984,252,0,0,0,0
1984,253,0.508,0,0,0
1984,254,0.254,0,0,0
1984,255,0.254,0,0,0
1984,256,0,0,0,0
1984,257,0.254,0,0,0
1984,258,0,0,0,0
1984,259,0.508,0,0,0
1984,260,0.254,0,0,0
1984,261,0,0,0,0
1984,262,0,0,0,0
1984,263,0,0,0,0
1984,264,1.016,8,0,0
1984,265,0.508,2,8.91,3.43
1984,266,0,0,0,0
1984,267,0,0,0,0
1984,268,1.524,0,0,0
1984,269,0.254,0,0,0
1984,270,0,0,0,0
1984,271,6.096,7,0,0
1984,272,1.524,0,6.68,4.655
1984,273,0.508,0,0,0
1984,274,0.508,0,0,0
1984,275,0,0,0,0
1984,276,0,0,0,0
1984,277,0,1,0,0
1984,278,81.026,2,0,0.245
1984,279,49.53,38,14.52,5.635
1984,280,28.956,29,66.35,56.35
1984,281,0,1,0,0
1984,282,0,2,0,0
1984,283,0.762,7,2.92,1.715
1984,284,67.31,16,0,0
1984,285,2.794,6,27.93,33.565
1984,286,10.414,8,0,1.47
1984,287,5.588,9,11.57,12.495
1984,288,0.254,0,0,0
1984,289,0,1,0,0
1984,290,0.762,5,0,3.43
1984,291,48.514,16,0,0
1984,292,1.016,17,37.58,35.035
1984,293,7.112,20,0,4.165
1984,294,7.62,7,20.75,36.75
1984,295,2.54,4,11.83,11.025
1984,296,2.032,20,5.03,6.37
1984,297,8.89,7,2.81,2.695
1984,298,1.524,4,23.66,11.515
1984,299,0.508,8,3.08,1.715
1984,300,2.54,4,9.98,3.185
1984,301,0.254,2,8.2,6.37
1984,302,0.762,0,0,0
1984,303,0.508,0,0,0
1984,304,0,7,0,0
1984,305,25.4,16,0,0
1984,306,0.508,1,23.37,15.435
1984,307,0,0,0,0
1984,308,0,0,0,0
1984,309,0.508,0,0,0
1984,310,0,0,0,0
1984,311,0,0,0,0
1984,312,0,0,0,0
1984,313,0,0,0,0
1984,314,0,0,0,0
1984,315,0.508,0,0,0
1984,316,0,0,0,0
1984,317,0,0,0,0
1984,318,0,0,0,0
1984,319,9.652,2,0,0
1984,320,0.254,1,0,0
1984,321,3.81,9,0,0
1984,322,19.304,12,19.81,18.62
1984,323,0.254,0,0,0
1984,324,0,0,0,0
1984,325,0.254,0,0,0
1984,326,0.254,0,0,0
1984,327,0,0,0,0
1984,328,17.018,11,0,0
1984,329,1.524,15,17.42,16.415
1984,330,19.304,5,0,0
1984,331,1.778,0,12.47,8.33
1984,332,0.254,0,0,0
1984,333,0.508,0,0,0
1984,334,0.508,0,0,0
1984,335,0.508,0,0,0
1984,336,0,0,0,0
1984,337,0.254,0,0,0
1984,338,18.288,10,4.61,2.45
1984,339,15.24,5,20.48,18.865
1984,340,0.254,0,0,0
1984,341,0.254,0,0,0
1984,342,0,0,0,0
1984,343,0,0,0,0
1984,344,0,0,0,0
1984,345,0,0,0,0
1984,346,0,0,0,0
1984,347,40.64,27,0,2.45
1984,348,13.462,2,24.73,22.295
1984,349,13.462,14,6.34,9.8
1984,350,16.51,7,19.98,22.05
1984,351,8.89,24,0,4.165
1984,352,2.286,4,30.14,10.29
1984,353,0,0,0,0
1984,354,0,0,0,0
1984,355,0,0,0,0
1984,356,0.508,0,0,0
1984,357,0,0,0,0
1984,358,0.254,0,0,0
1984,359,0.254,0,0,0
1984,360,0,0,0,0
1984,361,0,0,0,0
1984,362,0,0,1.06,0.49
1984,363,0,0,0,0
1984,364,1.016,7,0,0
1984,365,23.368,25,17.81,13.23
1985,1,0,0,3.37,17.15
1985,2,0,4,3.91,1.96
1985,3,0,0,0,2.205
1985,4,0,0,0,0
1985,5,0,0,0,0
1985,6,0,0,0,0
1985,7,0,0,0,0
1985,8,1.016,1,0,0
1985,9,0,1,2.28,1.225
1985,10,1.016,0,0,0.49
1985,11,0,0,0,0
1985,12,0.508,4,2.03,0
1985,13,1.778,1,4.16,2.45
1985,14,1.778,3,0,3.185
1985,15,0.508,1,7.59,0
1985,16,14.732,26,13.27,10.78
1985,17,0.508,0,0,9.8
1985,18,0,0,0,0
1985,19,0.508,0,0,0
1985,20,0.762,0,0,0
1985,21,0,0,0,0
1985,22,0,0,0,0
1985,23,0,0,0,0
1985,24,0,0,0,0
1985,25,0,0,0,0
1985,26,0,2,3.6,0
1985,27,0,5,5.41,0.98
1985,28,0,0,0,4.9
1985,29,0.254,0,0,0
1985,30,0,0,0,0
1985,31,1.016,0,0,0
1985,32,0,3,6.86,0
1985,33,2.032,0,0,8.085
1985,34,0.254,0,0,0
1985,35,4.572,6,6.08,0
1985,36,0.254,0,0,1.96
1985,37,0,0,0,0
1985,38,0,0,0,0
1985,39,0.254,0,0,0
1985,40,0,2,0,0
1985,41,6.096,6,10.77,0
1985,42,0.254,0,0,14.455
1985,43,0,0,0,0
1985,44,0,0,0,0
1985,45,0,0,0,0
1985,46,0,0,0,0
1985,47,0,0,0,0
1985,48,0,0,0,0
1985,49,0,0,0,0
1985,50,0,0,0,0
1985,51,0,0,0,0
1985,52,0,4,5.48,0
1985,53,2.286,3,37.93,4.165
1985,54,89.916,35,13.78,46.305
1985,55,0.508,0,0,2.205
1985,56,0,0,0,0
1985,57,0,0,0,0
1985,58,0,5,0,0.735
1985,59,12.446,6,10.85,0
1985,60,0,0,0,14.7
1985,61,0,0,0,0
1985,62,0,1,3.87,0
1985,63,6.604,2,0,1.715
1985,64,0.254,0,0,0
1985,65,0,0,0,0
1985,66,0,0,0,0
1985,67,0,0,0,0
1985,68,0,0,0,0
1985,69,0,0,0,0
1985,70,0,0,0,0
1985,71,0,4,0,0
1985,72,15.748,14,28.09,0
1985,73,10.16,16,0,17.15
1985,74,0,0,0,0.49
1985,75,0,0,0,0
1985,76,0.254,0,0,0
1985,77,0.254,0,0,0
1985,78,0,3,29.37,0
1985,79,35.814,33,6.61,36.505
1985,80,2.54,1,0,2.45
1985,81,0.254,0,0,0.49
1985,82,0,2,0,0
1985,83,0,0,0,2.45
1985,84,0,0,0,0
1985,85,5.588,0,20.68,0
1985,86,2.032,19,0,16.66
1985,87,0,0,0,0
1985,88,0,1,3.13,0
1985,89,5.334,1,0,1.47
1985,90,0.508,0,0,0
1985,91,0,0,0,0
1985,92,0,0,0,0
1985,93,0,0,0,0
1985,94,0,0,0,0
1985,95,0,0,0,0
1985,96,0,0,0,0
1985,97,0,0,0,0
1985,98,0,0,0,0
1985,99,0,0,0,0
1985,100,0,0,0,0
1985,101,6.858,0,0,0
1985,102,0.254,0,0,0
1985,103,0.508,2,0.89,0
1985,104,0.254,0,0,4.165
1985,105,0.254,0,0,0
1985,106,0,0,0,0
1985,107,0,0,0,0
1985,108,0,0,0,0
1985,109,0,0,0,0
1985,110,0,3,0,0
1985,111,0,10,0,0
1985,112,3.81,17,25.47,0
1985,113,0.508,0,0,19.6
1985,114,1.27,0,0,0
1985,115,0.508,0,0,0
1985,116,0.254,0,0,0.49
1985,117,0,2,19.91,0
1985,118,3.302,15,9.9,0
1985,119,1.27,4,6.83,3.185
1985,120,3.302,2,12.46,2.695
1985,121,0.508,5,0,12.495
1985,122,0.254,0,0,0
1985,123,0,0,0,0
1985,124,0.508,0,0,0
1985,125,0,0,0,0
1985,126,0,0,0,0
1985,127,0,2,0,0
1985,128,18.034,11,14.5,0
1985,129,0.254,0,0,14.7
1985,130,0,0,0,0
1985,131,0,0,0,0
1985,132,0,1,0,0
1985,133,60.198,34,32.98,0
1985,134,0.762,4,0,33.565
1985,135,0,0,0,0
1985,136,0,0,0,0
1985,137,0,0,0,1.225
1985,138,0.254,0,0,0
1985,139,0.254,0,0,0
1985,140,0,3,15.07,0
1985,141,23.114,24,0,18.865
1985,142,2.286,3,5.78,2.205
1985,143,0.762,0,0,2.695
1985,144,0.254,0,0,0
1985,145,0.254,0,0,0
1985,146,0,0,0,0
1985,147,0,0,0,0
1985,148,0,0,0,0
1985,149,0.254,0,0,0
1985,150,0.508,0,0,0
1985,151,0,0,0,0
1985,152,0,0,0,0
1985,153,0,0,0,0
1985,154,0,0,0,0
1985,155,0,0,0,0
1985,156,0.254,19,57.15,0
1985,157,89.662,29,19.06,44.59
1985,158,0,0,0,9.555
1985,159,0,0,0,0
1985,160,0,0,0,0
1985,161,0,0,0,0
1985,162,0,0,0,0
1985,163,0.762,0,0,0
1985,164,0.254,0,0,0
1985,165,0,0,0,0
1985,166,0,0,0,0
1985,167,0,0,0,0
1985,168,0,1,0,0
1985,169,14.478,6,18.97,0
1985,170,0,0,0,1.225
1985,171,0.508,0,0,0
1985,172,0,6,0,0
1985,173,1.524,16,19.19,0.735
1985,174,0,6,5.89,3.92
1985,175,2.286,2,8.9,9.555
1985,176,0,0,0,2.205
1985,177,0.254,0,0,0
1985,178,0,2,0,0
1985,179,0.508,0,0,0
1985,180,0.508,0,0,0
1985,181,0,0,0,0
1985,182,0,0,0,0
1985,183,0,0,0,0
1985,184,0,3,0,0
1985,185,0.254,2,0,6.37
1985,186,0.508,0,0,4.165
1985,187,0,0,0,0
1985,188,0,4,0,0
1985,189,0,0,0,0.245
1985,190,0,0,0,0.49
1985,191,0,2,0,0
1985,192,30.48,10,18.23,0
1985,193,0,6,0,17.15
1985,194,0,0,0,0
1985,195,0,0,0,0
1985,196,0,0,0,0
1985,197,0,0,0,0
1985,198,0,0,0,0
1985,199,0,0,0,0
1985,200,0,3,0,0
1985,201,0,2,7.74,3.92
1985,202,0,5,0,3.92
1985,203,0,0,0,0
1985,204,0,1,0,0
1985,205,0,0,0,0
1985,206,0.254,0,0,0
1985,207,0.508,0,0,0
1985,208,0.254,0,0,0
1985,209,0,0,0,0
1985,210,0,0,0,0
1985,211,0,0,0,0
1985,212,0,0,0,0
1985,213,0,0,0,0
1985,214,0,0,0,0
1985,215,0,0,0,0
1985,216,0,0,0,0
1985,217,0,0,0,0
1985,218,0,0,0,0
1985,219,0,1,0,0
1985,220,0,0,0,0
1985,221,0,0,0,0
1985,222,0,0,0,0
1985,223,0,0,0,0
1985,224,0,0,0,0
1985,225,0,0,0,0
1985,226,0,0,0,0
1985,227,0,1,0,0
1985,228,0,1,0,0
1985,229,0,0,0,3.92
1985,230,0,0,0,0
1985,231,0,0,0,0
1985,232,0,0,0,0
1985,233,0.254,0,0,0
1985,234,0,0,0,0
1985,235,0,3,0,0
1985,236,6.604,6,13.04,0
1985,237,0,0,0,3.675
1985,238,0.254,0,0,0
1985,239,0.762,0,0,0
1985,240,0.508,0,0,0
1985,241,0,0,0,0
1985,242,0,0,0,0
1985,243,0,0,0,0
1985,244,0,0,0,0
1985,245,0,0,0,0
1985,246,0,0,0,0
1985,247,0,0,0,0
1985,248,0,2,3.82,0
1985,249,0,1,0,7.35
1985,250,0,0,0,0
1985,251,0,0,0,0
1985,252,6.35,14,21.6,0
1985,253,1.778,0,0,11.27
1985,254,0,1,0,0
1985,255,3.556,1,0,2.45
1985,256,0.254,2,24.93,0
1985,257,12.192,20,5.82,5.39
1985,258,0.254,0,0,0.245
1985,259,0,0,0,0
1985,260,0,0,0,0
1985,261,0,0,0,0
1985,262,0,0,0,0
1985,263,0,0,0,0
1985,264,0.254,0,0,0
1985,265,0,0,0,0
1985,266,0,0,0,0
1985,267,0.762,0,0,0
1985,268,0,0,0,0
1985,269,0.254,0,0,0
1985,270,0.508,4,0,0
1985,271,30.226,26,30.12,0
1985,272,82.804,51,56.61,26.46
1985,273,0.762,1,0,60.025
1985,274,0,0,0,0
1985,275,0,0,0,0
1985,276,0,0,0,0
1985,277,0,0,0,0
1985,278,0,0,0,0
1985,279,0.254,0,0,0
1985,280,0,0,0,0
1985,281,0,0,0,0
1985,282,0,0,0,0
1985,283,33.02,4,9.28,0
1985,284,0.254,5,0,4.9
1985,285,0,0,0,0
1985,286,0,1,0,0
1985,287,32.512,18,37.87,0
1985,288,6.096,17,0,31.115
1985,289,0,0,0,0
1985,290,7.62,13,22.5,0
1985,291,2.794,43,36.93,17.885
1985,292,66.294,26,33.2,18.62
1985,293,0,0,0,17.64
1985,294,6.096,1,3.04,0.735
1985,295,0.254,3,0,3.675
1985,296,0,0,0,1.96
1985,297,0,0,0,0
1985,298,0,0,0,0
1985,299,0.254,1,0,0
1985,300,0.254,4,0,0
1985,301,0.762,12,10.87,0
1985,302,8.128,3,6.41,7.35
1985,303,0.762,3,4.5,1.96
1985,304,1.27,0,0,2.695
1985,305,7.366,5,9.53,0
1985,306,3.048,2,0,9.065
1985,307,0,2,0,0
1985,308,0,0,0,0
1985,309,0,0,0,0
1985,310,0,0,0,0
1985,311,0,0,0,0
1985,312,0,0,0,0
1985,313,0,0,0,0
1985,314,2.286,15,19.93,0
1985,315,2.54,7,8.33,9.065
1985,316,0,0,0,1.96
1985,317,0,0,0,0
1985,318,0,3,7.52,0.245
1985,319,14.732,6,4.74,6.125
1985,320,11.684,4,9.8,1.96
1985,321,5.588,6,7.67,6.86
1985,322,1.27,0,0,3.43
1985,323,13.716,3,4.56,0.98
1985,324,1.016,0,0,5.635
1985,325,0,0,0,0
1985,326,0,0,0,0
1985,327,4.572,2,70.13,0
1985,328,47.244,51,9.17,103.635
1985,329,5.842,2,1.64,8.82
1985,330,8.89,12,40.81,0.735
1985,331,52.324,35,11.26,41.65
1985,332,0,0,0,10.045
1985,333,0,1,0,0
1985,334,8.89,5,11.57,0
1985,335,2.54,2,0,2.695
1985,336,0.508,0,0,0
1985,337,0,0,0,0
1985,338,0,0,0,0
1985,339,0,0,0,0
1985,340,0,0,0,0
1985,341,0,0,0,0
1985,342,0,0,0,0
1985,343,0,1,0,0
1985,344,99.568,43,63.01,0
1985,345,50.038,24,7.98,63.455
1985,346,1.778,3,10.08,3.185
1985,347,0.508,0,0,5.88
1985,348,0.254,0,0,0
1985,349,0.254,0,0,0
1985,350,0,0,0,0
1985,351,0,0,0,0
1985,352,0,0,0,0
1985,353,0,0,0,0
1985,354,0,0,0,0
1985,355,0,0,0,0
1985,356,0,0,0,0
1985,357,0,0,0,0
1985,358,0,0,0,0
1985,359,0,0,0,0
1985,360,0,0,0,0
1985,361,0,0,0,0
1985,362,0,0,0,0
1985,363,0,1,0,0
1985,364,0,0,0,0
1985,365,0,0,0,0
1986,1,0,0,0,0
1986,2,0,0,0,0
1986,3,0,0,0,0
1986,4,0,0,0,0
1986,5,0,0,0,0
1986,6,0,0,0,0
1986,7,0,0,0,0
1986,8,0,1,0,0.735
1986,9,0.254,0,0,1.47
1986,10,0.254,0,0,0
1986,11,0,0,0,0
1986,12,0,0,0,0
1986,13,0,0,0,0
1986,14,0,0,0,0
1986,15,0,0,0,0
1986,16,2.032,2,9.95,0
1986,17,4.318,8,0,16.66
1986,18,0.508,0,0,0.98
1986,19,0.508,0,0,0
1986,20,0,0,0,0
1986,21,0,0,0,0
1986,22,0.254,0,0,0
1986,23,0.254,0,0,0
1986,24,0,0,0,0
1986,25,0,0,0,0
1986,26,0,0,0,0
1986,27,0.508,0,0,0
1986,28,0,0,0,0
1986,29,0,0,0,0
1986,30,0.508,0,0,0
1986,31,0,0,0,0
1986,32,0,0,0,0
1986,33,0,8,22.83,0
1986,34,195.834,73,83.93,9.31
1986,35,1.778,8,0,70.56
1986,36,1.524,2,4.94,0
1986,37,0.508,0,0,0.98
1986,38,0.254,0,0,0
1986,39,0.254,2,3.63,0
1986,40,11.176,8,8.23,1.47
1986,41,0.254,0,0,9.8
1986,42,0.762,0,0,0
1986,43,0,0,0,0
1986,44,0,0,0,0
1986,45,0,0,0,0
1986,46,0,0,0,0
1986,47,0,0,0,0
1986,48,0,0,0,0
1986,49,0,0,0,0
1986,50,0,0,0,0
1986,51,0,0,0,0
1986,52,0.254,0,0,0
1986,53,0,0,0,0
1986,54,0,0,0,0
1986,55,0,0,0,0
1986,56,0,0,0,0
1986,57,0,0,0,0
1986,58,0.254,0,0,0
1986,59,2.286,0,0,0
1986,60,0.762,0,0,0
1986,61,0,4,0,0
1986,62,6.858,3,6.9,0
1986,63,0.254,0,0,4.41
1986,64,0.254,0,0,0
1986,65,0,0,0,0
1986,66,0,0,0,0
1986,67,0,0,0,0
1986,68,0,0,0,0
1986,69,0,0,0,0.49
1986,70,1.524,1,1.9,0
1986,71,0.508,1,0,2.205
1986,72,0.508,0,0,0
1986,73,0.508,0,0,0.49
1986,74,0.254,1,0,0
1986,75,0.762,0,0,0
1986,76,0,1,4.7,0
1986,77,4.826,3,0,3.43
1986,78,0.508,0,0,0
1986,79,1.27,0,0,0
1986,80,1.016,0,0,0
1986,81,0,0,0,0
1986,82,0,0,0,0
1986,83,0,0,0,0
1986,84,0,0,0,0
1986,85,0,0,0,0
1986,86,0,0,0,0
1986,87,0,0,0,0
1986,88,0.508,0,0,0
1986,89,0,0,0,0
1986,90,0,0,0,0
1986,91,0,0,0,0
1986,92,0,2,0,0
1986,93,5.08,3,7.41,0
1986,94,0.254,1,3.03,4.165
1986,95,4.318,1,0,0.49
1986,96,0.254,0,0,0
1986,97,0,0,0,0
1986,98,0.254,2,4.88,0
1986,99,20.574,13,46.32,2.205
1986,100,37.338,24,10.94,46.305
1986,101,0.254,0,0,9.065
1986,102,0,0,0,0
1986,103,0,0,0,0
1986,104,0.254,0,0,0
1986,105,0.762,0,0,0
1986,106,0,0,0,0
1986,107,0,0,0,0
1986,108,0,3,0,0
1986,109,18.288,8,12.73,0
1986,110,0.508,0,0,6.86
1986,111,0.254,0,0,0
1986,112,0.254,0,0,0
1986,113,0,0,0,0
1986,114,0,0,0,0
1986,115,0,0,0,0
1986,116,0,4,0,0
1986,117,19.05,7,13.12,0
1986,118,1.524,0,0,11.76
1986,119,0,0,0,0
1986,120,48.768,18,48.36,0
1986,121,21.844,40,17.87,57.575
1986,122,6.35,11,16.06,16.17
1986,123,0.508,0,0,3.675
1986,124,0,0,0,0
1986,125,0,0,0,0
1986,126,0,0,0,0
1986,127,0,0,0,0
1986,128,0,10,21.17,0
1986,129,17.78,28,16.79,5.88
1986,130,50.292,13,20.47,16.415
1986,131,0.508,0,0,20.58
1986,132,0.254,0,0,0
1986,133,0,0,0,0
1986,134,0.762,0,9.51,0
1986,135,0.508,1,0,0.735
1986,136,0,1,0,0
1986,137,21.336,32,31.39,0
1986,138,0.254,0,0,26.46
1986,139,0.254,0,0,0
1986,140,1.016,0,0,0
1986,141,0.254,0,0,0
1986,142,0,0,0,0
1986,143,0,0,0,0
1986,144,0,0,0,0
1986,145,0,0,0,0.98
1986,146,0,0,0,0
1986,147,0,0,0,0
1986,148,0.254,0,0,0
1986,149,0.508,4,0,0
1986,150,13.462,21,24.56,0
1986,151,0.254,15,10.61,6.86
1986,152,8.89,11,11.37,9.065
1986,153,0.254,0,4.75,5.88
1986,154,0.762,2,0,0.98
1986,155,0,4,0,0
1986,156,25.908,32,21.98,0
1986,157,0,16,19.89,29.89
1986,158,0,3,0,27.44
1986,159,0.254,4,0,5.145
1986,160,0.508,0,0,0.245
1986,161,0,4,33.92,0.735
1986,162,39.624,46,18.99,23.52
1986,163,0,0,0,16.17
1986,164,0,0,0,0
1986,165,0,0,0,0
1986,166,0,6,0,0
1986,167,5.08,3,7.81,0
1986,168,0.254,1,0,5.145
1986,169,0,3,0,0
1986,170,0,1,0,0
1986,171,0,0,0,0
1986,172,0,0,0,0
1986,173,0,0,0,0
1986,174,0,0,0,0
1986,175,0,0,0,0
1986,176,0,0,0,0
1986,177,0,2,6.28,0
1986,178,0,0,0,0.98
1986,179,0,0,0,0
1986,180,0,0,0,0
1986,181,0.254,0,0,0
1986,182,0.254,0,0,0
1986,183,0,8,0,0
1986,184,0,2,0,0
1986,185,0,0,0,0
1986,186,0,0,0,0
1986,187,0,1,0,0
1986,188,0,0,0,0
1986,189,0,0,0,0
1986,190,0,0,0,0
1986,191,0,0,0,0
1986,192,0,0,0,0
1986,193,0,0,0,0
1986,194,0,0,0,0
1986,195,0,0,0,0
1986,196,0,0,0,0
1986,197,0,0,0,0
1986,198,0,0,0,0
1986,199,0,0,0,0
1986,200,0,0,0,0
1986,201,0,0,0,0
1986,202,0,3,0,0
1986,203,0,1,0,0
1986,204,0,0,0,0
1986,205,0,0,0,0
1986,206,0,0,0,0
1986,207,0,0,0,0
1986,208,0,0,0,0
1986,209,0,0,0,0
1986,210,0.762,0,0,0
1986,211,0.508,0,0,0
1986,212,0,0,0,0
1986,213,0,0,0,0
1986,214,0,0,0,0
1986,215,8.89,2,0,0
1986,216,0.254,0,0,0
1986,217,0,0,0,0
1986,218,0,0,0,0.49
1986,219,0,0,0,0
1986,220,0,0,0,0
1986,221,0,0,0,0
1986,222,4.572,13,0,0
1986,223,2.54,3,5.69,20.825
1986,224,0.254,0,0,4.9
1986,225,0,0,0,0
1986,226,0,0,0,0
1986,227,0,0,0,0
1986,228,0,0,0,0
1986,229,0,0,0,0
1986,230,0,0,0,0
1986,231,0,0,0,0
1986,232,0,0,0,0
1986,233,0,0,0,0
1986,234,0,0,0,0
1986,235,9.906,11,11.07,0
1986,236,0.508,5,5.6,10.78
1986,237,0.254,0,0,6.86
1986,238,0,0,0,0
1986,239,0.508,8,18.11,0
1986,240,7.112,15,5.29,21.315
1986,241,0.508,0,0,2.205
1986,242,0.254,0,0,0
1986,243,0,0,2.42,0
1986,244,2.032,19,10.02,1.96
1986,245,7.112,9,18.66,8.085
1986,246,0,2,0,3.92
1986,247,8.382,6,0,0
1986,248,9.398,33,25.16,9.8
1986,249,19.812,10,17.28,31.115
1986,250,0,4,0,13.965
1986,251,0,1,0,9.31
1986,252,0,0,0,1.715
1986,253,0,0,0,0
1986,254,6.35,2,0,0
1986,255,0.508,5,0,14.945
1986,256,0,1,0,0
1986,257,0.254,0,0,0
1986,258,0,1,0,0
1986,259,0,0,0,0
1986,260,0,0,0,0
1986,261,0,2,0,0
1986,262,0,1,0,0
1986,263,0,2,0,0
1986,264,0,0,0,0.49
1986,265,0,1,0,0
1986,266,0,0,0,1.47
1986,267,0,0,0,0
1986,268,0,0,0,0
1986,269,0,0,0,0
1986,270,0,0,0,0
1986,271,0,5,4.6,0
1986,272,0,0,0,4.9
1986,273,0,0,0,0
1986,274,0,0,0,0
1986,275,0,0,0,0
1986,276,0,4,0,0
1986,277,9.398,6,11.88,0
1986,278,3.302,24,20.49,14.7
1986,279,30.48,36,27.55,16.17
1986,280,22.606,5,13.9,18.375
1986,281,0.762,4,0,9.31
1986,282,0,0,0,0
1986,283,0,0,0,0
1986,284,3.556,10,12.73,0
1986,285,14.478,8,3.13,13.72
1986,286,0.508,0,0,6.125
1986,287,0.254,0,0,0
1986,288,0.762,0,0,0
1986,289,0,0,0,0
1986,290,0,0,0,0
1986,291,0,0,0,0
1986,292,0,0,0,0
1986,293,0,0,0,0
1986,294,0.508,3,7.26,0
1986,295,8.89,12,20.33,9.065
1986,296,35.052,39,31.36,19.845
1986,297,1.524,9,0,34.79
1986,298,0,0,0,0
1986,299,0.508,0,0,0
1986,300,0,0,0,0
1986,301,0,0,0,0
1986,302,1.524,0,0,0
1986,303,0.254,0,0,0
1986,304,0.254,0,0,0
1986,305,0,0,0,0
1986,306,0,0,0,0
1986,307,0,3,14.22,0
1986,308,26.416,27,24.45,2.695
1986,309,1.524,0,0,22.05
1986,310,0.254,0,2.23,0
1986,311,0.254,3,6.16,1.225
1986,312,0,0,0,0.98
1986,313,0.508,1,0,0
1986,314,0,1,3.21,0.49
1986,315,0,3,0,1.225
1986,316,0,2,6.95,0
1986,317,0,0,0,3.185
1986,318,0,0,0,0
1986,319,0,0,0,0
1986,320,0,0,0,0
1986,321,0,0,0,0
1986,322,0,1,0,0
1986,323,0,1,3.27,0
1986,324,0,2,0,1.715
1986,325,0,0,6.51,0
1986,326,0,4,0,1.47
1986,327,4.826,11,10.62,0
1986,328,25.4,23,50.67,3.185
1986,329,13.462,20,14.39,60.515
1986,330,0.254,0,0,0.245
1986,331,0.254,0,0,0
1986,332,0.254,0,0,0
1986,333,2.032,0,0,0
1986,334,0,0,0,0
1986,335,0,0,0,0
1986,336,0,0,0,0
1986,337,0,0,0,0
1986,338,0.254,0,0,0
1986,339,0,0,0,0
1986,340,0.254,2,5.83,0
1986,341,8.89,7,5.51,4.41
1986,342,6.604,2,18.87,3.43
1986,343,3.048,14,6.28,25.725
1986,344,1.016,3,5.29,2.94
1986,345,4.064,4,8.59,4.9
1986,346,0.254,2,0,4.9
1986,347,0,0,4.86,0
1986,348,28.448,23,31.23,3.92
1986,349,10.16,8,3.53,32.83
1986,350,0.254,0,0,0.735
1986,351,0.254,1,14.65,0
1986,352,20.828,14,10.26,14.945
1986,353,3.302,1,0,0.245
1986,354,0.254,0,0,0
1986,355,6.35,11,18.31,0
1986,356,46.482,34,33.55,16.66
1986,357,5.588,3,0,26.95
1986,358,1.778,0,0,0
1986,359,0,0,0,0
1986,360,0,0,0,0
1986,361,0,0,0,0
1986,362,0,0,0,0
1986,363,0,0,0,0
1986,364,0.254,0,0,0
1986,365,0,0,0,0
1987,1,0,0,0,0
1987,2,0,0,0,0
1987,3,0,1,0,0
1987,4,0,0,0,0
1987,5,0,0,0,0
1987,6,0,0,0,0
1987,7,0,0,0,0
1987,8,0,2,7.58,0.98
1987,9,3.302,8,0,6.125
1987,10,0.762,0,0,0
1987,11,0.508,0,0,0
1987,12,0,0,0,0
1987,13,0,0,0,0
1987,14,0,0,0,0
1987,15,1.524,0,0,0
1987,16,1.27,2,3.69,0
1987,17,28.956,16,19.6,2.45
1987,18,1.27,4,0,16.17
1987,19,0.762,0,0,0
1987,20,0,0,0,0
1987,21,0,0,0,0
1987,22,0.508,0,0,0
1987,23,0,0,0,0
1987,24,0,0,0,0
1987,25,0,0,0,0
1987,26,0,0,0,0
1987,27,0,0,0,0
1987,28,0,0,0,0
1987,29,1.016,0,0,0
1987,30,0.508,0,0,0
1987,31,0.254,0,0,0
1987,32,1.778,1,0,0.245
1987,33,2.032,0,0,0.49
1987,34,0.762,0,0,0
1987,35,0,0,0,0
1987,36,0,1,1.79,0
1987,37,1.524,1,1.61,0.735
1987,38,0.508,0,0,0.735
1987,39,0.762,0,0,0
1987,40,0,0,0,0
1987,41,0,0,0,0
1987,42,0,0,0,0
1987,43,0,0,0,0
1987,44,0,0,0,0
1987,45,9.398,3,10.92,0
1987,46,2.794,6,0,13.23
1987,47,0,2,0,1.96
1987,48,4.064,0,0,0
1987,49,0,0,0,0
1987,50,2.286,8,22.55,0
1987,51,20.066,18,5.1,22.295
1987,52,0,0,0,2.45
1987,53,0.254,2,0,0
1987,54,1.524,2,17.6,0
1987,55,15.494,16,2.95,21.07
1987,56,10.668,11,15.07,0.98
1987,57,8.382,7,4.19,11.515
1987,58,13.462,6,10.47,2.695
1987,59,0.762,5,0,11.27
1987,60,0.254,0,0,0
1987,61,0.508,0,0,0
1987,62,0.254,0,0,0
1987,63,1.016,0,0,0
1987,64,0.762,0,0,0
1987,65,0.254,0,0,0
1987,66,1.27,0,0,0
1987,67,0,0,0,0
1987,68,0,0,0,0
1987,69,0,3,11.38,0
1987,70,12.192,8,3.41,9.065
1987,71,3.556,2,0,0.735
1987,72,0,0,0,0
1987,73,0,0,0,0
1987,74,0,2,0,0
1987,75,0,15,33.06,8.33
1987,76,21.336,18,0,27.93
1987,77,0.508,0,0,0
1987,78,0,0,0,0
1987,79,0,0,0,0
1987,80,0,0,0,0
1987,81,0,0,5.37,0
1987,82,4.572,5,0,6.125
1987,83,0,0,0,0
1987,84,0,0,0,0
1987,85,0,0,0,0
1987,86,2.794,0,0,0
1987,87,0,1,0,0
1987,88,1.27,2,2.52,1.225
1987,89,1.27,0,0,0.245
1987,90,0.254,0,0,0
1987,91,0,0,0,0
1987,92,3.81,0,0,0
1987,93,0,0,0,0
1987,94,0,2,0,0
1987,95,7.366,6,11.24,0
1987,96,1.016,0,0,13.965
1987,97,0.254,0,0,0
1987,98,0.254,0,0,0
1987,99,0,0,0,0
1987,100,0,0,0,0
1987,101,0,0,0,0
1987,102,0,0,0,0
1987,103,12.446,17,19.72,1.47
1987,104,0.508,0,0,12.74
1987,105,0,0,0,0
1987,106,0,0,0,0
1987,107,0,0,0,0
1987,108,0,0,0,0
1987,109,0,0,0,0
1987,110,0,0,0,0
1987,111,0,0,0,0
1987,112,0,0,0,0
1987,113,0,0,0,0
1987,114,0,0,0,0
1987,115,0,0,0,0
1987,116,0,0,0,0
1987,117,0,0,0,0
1987,118,0,0,0,0
1987,119,0,0,0,0
1987,120,0,0,0,0
1987,121,0.508,0,0,0
1987,122,0,2,0,0
1987,123,89.154,16,30.12,0
1987,124,0.762,13,0,22.785
1987,125,0.254,0,0,0.245
1987,126,0.508,0,0,0
1987,127,0,0,0,0
1987,128,3.048,7,7.48,0
1987,129,3.302,1,0,1.715
1987,130,0.762,0,0,0
1987,131,0.254,0,0,0
1987,132,0,0,0,0
1987,133,0.254,0,0,0
1987,134,0,2,0,0
1987,135,0,7,4.77,4.655
1987,136,0.254,1,3.45,0
1987,137,0.508,0,0,2.94
1987,138,0,6,0,0
1987,139,3.048,9,16,0
1987,140,0.254,0,0,9.065
1987,141,0.254,0,0,0
1987,142,0.254,0,0,0
1987,143,5.588,2,0,0
1987,144,1.27,6,5.3,2.695
1987,145,0.254,0,0,2.695
1987,146,0.254,0,0,0
1987,147,1.016,2,15.76,0
1987,148,7.62,22,36.44,0
1987,149,38.1,21,14.63,38.465
1987,150,0,2,1.58,16.17
1987,151,19.558,15,0,2.205
1987,152,0.254,4,0,39.2
1987,153,19.304,12,15.2,0
1987,154,97.028,21,16.91,20.58
1987,155,1.778,2,0,21.07
1987,156,0.508,0,0,0
1987,157,0.254,0,0,0
1987,158,0,8,0,0
1987,159,13.462,11,18.53,8.575
1987,160,5.842,18,11.68,18.13
1987,161,16.002,14,13.4,9.555
1987,162,16.002,15,10.03,12.74
1987,163,52.07,41,46.19,17.15
1987,164,1.016,8,0,64.925
1987,165,0.254,1,0,0.98
1987,166,0,3,0,0
1987,167,0.254,0,0,1.47
1987,168,9.652,5,8.61,0
1987,169,1.778,8,0,19.6
1987,170,9.398,1,0,0
1987,171,1.016,0,0,0
1987,172,0,0,0,0
1987,173,0.254,0,0,0
1987,174,0,0,0,0
1987,175,0.254,0,0,0
1987,176,0.762,0,0,0
1987,177,0.254,0,0,0
1987,178,0.254,0,0,0
1987,179,0,0,0,0
1987,180,0,0,0,0
1987,181,0,3,0,0
1987,182,0,7,0,0
1987,183,17.018,8,13.4,0
1987,184,0,0,0,11.76
1987,185,0,0,0,0
1987,186,0,0,0,0
1987,187,0,0,0,0
1987,188,0,1,0,0
1987,189,0,1,0,0
1987,190,5.842,6,11.35,0
1987,191,0.254,0,0,7.35
1987,192,0,1,0,0
1987,193,0.254,0,0,0
1987,194,0.254,0,0,0
1987,195,0.254,0,0,0
1987,196,0.254,3,0,0
1987,197,0,1,6.8,0
1987,198,24.892,13,17.58,2.695
1987,199,0,0,0,22.54
1987,200,0.254,0,0,0
1987,201,0.254,0,0,0
1987,202,4.572,1,0.37,0
1987,203,0.254,1,0,2.45
1987,204,0.254,0,0,1.47
1987,205,0.254,4,5.46,0
1987,206,0.762,2,0,4.9
1987,207,0.254,0,0,0
1987,208,0,0,0,0
1987,209,0,0,0,0
1987,210,0,0,0,0
1987,211,0,0,0,0
1987,212,0.254,0,0,0
1987,213,0,0,0,0
1987,214,0,0,0,0
1987,215,0,0,0,0
1987,216,0,0,0,0
1987,217,0,0,0,0
1987,218,0,0,0,0
1987,219,0,0,0,0
1987,220,0,0,0,0
1987,221,0,0,0,0
1987,222,0.254,3,0,0
1987,223,0,0,0,0.735
1987,224,0,1,0,0
1987,225,0,0,0,0
1987,226,0,0,0,0
1987,227,0,0,0,0
1987,228,0,0,0,0
1987,229,0,0,0,0
1987,230,0,0,0,0
1987,231,0,0,0,0
1987,232,0,0,0,0
1987,233,0,0,0,0
1987,234,0,0,0,0
1987,235,0,0,0,0
1987,236,0,0,0,0
1987,237,0,0,0,0
1987,238,0,0,0,0
1987,239,7.874,1,0,0
1987,240,0.254,0,0,0.98
1987,241,2.794,0,0,0
1987,242,4.318,3,7.76,0
1987,243,1.27,4,6.96,5.145
1987,244,0.762,0,0,1.96
1987,245,0.254,0,0,0
1987,246,0.254,0,0,0
1987,247,0,0,0,0
1987,248,0,0,0,0
1987,249,0,2,0,0
1987,250,2.286,6,18.83,0
1987,251,0.254,0,0,0
1987,252,0,0,0,0
1987,253,2.54,4,0,0
1987,254,0.254,4,0,8.82
1987,255,5.588,6,10.73,0
1987,256,0,1,0,6.125
1987,257,0,0,0,0
1987,258,1.778,7,18.08,0
1987,259,13.716,16,24.04,9.8
1987,260,0.762,20,5.26,15.925
1987,261,4.826,4,5.58,1.96
1987,262,0.508,0,0,1.225
1987,263,0.254,0,0,0
1987,264,0,0,0,0
1987,265,0.254,0,0,0
1987,266,0.254,0,0,0
1987,267,0,0,0,0
1987,268,0,0,0,0
1987,269,0,0,0,0
1987,270,0,0,0,0
1987,271,0,6,0,0
1987,272,0,0,0,2.205
1987,273,0.254,0,0,0
1987,274,0.508,0,0,0
1987,275,0,0,0,0
1987,276,0.762,0,0,0
1987,277,0,0,0,0
1987,278,0,0,0,0
1987,279,0,0,0,0
1987,280,0,0,0,0
1987,281,0,0,0,0
1987,282,0,0,0,0
1987,283,0,0,0,0
1987,284,0,0,0,0
1987,285,0.254,0,0,0
1987,286,0.254,0,0,0
1987,287,0,0,0,0
1987,288,0,0,0,0
1987,289,0,0,0,0
1987,290,0,0,0,0
1987,291,0,3,0,0
1987,292,0,6,23.78,0
1987,293,0,4,0,18.865
1987,294,0.254,0,0,0
1987,295,0,1,1.42,0
1987,296,1.27,1,3.28,0.98
1987,297,0.254,0,0,3.92
1987,298,0,0,0,0
1987,299,0.254,0,0,0
1987,300,0.508,0,0,0
1987,301,0.254,0,0,0
1987,302,0,0,0,0
1987,303,0,0,0,0
1987,304,0,0,0,0
1987,305,0,0,0,0
1987,306,1.016,0,0,0
1987,307,0.508,0,0,0
1987,308,0,0,0,0
1987,309,0,0,0,0
1987,310,0.762,0,0,0
1987,311,0.254,9,0,0
1987,312,26.416,31,38.51,0
1987,313,1.778,3,5.06,33.32
1987,314,0.254,0,0,0.735
1987,315,0,0,0,0
1987,316,0,0,0,0
1987,317,0,0,0,0
1987,318,0,8,0,0
1987,319,26.162,28,39.5,0
1987,320,23.622,11,13.02,28.175
1987,321,0.508,4,0,10.78
1987,322,0,0,0,0
1987,323,0.254,0,0,0
1987,324,0.254,0,0,0
1987,325,0,0,0,0
1987,326,0,0,0,0
1987,327,0,0,0,0
1987,328,0,1,13.29,0
1987,329,5.08,11,0,9.31
1987,330,0,0,11.21,0
1987,331,12.192,9,0,6.86
1987,332,0.254,0,0,0
1987,333,0,0,0,0.735
1987,334,0,0,0,0
1987,335,0.254,2,0,0
1987,336,0,0,0,0
1987,337,0.254,0,0,0
1987,338,0.254,0,0,0
1987,339,0,5,9.03,0
1987,340,5.588,1,4.94,3.185
1987,341,0.762,0,0,2.45
1987,342,0.254,0,0,0
1987,343,0.254,0,0,0
1987,344,0,0,0,0
1987,345,0,0,0,0
1987,346,0,2,0,0
1987,347,4.318,6,10.81,0
1987,348,1.524,1,0,10.29
1987,349,0.508,0,0,0
1987,350,0,0,0,0
1987,351,0,0,2.36,0
1987,352,3.302,6,4.65,2.205
1987,353,25.908,24,21.87,8.33
1987,354,0.508,0,0,20.58
1987,355,0.254,0,0,0
1987,356,0.254,0,0,0
1987,357,0,1,0,0
1987,358,17.018,4,7.09,0
1987,359,23.622,26,41.32,5.145
1987,360,29.972,28,8.38,37.485
1987,361,0.254,1,0,3.185
1987,362,0.254,0,0,0.49
1987,363,0.254,1,0,0
1987,364,0,3,5.44,0
1987,365,0,0,0,4.165
1988,1,0.762,0,0,0
1988,2,3.048,1,6.5,0
1988,3,2.286,5,0,5.88
1988,4,0,0,0,0
1988,5,0,2,0,0
1988,6,8.636,8,10.15,0.245
1988,7,0.254,1,0,9.31
1988,8,0.254,0,0,0
1988,9,0.254,0,0,0
1988,10,0.508,0,0,0
1988,11,0,0,0,0
1988,12,0,0,0,0
1988,13,0,0,0,0
1988,14,0,0,0,0
1988,15,0,0,0,0
1988,16,0,0,0,0
1988,17,0,0,0,0.245
1988,18,0,0,0,0
1988,19,0,0,0,0
1988,20,0.762,0,0,0
1988,21,0.508,0,0,0
1988,22,0,0,0,0
1988,23,0,0,0,0
1988,24,0,0,0,0
1988,25,0,0,0,0
1988,26,0,0,0,0
1988,27,0,0,0,0
1988,28,0,0,0,0
1988,29,0,0,0,0
1988,30,0,0,0,0
1988,31,0,0,0,0
1988,32,0.762,1,0.76,1.225
1988,33,1.016,0,0,0.735
1988,34,0.254,0,0,0
1988,35,0.254,0,0,0
1988,36,0.254,1,0,1.96
1988,37,0.508,2,0,1.715
1988,38,0.762,0,0,1.96
1988,39,0,0,0,0
1988,40,0,0,0,0
1988,41,0.508,0,2.16,0
1988,42,1.27,1,0,0.98
1988,43,0.254,0,0,0
1988,44,0,0,0,0
1988,45,0,0,0,0
1988,46,0,0,0,0
1988,47,0,0,0,0
1988,48,12.954,20,32.69,0
1988,49,16.002,16,9.74,18.375
1988,50,0.254,0,0,3.185
1988,51,0.254,0,0,0
1988,52,0.254,0,0,0
1988,53,0,0,0,0
1988,54,0,0,0,0
1988,55,0,0,0,0
1988,56,0.254,0,0,0
1988,57,0,0,0,0
1988,58,0,0,0,0
1988,59,5.08,0,0,0.735
1988,60,0,2,0,0
1988,61,37.084,26,0,1.225
1988,62,0,0,29.64,22.05
1988,63,0,0,0,0
1988,64,0,0,0,0
1988,65,0,0,0,0
1988,66,0,0,0,0
1988,67,4.572,6,0,0
1988,68,0.508,0,6.15,1.47
1988,69,0,0,0,0
1988,70,0,0,0,0
1988,71,1.016,0,1.38,0.735
1988,72,1.524,0,0,0
1988,73,0.508,0,0,0
1988,74,0,0,0,0
1988,75,0,2,0,0
1988,76,29.464,23,0,0.245
1988,77,0.254,1,29.79,35.035
1988,78,0,0,0,0
1988,79,0,0,0,0
1988,80,0,0,0,0
1988,81,0,0,0,0
1988,82,0,0,0,0
1988,83,0,0,0,0
1988,84,0,0,0,0
1988,85,0,0,0,0
1988,86,0,0,0,0
1988,87,0,13,0,0
1988,88,16.51,12,0,0
1988,89,0,2,20.45,24.745
1988,90,0,2,0,0
1988,91,3.556,3,0.41,1.225
1988,92,0.762,0,6.01,0.245
1988,93,0,0,0,0
1988,94,0,0,0,0
1988,95,0,1,0,0
1988,96,1.016,0,0,3.92
1988,97,0.254,0,0,0
1988,98,0.254,0,0,0
1988,99,0,0,0,0
1988,100,0.762,0,0,0
1988,101,0.254,0,0,0
1988,102,0,0,0,0
1988,103,0,0,0,0
1988,104,0,0,0,0
1988,105,0,0,0,0
1988,106,0,2,0,0
1988,107,1.778,5,0,0
1988,108,1.27,0,7.13,2.695
1988,109,0.254,0,0,0
1988,110,0,0,0,0
1988,111,0,0,0,0
1988,112,2.286,0,0,0
1988,113,2.794,2,0,0
1988,114,0.508,1,0,0
1988,115,0,0,0.97,1.47
1988,116,0,0,0,0
1988,117,0,3,0,0
1988,118,0,12,0,0
1988,119,16.764,8,0,6.86
1988,120,0.762,0,20.4,17.395
1988,121,0.508,0,2.89,0
1988,122,0,0,0,0
1988,123,0.762,0,1.48,0
1988,124,0.254,0,0,0
1988,125,0,0,0,0
1988,126,0,0,0,0
1988,127,0,0,0,0
1988,128,0,0,0.77,0.735
1988,129,0,4,0,0
1988,130,0,0,5.95,1.47
1988,131,0,2,0,0.245
1988,132,0,0,2.2,7.35
1988,133,0,0,0,0
1988,134,0,0,0,0
1988,135,0,0,0,0
1988,136,0,1,0,0
1988,137,0,0,0,0
1988,138,0,0,0,0
1988,139,0,0,0,0
1988,140,30.988,15,0,0
1988,141,4.826,17,47.12,28.42
1988,142,0.508,0,0,0
1988,143,0.254,0,0,0
1988,144,0,0,0,0
1988,145,0,0,0,0
1988,146,0,0,0,0
1988,147,0.254,0,0,0
1988,148,0,0,0,0
1988,149,1.524,4,0,0
1988,150,0,3,8.09,7.105
1988,151,4.572,6,0,1.225
1988,152,35.306,34,24.79,19.6
1988,153,26.416,10,12.23,2.94
1988,154,5.334,18,21.07,18.13
1988,155,3.302,1,17.41,3.92
1988,156,0.508,0,0,0
1988,157,0,0,0,0
1988,158,0,0,0,0
1988,159,0,0,0,0
1988,160,0,0,0,0
1988,161,0,0,0,0
1988,162,0,0,0,0
1988,163,0,0,0,0
1988,164,0,0,0,0
1988,165,0,0,0,0
1988,166,0,1,0,0.49
1988,167,0,0,0,0
1988,168,0,0,0,0
1988,169,0,0,0,0
1988,170,0,0,0,0
1988,171,0,0,0,0
1988,172,0,0,0,0
1988,173,0,0,0,0
1988,174,0,2,0,0
1988,175,0,0,0,0
1988,176,0,3,0,0
1988,177,39.878,18,20.42,7.84
1988,178,21.336,4,12.51,6.125
1988,179,0.254,0,11.23,10.535
1988,180,0.508,0,0,0
1988,181,0,0,0,0
1988,182,0,0,0,0
1988,183,0,0,0,0
1988,184,0.254,4,0,0
1988,185,29.972,4,0,0.245
1988,186,0.254,2,6.41,6.125
1988,187,0.254,0,0,0.49
1988,188,0,0,2.94,1.96
1988,189,0,0,0,0
1988,190,0,2,0,0
1988,191,0.254,2,0,0
1988,192,0.254,10,0,0.735
1988,193,22.606,20,15.03,18.13
1988,194,0.508,3,20.89,42.385
1988,195,0,0,0,0
1988,196,0,0,0,0
1988,197,0,0,0,0
1988,198,0.254,0,0,0
1988,199,0,0,0,0
1988,200,0,1,0,0
1988,201,0,4,0,2.695
1988,202,0.508,3,0,3.185
1988,203,0,0,0,0
1988,204,0,0,0,0
1988,205,0,0,0,0
1988,206,0,0,0,0
1988,207,0,0,0,0
1988,208,0,0,0,0
1988,209,0,0,0,0
1988,210,0,0,0,0
1988,211,0,2,0,0
1988,212,0,2,0,0
1988,213,0,2,0,0
1988,214,3.048,6,0,1.715
1988,215,3.302,6,6.16,2.695
1988,216,0.254,0,0,13.23
1988,217,0,0,0,0
1988,218,0,0,0,0
1988,219,0,0,0,0
1988,220,0,0,0,0
1988,221,0,0,0,0
1988,222,0,2,0,0
1988,223,0.254,6,0,0
1988,224,0.254,1,7.44,2.45
1988,225,0.254,0,0,0
1988,226,0,0,0,0
1988,227,0.254,0,0,0
1988,228,0,2,0,0
1988,229,0,0,6.04,2.205
1988,230,0,0,0,0
1988,231,0,0,0,0
1988,232,0,0,0,0
1988,233,0,0,0,0
1988,234,0,0,0,0
1988,235,0,0,0,0
1988,236,0,2,0,0
1988,237,0,0,0,1.47
1988,238,0,0,0,0
1988,239,0,0,0,0
1988,240,0.254,0,0,0
1988,241,0,0,0,0
1988,242,0,0,0,0
1988,243,0.254,0,0,0
1988,244,1.016,1,0,0
1988,245,0.508,3,0,0
1988,246,0.762,3,0,0
1988,247,0.762,0,0,0
1988,248,0.508,0,0,0
1988,249,0,0,0,0
1988,250,0,0,0,0
1988,251,0,0,0,0
1988,252,0,0,0,0
1988,253,0,0,0,0
1988,254,0,0,0,0
1988,255,0,1,0,0
1988,256,0,0,3.15,0.735
1988,257,0,1,0,0
1988,258,0,0,0,0
1988,259,0,1,0,0
1988,260,0,0,0,1.225
1988,261,0,2,0,0.735
1988,262,0,8,0,0
1988,263,0,0,0,0.98
1988,264,0,0,0,0
1988,265,0,0,0,0
1988,266,0,0,0,0
1988,267,0,0,0,0
1988,268,0,0,0,0
1988,269,0.508,0,0,0
1988,270,0,0,0,0
1988,271,0,0,0,0
1988,272,42.418,40,0,0
1988,273,13.462,14,37.17,19.6
1988,274,16.51,4,12.27,13.23
1988,275,0.508,1,5.54,8.33
1988,276,0.508,0,0,0
1988,277,4.572,0,0,0
1988,278,0.508,0,0,0
1988,279,0,0,0,0
1988,280,0,0,0,0
1988,281,0,0,0,0
1988,282,0,0,0,0
1988,283,0,0,0,0
1988,284,0,0,0,0
1988,285,0,0,0,0
1988,286,0,0,0,0
1988,287,0,0,0,0
1988,288,0,0,0,0
1988,289,0,0,0,0
1988,290,0,0,0,0
1988,291,0,0,0,0
1988,292,0,0,0,0
1988,293,0,0,0,0
1988,294,0,0,0,0
1988,295,0,0,0,0
1988,296,0,0,0,0
1988,297,0,0,0,0
1988,298,0,0,0,0
1988,299,0,6,0,0
1988,300,0,0,4.85,3.43
1988,301,0,3,0,0
1988,302,0,2,0.49,1.225
1988,303,0,8,3.37,0.245
1988,304,16.256,23,18.29,22.295
1988,305,0.762,0,0,6.125
1988,306,0,0,0,0.245
1988,307,0.254,0,0,0
1988,308,0.254,0,0,0
1988,309,0,0,0,0
1988,310,0,0,0,0
1988,311,0.254,0,0,0
1988,312,0,0,0,0
1988,313,0,0,0,0
1988,314,0,2,0,0
1988,315,0,1,0,0
1988,316,0,1,0,0
1988,317,0,0,0,3.185
1988,318,0,1,0,0
1988,319,2.54,4,0,0.98
1988,320,1.524,2,0,0
1988,321,0.254,0,0,0
1988,322,0.254,10,4.79,2.205
1988,323,19.304,7,6.62,2.205
1988,324,0.254,0,14.05,8.82
1988,325,0.508,0,0,0
1988,326,0,0,0,0
1988,327,0,0,0,0
1988,328,0,0,0,0
1988,329,0.508,15,0,0
1988,330,41.402,6,24.17,14.945
1988,331,1.27,0,0,0
1988,332,0.508,0,0,0
1988,333,0,0,0,0
1988,334,0,0,0,0
1988,335,0,0,0,0
1988,336,0,0,0,0
1988,337,0,0,0,0
1988,338,0,0,0,0
1988,339,0,0,0,0
1988,340,0,0,0,0
1988,341,26.67,9,0,0
1988,342,9.398,16,21.61,28.42
1988,343,0.508,2,13,6.125
1988,344,29.718,31,14.6,11.76
1988,345,0.508,1,21.59,15.68
1988,346,0.254,0,0,0
1988,347,0,0,0,0
1988,348,0,0,0,0
1988,349,0,0,0,0
1988,350,0.762,0,0,0
1988,351,0,0,0,0
1988,352,0.254,0,0,0
1988,353,0,0,0,0
1988,354,0,0,0,0
1988,355,0,3,0,0
1988,356,0,0,0,0
1988,357,0,0,0,0
1988,358,0.254,0,0,0
1988,359,0,0,0,0
1988,360,0,1,0,0.245
1988,361,1.778,5,0,0
1988,362,1.016,0,6.32,6.37
1988,363,0.254,0,0,0
1988,364,0,6,4.5,1.96
1988,365,5.334,3,6.51,5.39
1989,1,0,0,0,0
1989,2,0,0,0,0
1989,3,0,0,0,0
1989,4,1.524,0,0,0
1989,5,0,0,0,0
1989,6,0,0,0,0
1989,7,0,0,0,0
1989,8,0,1,0,0
1989,9,0,0,0,0.735
1989,10,0,0,0,0.98
1989,11,0,3,0,0
1989,12,1.778,7,7,1.96
1989,13,9.398,5,7.39,8.82
1989,14,0.508,0,0,7.35
1989,15,0.254,0,0,0
1989,16,2.286,0,0,0
1989,17,0,0,0,0
1989,18,1.27,4,0,0
1989,19,0,8,10.93,0.98
1989,20,0,1,0,8.085
1989,21,0.508,0,0,0
1989,22,2.54,0,0,0
1989,23,0,0,0,0
1989,24,2.54,9,6.15,0
1989,25,5.08,10,14.07,8.085
1989,26,2.794,7,5.32,6.86
1989,27,4.826,8,9.66,4.9
1989,28,10.414,12,9.94,6.86
1989,29,10.414,7,12.99,6.125
1989,30,4.064,0,0,14.945
1989,31,0.254,0,0,0
1989,32,0,0,0,0
1989,33,22.86,10,12.92,0
1989,34,3.302,4,0,19.355
1989,35,0,0,0,0
1989,36,0,0,0,1.225
1989,37,0,0,0,0
1989,38,0,0,0,0
1989,39,0,0,0,0
1989,40,0,0,0,0
1989,41,0,0,0,0
1989,42,0,0,2.12,0
1989,43,0,4,2.44,1.715
1989,44,0,0,0,0.98
1989,45,0,1,1.91,0
1989,46,0,12,14.35,1.225
1989,47,23.876,16,13.59,9.555
1989,48,21.336,18,21.23,5.635
1989,49,0.508,3,0,13.23
1989,50,0.254,1,0.29,2.94
1989,51,1.27,1,0,0.49
1989,52,0.508,0,0,0
1989,53,0,0,0,0
1989,54,2.794,0,0,0
1989,55,0,0,0,0
1989,56,0,0,0,0
1989,57,0,0,0,0
1989,58,0,0,0,0
1989,59,0,0,0,0
1989,60,1.016,1,1.96,0.49
1989,61,0.508,1,0,2.695
1989,62,0.254,0,5.7,0
1989,63,6.858,8,4.75,2.45
1989,64,0,0,0,1.715
1989,65,0,0,0,0
1989,66,0,0,0,0
1989,67,0,0,0,0
1989,68,0,0,0,0
1989,69,1.016,0,0,0
1989,70,0,0,0,0
1989,71,0,0,0,0
1989,72,0,0,0,0
1989,73,0,0,0,0
1989,74,2.032,0,0,0
1989,75,0,0,0,0
1989,76,0,0,0,0
1989,77,0,0,0,0
1989,78,0.762,0,1.97,0
1989,79,4.318,6,5.86,3.185
1989,80,9.398,6,7.55,5.39
1989,81,2.286,1,0,8.575
1989,82,1.524,0,0,0
1989,83,0,0,0,0
1989,84,0,0,0,0
1989,85,0,2,7.02,0
1989,86,0,1,0,2.45
1989,87,19.558,40,32.82,0
1989,88,2.286,3,0,33.565
1989,89,6.858,0,0,0
1989,90,0,0,0,0
1989,91,0.254,0,0,0
1989,92,0,0,0,0
1989,93,0,0,0,0.735
1989,94,2.032,0,0,0
1989,95,0,0,0,0
1989,96,0,0,0,0
1989,97,0,0,0,0
1989,98,0,0,0,0
1989,99,0,0,0,0
1989,100,0,0,0,0
1989,101,0,0,0,0
1989,102,0,2,0,0
1989,103,5.842,18,22.6,0
1989,104,7.874,7,1.95,14.945
1989,105,5.334,0,0,0.98
1989,106,0,0,0,0
1989,107,0,0,0,0
1989,108,0,1,6.45,0
1989,109,0,7,0,1.715
1989,110,0,0,0,0
1989,111,1.524,0,0,0
1989,112,0,0,0,0
1989,113,0,0,0,0
1989,114,0,0,0,0
1989,115,0,0,0,0
1989,116,0,0,0,0
1989,117,0,0,0,0
1989,118,0,0,0,0
1989,119,23.876,7,16.28,0.245
1989,120,0.254,7,0,12.74
1989,121,0.762,3,0,0
1989,122,23.368,18,20.72,0
1989,123,21.844,19,27.92,8.085
1989,124,24.384,18,30.31,20.825
1989,125,4.572,7,0,24.745
1989,126,0.254,0,0,0.245
1989,127,7.62,10,9.43,1.225
1989,128,0,0,0,11.025
1989,129,0.508,0,4.46,0
1989,130,1.524,2,0,6.615
1989,131,1.27,0,0,0
1989,132,0,3,0,0
1989,133,20.574,22,29.31,2.695
1989,134,1.778,0,0,30.87
1989,135,0,4,0,3.43
1989,136,0.254,46,65.89,0.245
1989,137,102.616,55,42.44,59.045
1989,138,0.254,3,0,23.52
1989,139,0,0,0,0
1989,140,0,0,0,0
1989,141,0,0,0,0
1989,142,0,0,0,0
1989,143,0,0,0,0
1989,144,0,0,0,0
1989,145,0,0,0,0
1989,146,0,0,0,0
1989,147,0,0,0,0
1989,148,0,0,0,0
1989,149,0,0,0,0
1989,150,0,0,0,0
1989,151,0,0,0,0
1989,152,0,1,0,0
1989,153,0,1,0,0.98
1989,154,3.048,2,0,0
1989,155,0,8,12.27,0
1989,156,23.368,6,0,12.495
1989,157,0.508,3,0,0
1989,158,4.826,17,12.6,0
1989,159,0,0,0,3.675
1989,160,0.254,3,0,0
1989,161,31.75,14,53.42,0.49
1989,162,11.684,24,0,75.46
1989,163,5.842,8,5.46,0
1989,164,24.638,33,40.77,5.145
1989,165,14.732,18,0.32,43.61
1989,166,8.636,0,0,1.47
1989,167,0,0,0,0
1989,168,0,0,0,0
1989,169,0,0,0,0
1989,170,0,0,0,0
1989,171,0,0,0,0
1989,172,0,0,0,0
1989,173,0.254,0,0,0
1989,174,0,0,0,0
1989,175,0,1,1.4,0
1989,176,0,0,0,1.715
1989,177,0,5,6.45,0
1989,178,0,0,0,7.105
1989,179,0,0,0,0
1989,180,0,1,1.15,0.245
1989,181,2.794,1,2.64,2.205
1989,182,0.254,0,0,1.225
1989,183,34.544,20,31.17,0
1989,184,17.78,10,4.36,42.385
1989,185,0.508,0,0,0.735
1989,186,0.254,0,0,0
1989,187,0.508,7,0,0
1989,188,0.254,3,12.38,4.165
1989,189,0.254,0,0,2.45
1989,190,0,0,0,0
1989,191,0.254,0,0,0
1989,192,1.016,1,2.5,0
1989,193,0.254,0,0,1.96
1989,194,0.254,0,0,0
1989,195,0.508,2,0,0
1989,196,0.508,0,0,0
1989,197,0.254,0,0,0
1989,198,0,0,0,0
1989,199,0,0,0,0
1989,200,0.254,1,0,0
1989,201,0.508,0,0,0
1989,202,0.508,0,0,0
1989,203,0,0,0,0
1989,204,8.382,6,8.93,0
1989,205,0.508,1,0,1.715
1989,206,3.048,4,10.02,1.225
1989,207,0.508,0,0,7.84
1989,208,0.254,0,0,0
1989,209,0,0,0,0
1989,210,0,0,0,0
1989,211,0,0,0,0
1989,212,0,0,0,0
1989,213,41.402,20,43.32,1.96
1989,214,14.478,24,3.31,38.22
1989,215,0,0,0,1.225
1989,216,0,0,0,0
1989,217,0,0,0,0
1989,218,0,6,19.59,0
1989,219,68.834,36,25.14,6.615
1989,220,1.27,2,0,10.29
1989,221,0.508,0,0,0
1989,222,0.254,0,0,0
1989,223,0,0,0,0
1989,224,0,0,0,0
1989,225,0,0,0,0
1989,226,0.254,1,1.71,0
1989,227,0.762,1,0,0.98
1989,228,0,0,0,0.49
1989,229,0,0,0,0
1989,230,0.254,0,0,0
1989,231,0.254,0,0,0
1989,232,0,0,0,0
1989,233,0,0,0,0
1989,234,0,0,0,0
1989,235,0,0,0,0
1989,236,0,1,0,0
1989,237,0,0,0,0
1989,238,0,0,0,0
1989,239,0,0,0,0
1989,240,0.254,0,0,0
1989,241,0,0,0,0
1989,242,0,0,0,0
1989,243,0.254,0,0,0
1989,244,0,0,0,0
1989,245,0,0,0,0
1989,246,0,0,0,0
1989,247,0,0,0,0
1989,248,0,0,0,0
1989,249,0,0,0,0
1989,250,0,0,0,0
1989,251,0,0,0,0
1989,252,0,3,26.8,0
1989,253,16.002,12,0,4.165
1989,254,0,2,0,0
1989,255,0,0,0,0
1989,256,10.668,6,10.24,0
1989,257,0.254,0,0,5.145
1989,258,0.254,0,0,0
1989,259,0,0,0,0
1989,260,0.254,0,0,0
1989,261,0,0,0,0
1989,262,0,0,0,0
1989,263,0,0,0,0
1989,264,0,0,0,0
1989,265,0,0,0,0
1989,266,0,0,0,0
1989,267,0.254,0,0,0
1989,268,0,0,0,0
1989,269,0,0,0,0
1989,270,0,0,0,0
1989,271,0.254,0,0,0
1989,272,0,0,0,0
1989,273,0,0,0,0
1989,274,0,0,0,0
1989,275,0,0,0,0
1989,276,0.254,0,0,0
1989,277,0,0,0,0
1989,278,0.508,0,0,0
1989,279,38.608,11,15.68,0
1989,280,1.524,9,10.93,23.275
1989,281,0.508,0,0,12.495
1989,282,1.27,0,0,0
1989,283,0,0,0,0
1989,284,0,0,0,0
1989,285,0,0,0,0
1989,286,0,0,0,0
1989,287,0,0,0,0
1989,288,0,0,0,0
1989,289,1.016,0,0,0
1989,290,1.016,0,0,0
1989,291,4.826,5,4.53,0
1989,292,0,0,0,2.45
1989,293,0,0,0,0
1989,294,0,0,0,0
1989,295,0,0,0,0
1989,296,0,0,0,0
1989,297,0,0,0,0
1989,298,0,0,0,0
1989,299,0,0,0,0
1989,300,0,0,0,0
1989,301,0,0,0,0
1989,302,0,6,8.56,0
1989,303,22.352,19,15.54,4.165
1989,304,1.524,0,0,24.745
1989,305,0,0,0,0
1989,306,0,0,0,0
1989,307,0,0,0,0
1989,308,0,0,0,0
1989,309,0,0,0,0
1989,310,0,0,0,0
1989,311,0,0,0,0
1989,312,0,0,0,0
1989,313,0,0,0,0
1989,314,0,0,0,0
1989,315,0,0,0,0
1989,316,0,0,0,0
1989,317,0,0,0,0
1989,318,0,1,0,0
1989,319,0,0,0,3.185
1989,320,0,0,0,0
1989,321,0,1,2.08,0
1989,322,0,2,0,0.98
1989,323,0,0,0,0
1989,324,0,0,0,0
1989,325,0,0,13.57,0
1989,326,0,19,3.84,20.335
1989,327,0,0,0,2.695
1989,328,0,0,0,0
1989,329,0,0,0,0
1989,330,0,0,0,0
1989,331,0,0,0,0
1989,332,0,0,0,0
1989,333,0,0,0,0
1989,334,0,1,0.78,0
1989,335,0,0,0,0.49
1989,336,0,0,0,0
1989,337,0,0,0,0
1989,338,0,0,0,0
1989,339,0,0,0,0
1989,340,0,0,0,0
1989,341,0,2,1.4,0
1989,342,0,0,0,0.735
1989,343,0,0,0,0
1989,344,0,0,0,0
1989,345,0,0,0,0
1989,346,0,0,0,0
1989,347,0,0,0,0
1989,348,0,0,0,0
1989,349,0,0,0,0
1989,350,0,0,0,0
1989,351,0,0,0,0
1989,352,0,0,0,0
1989,353,0,0,0,0
1989,354,0,0,0,0
1989,355,0,0,0,0
1989,356,0,0,0,0
1989,357,0,0,0,0
1989,358,0,0,0,0
1989,359,0,0,0,0
1989,360,0,0,0,0
1989,361,0,0,0,0
1989,362,0,2,5.1,0
1989,363,0,3,0,4.9
1989,364,0,4,2.04,1.47
1989,365,0,1,0,0.49
1990,1,0,0,0,0
1990,2,0,0,0,0
1990,3,0,0,0,0
1990,4,0,0,0,0
1990,5,0,0,0.7,0
1990,6,0,1,1.06,1.225
1990,7,0,0,0,1.47
1990,8,0,0,0,0
1990,9,0,0,0,0
1990,10,0,0,0,0
1990,11,0,0,0,0
1990,12,0,0,0,0
1990,13,0,0,0,0
1990,14,0,0,0,0
1990,15,0,0,0,0
1990,16,0,2,0,0
1990,17,0,13,5.63,0
1990,18,56.896,31,45.19,7.105
1990,19,3.302,11,7.79,40.67
1990,20,1.016,0,0,3.43
1990,21,0.254,0,0,0
1990,22,0,0,0,0
1990,23,0.254,0,4.16,0
1990,24,2.286,2,0,1.715
1990,25,0.762,0,0,0
1990,26,0,0,0,0
1990,27,0,0,0,0
1990,28,3.81,6,7.32,0.245
1990,29,0.508,0,0,8.82
1990,30,0,3,0,0
1990,31,8.128,10,21.23,0
1990,32,22.098,29,21.47,12.985
1990,33,0.762,0,0,19.11
1990,34,3.302,1,0,2.695
1990,35,0.508,0,0,0
1990,36,0.508,0,0,0
1990,37,0,0,0,0
1990,38,0,0,0,0
1990,39,0,1,0,0
1990,40,0,4,4.99,0
1990,41,0,2,0,3.43
1990,42,0,0,0,0
1990,43,0,0,0,0
1990,44,0,0,0,0
1990,45,0,1,3.24,0
1990,46,1.016,2,2,2.94
1990,47,0.508,0,0,0
1990,48,0,0,0,0
1990,49,14.478,10,10.64,0
1990,50,0.508,0,0,12.74
1990,51,0.508,3,0,0
1990,52,17.526,22,21.14,0
1990,53,0.508,0,0,23.275
1990,54,0,0,0,0
1990,55,0,0,0,0
1990,56,0,0,0,0
1990,57,0,0,0,0
1990,58,0.254,2,0,0
1990,59,10.922,13,13.2,0
1990,60,0.254,0,0,12.74
1990,61,0.254,1,0,0.98
1990,62,0,0,0,0.49
1990,63,0,0,0,0
1990,64,0,0,0,0
1990,65,0,4,32.66,0
1990,66,48.514,64,36.05,11.515
1990,67,1.016,0,0,18.62
1990,68,0,0,0,0
1990,69,0,0,0,0
1990,70,1.016,1,0,0
1990,71,0.762,0,0,0.98
1990,72,0.254,0,62.47,0.49
1990,73,96.774,70,21.99,73.01
1990,74,0.254,0,0,18.375
1990,75,1.524,0,0,0
1990,76,0.254,0,0,0
1990,77,0,0,0,0
1990,78,0.254,0,0,0
1990,79,0.508,0,0,0
1990,80,0,0,0,0
1990,81,0,0,0,0
1990,82,0,0,0,0
1990,83,0,0,0,0
1990,84,0.254,0,0.86,0
1990,85,0,1,1.18,0.49
1990,86,1.524,2,4.07,0.49
1990,87,0,10,2.69,0.735
1990,88,33.782,12,15.62,0.98
1990,89,0.508,4,0,6.86
1990,90,0,0,0,0
1990,91,0,1,0,0
1990,92,2.032,2,0,0
1990,93,1.016,0,0,0
1990,94,0,0,0,0
1990,95,0,7,13.81,0
1990,96,10.16,9,0,10.535
1990,97,0.508,2,0,0
1990,98,0,0,0,0
1990,99,0,0,0,0
1990,100,0,1,0,0
1990,101,0.254,0,0,0
1990,102,0,0,5.79,0
1990,103,0.508,3,23.37,0.98
1990,104,16.256,26,8.15,17.395
1990,105,0,0,0,1.96
1990,106,0,0,0,0
1990,107,0.254,0,0,0.245
1990,108,0.508,0,0,0
1990,109,0,0,0,0
1990,110,0,0,0,0
1990,111,0,0,0,0
1990,112,0,0,0,0
1990,113,0,0,0,0
1990,114,0,12,7.55,0
1990,115,0,6,0,13.965
1990,116,45.72,42,43.08,0
1990,117,0,1,0,47.04
1990,118,0,0,0,0
1990,119,0,0,0,0
1990,120,0.762,0,0,0
1990,121,2.54,4,12.25,0
1990,122,8.382,28,46.24,16.17
1990,123,61.468,36,18.7,28.665
1990,124,1.016,0,0,14.455
1990,125,0,0,0,0
1990,126,0,0,0,0
1990,127,0,0,0,0
1990,128,0,0,0,0.245
1990,129,0,0,0,0
1990,130,0,0,0,0
1990,131,10.922,14,33.3,0
1990,132,32.766,22,0,16.66
1990,133,0.254,0,0,0.49
1990,134,0,0,0,0
1990,135,0,0,0,0
1990,136,0.254,1,4.92,0
1990,137,1.016,5,0,2.94
1990,138,36.322,8,12.69,0
1990,139,0,0,0,14.21
1990,140,0,0,0,0
1990,141,0,0,0,0.245
1990,142,0.254,0,0,0
1990,143,0.508,0,0,0
1990,144,0,0,0,0
1990,145,0,0,0,0
1990,146,0,0,0,0
1990,147,0,1,0,0
1990,148,0,1,0,0
1990,149,0,0,0,0
1990,150,11.43,3,5.51,0
1990,151,0,2,0,3.43
1990,152,12.192,5,7.86,0
1990,153,0,4,0,8.085
1990,154,6.858,8,12.22,0
1990,155,0,4,0,9.31
1990,156,0,0,0,0
1990,157,0,0,0,0
1990,158,0,0,0,0
1990,159,0,0,0,0
1990,160,0,0,0,0
1990,161,0,0,0,0
1990,162,0,0,0,0
1990,163,0,0,0,0
1990,164,0,0,0,0
1990,165,0,0,0,0
1990,166,0,0,0,0
1990,167,0,0,0,0
1990,168,0,0,0,0
1990,169,0,0,0,0
1990,170,0,0,0,0
1990,171,0,0,0,0
1990,172,0,0,0,0
1990,173,0,0,0,0
1990,174,0,0,0,0
1990,175,0.762,6,5.78,0
1990,176,0.254,0,0,0.735
1990,177,0,0,0,0
1990,178,0,0,0,0
1990,179,0.254,0,0,0
1990,180,0,0,0,0
1990,181,0,0,0,0
1990,182,0,0,0,0
1990,183,0.254,0,0,0
1990,184,0.508,0,0,0
1990,185,0,0,0,0
1990,186,0,1,0,0
1990,187,2.54,4,0,0.49
1990,188,0.254,0,0,9.8
1990,189,0.254,0,0,0
1990,190,0,0,0,0
1990,191,0,0,0,0
1990,192,0,0,0,0
1990,193,0,0,0,0
1990,194,1.778,0,0,0
1990,195,0.508,0,0,0
1990,196,2.032,9,10.49,0
1990,197,1.524,6,6.32,24.255
1990,198,4.826,4,5.36,11.27
1990,199,7.112,3,0,7.84
1990,200,12.192,0,5.68,5.39
1990,201,2.032,5,7.17,2.205
1990,202,0.254,0,0,3.92
1990,203,0,3,4.74,0
1990,204,6.35,8,8.53,12.495
1990,205,0,2,0,11.27
1990,206,0.254,0,0,0.98
1990,207,0,0,0,0
1990,208,0.254,0,0,0
1990,209,0,0,0,0
1990,210,0,0,0,0
1990,211,3.556,15,8.37,0
1990,212,30.988,7,15.2,4.9
1990,213,0.762,4,5.7,3.43
1990,214,1.778,0,0,3.185
1990,215,0.508,2,0,0
1990,216,0,9,0,0.735
1990,217,0,1,0,0
1990,218,0,0,0,0
1990,219,0.254,0,0,0
1990,220,0.254,0,0,0
1990,221,0,2,0,0
1990,222,0.508,1,0,2.205
1990,223,0,0,0,0
1990,224,0,0,0,0
1990,225,0,0,0,0
1990,226,0,0,0,0
1990,227,0,0,0,0
1990,228,0.254,0,0,0
1990,229,0,0,0,0
1990,230,0,0,0,0
1990,231,0,0,0,0
1990,232,0,0,0,0
1990,233,1.778,1,0,0
1990,234,14.478,1,0,2.205
1990,235,0.254,0,0,0
1990,236,0,0,0,0
1990,237,0,0,0,0
1990,238,0,0,0,0
1990,239,0,0,0,0
1990,240,0.254,0,0,0
1990,241,0,0,0,0
1990,242,0,0,0,0
1990,243,0,1,1.41,0
1990,244,1.27,1,3.4,1.96
1990,245,0.254,0,0,3.43
1990,246,0.508,0,0,0
1990,247,0,0,0,0
1990,248,0,2,0,0
1990,249,0,0,0,1.96
1990,250,0,3,0,0
1990,251,6.604,19,21,0
1990,252,16.002,53,50.88,21.56
1990,253,18.542,13,26.67,52.675
1990,254,0.254,1,0,15.435
1990,255,0,0,0,0
1990,256,0,1,0,0
1990,257,0,0,0,0
1990,258,0,3,0,0
1990,259,1.016,3,7.64,0
1990,260,0.254,2,0,4.655
1990,261,0,0,0,0.735
1990,262,0.254,1,0,0
1990,263,1.27,0,0,0.98
1990,264,0.254,4,0,0
1990,265,10.668,10,8.52,6.125
1990,266,1.27,0,0,2.695
1990,267,0.508,0,0,0
1990,268,0,0,0,0
1990,269,0,0,0,0
1990,270,0.254,0,0,0
1990,271,0.254,0,0,0
1990,272,0,0,0,0
1990,273,0.254,0,0,0
1990,274,0,0,0,0
1990,275,0,0,0,0
1990,276,0,1,1.5,0
1990,277,0,1,0,1.715
1990,278,0,0,0,0
1990,279,0,0,0,0
1990,280,0,2,0,0
1990,281,12.192,12,42.42,0
1990,282,56.388,36,19.14,32.34
1990,283,0.254,0,0,12.25
1990,284,0,0,0,0
1990,285,0,0,0,0
1990,286,0,0,0,0
1990,287,0,0,0,0
1990,288,0,0,0,0
1990,289,0,0,0,0
1990,290,22.606,13,15.26,0
1990,291,1.27,1,0,11.76
1990,292,0.508,0,0,0.245
1990,293,0,3,24.22,0
1990,294,46.736,30,24.22,16.17
1990,295,0.508,0,0,22.785
1990,296,0.254,0,0,0
1990,297,0,0,0,0
1990,298,0,0,0,0
1990,299,0,0,0,0
1990,300,0,0,0,0
1990,301,0,0,0,0
1990,302,0,0,0,0
1990,303,0,0,0,0
1990,304,0,0,0,0
1990,305,0.254,0,0,0
1990,306,0,0,0,0
1990,307,0,4,6.99,0
1990,308,18.542,12,11.24,2.695
1990,309,0.254,0,0,9.8
1990,310,0,0,0,0
1990,311,2.286,4,8.24,0
1990,312,34.798,46,52.69,9.31
1990,313,3.048,7,0,50.715
1990,314,0.254,0,0,0
1990,315,0,0,0,0
1990,316,0,0,0,0
1990,317,0,0,0,0
1990,318,0,0,0,0
1990,319,0,0,0,0
1990,320,0,0,0,0
1990,321,0,0,0,0
1990,322,0,0,0,0
1990,323,0,0,0,0
1990,324,0,0,0,0
1990,325,0,9,11.98,0
1990,326,6.096,10,13.05,5.145
1990,327,1.016,0,0,9.555
1990,328,0.254,0,0,0.245
1990,329,0,0,0,0
1990,330,0,2,1.51,0
1990,331,1.27,2,4.21,0.49
1990,332,1.016,0,0,3.185
1990,333,0.508,0,0,0
1990,334,0.508,0,0,0
1990,335,0,0,0,0
1990,336,0,0,0,0
1990,337,0,0,0,0
1990,338,0.254,0,0,0
1990,339,0.254,0,0,0
1990,340,0,0,0,0
1990,341,0,0,0,0
1990,342,0,0,0,0
1990,343,0,0,0,0
1990,344,0,0,0,0
1990,345,0,0,0,0
1990,346,0,0,0,0
1990,347,0,0,0,0
1990,348,0,0,0,0
1990,349,0,0,0.02,0
1990,350,0,1,0.64,0.49
1990,351,0,4,9.76,0.49
1990,352,0,5,0,9.8
1990,353,0.254,0,0,0
1990,354,0,7,16.74,0
1990,355,32.258,8,12.41,6.37
1990,356,0.508,0,0,8.82
1990,357,0.254,0,0,0
1990,358,0.254,0,0,0
1990,359,0,0,1.45,0
1990,360,13.716,14,12.05,1.715
1990,361,0.762,0,0,11.76
1990,362,0,1,0,0
1990,363,3.556,3,3.41,0
1990,364,1.524,1,2.69,2.205
1990,365,0.508,0,0,1.715
1991,1,0.508,3,2.06,0
1991,2,33.02,14,18.14,2.45
1991,3,3.556,2,2.95,15.68
1991,4,0,0,1.3,1.225
1991,5,0.254,4,8.44,1.47
1991,6,12.7,11,4.42,9.8
1991,7,0.254,0,0,4.655
1991,8,0,0,4.89,0
1991,9,60.198,58,54.01,12.985
1991,10,4.064,9,2.09,63.7
1991,11,0.508,0,0,0.735
1991,12,0.254,0,0,0
1991,13,0,2,0,0
1991,14,12.954,11,15.78,0
1991,15,8.128,5,0,15.925
1991,16,0.254,0,0,0
1991,17,0,5,9.51,0
1991,18,18.796,17,11.28,13.965
1991,19,0.762,1,0,10.045
1991,20,0.762,0,0,0
1991,21,0,0,0,0
1991,22,0.254,0,0,0
1991,23,0.762,2,6.21,0
1991,24,4.064,4,0,7.84
1991,25,0.254,0,0,0
1991,26,0,0,0,0
1991,27,0,0,0,0
1991,28,0,1,0,0
1991,29,0.762,1,2.06,0
1991,30,4.572,3,2.34,2.205
1991,31,0.508,0,0,1.96
1991,32,0.254,0,0,0
1991,33,0,0,0,0
1991,34,0,0,10.17,0
1991,35,42.672,37,29.12,12.005
1991,36,0.508,2,0,32.095
1991,37,2.54,0,0,0
1991,38,0.508,0,0,0
1991,39,0,0,0,0
1991,40,0,0,0,0
1991,41,0,0,0,0
1991,42,0,0,0,0
1991,43,0,0,0,0
1991,44,0,0,0,0
1991,45,0,0,0,0
1991,46,0.762,0,0,0
1991,47,1.524,2,2.62,0
1991,48,0,2,2.85,3.185
1991,49,30.988,12,20.94,0.98
1991,50,5.842,7,0,32.83
1991,51,0.508,0,0,0
1991,52,5.842,5,7.8,0
1991,53,0.254,2,0,2.94
1991,54,0.254,0,0,0
1991,55,0,0,0,0
1991,56,0.508,0,0,0
1991,57,0.254,0,0,0
1991,58,0,0,0,0
1991,59,4.318,4,13.63,0
1991,60,17.018,13,0,14.455
1991,61,9.652,2,3.75,0
1991,62,0.508,0,0,1.715
1991,63,0,0,0,0
1991,64,0,0,0,0
1991,65,0,0,0,0
1991,66,0,0,0,0
1991,67,0,0,0,0
1991,68,0,0,0,0
1991,69,0,0,0,0
1991,70,0,0,0,0
1991,71,0,0,0,0
1991,72,0,0,0,0
1991,73,0,1,0,0
1991,74,12.954,8,10.63,0
1991,75,1.778,4,3.78,11.515
1991,76,0.762,0,0,6.125
1991,77,0.508,0,0,0
1991,78,0,0,0,0
1991,79,0,0,0,0
1991,80,0,0,0,0
1991,81,0,0,0,0
1991,82,0,0,0,0
1991,83,0,0,0,0
1991,84,0,0,0,0
1991,85,0,0,1.67,0
1991,86,5.08,6,0,1.225
1991,87,9.398,12,16.18,0
1991,88,0.762,1,0,23.275
1991,89,0.254,0,0,0
1991,90,0.254,0,0,0
1991,91,0,0,0,0
1991,92,0,0,0,0
1991,93,0,0,0,0
1991,94,0,0,0,0
1991,95,0,0,0,0
1991,96,1.778,2,2.59,0
1991,97,3.81,3,3.51,2.94
1991,98,0,0,0,5.39
1991,99,0.254,0,0,0
1991,100,0.254,0,0,0
1991,101,0,0,0,0
1991,102,0,27,4.38,0
1991,103,73.66,27,48.96,5.145
1991,104,1.778,1,0,45.08
1991,105,0.508,0,0,0
1991,106,0,2,0,0
1991,107,18.796,12,14.75,0
1991,108,22.86,14,12.57,19.845
1991,109,0.508,0,0,11.27
1991,110,0.762,0,0,0
1991,111,0.254,0,0,0
1991,112,0,0,0,0
1991,113,0,0,0,0
1991,114,0,0,0,0
1991,115,0,0,0,0
1991,116,0,0,0,0
1991,117,0,0,0,0
1991,118,0,1,0,0
1991,119,0.254,0,0,0
1991,120,0,0,0,0
1991,121,0,0,0,0
1991,122,1.778,4,0.58,0
1991,123,13.462,33,38.51,1.225
1991,124,19.05,13,19.56,52.185
1991,125,0.508,0,0,21.315
1991,126,0.508,0,0,0
1991,127,9.144,2,18.18,0
1991,128,18.796,22,10.58,14.21
1991,129,0,0,0,6.615
1991,130,0.254,0,0,0
1991,131,0,0,0,0
1991,132,0,0,0,0
1991,133,7.62,28,8.32,0.245
1991,134,14.732,11,33.04,11.515
1991,135,0.254,1,0,13.965
1991,136,0,0,0,0
1991,137,0.254,0,0,0.49
1991,138,0,1,0,0
1991,139,5.588,4,4.34,0.98
1991,140,0.254,1,1.85,3.92
1991,141,0.254,0,0,0.735
1991,142,0.254,0,0,0
1991,143,0,0,0,0
1991,144,40.64,10,14.13,0
1991,145,11.684,8,7.25,25.235
1991,146,0,0,0,6.86
1991,147,0,0,0,0
1991,148,0,0,0,0
1991,149,0,0,0,0
1991,150,0,0,0,0
1991,151,0.254,0,0,0
1991,152,0.254,0,0,0
1991,153,1.524,12,5.91,0
1991,154,12.7,13,15.58,2.45
1991,155,0.254,0,0,21.315
1991,156,1.778,0,0,0
1991,157,0.254,0,0,0
1991,158,21.082,9,10.17,0
1991,159,0.254,1,0,13.23
1991,160,0.508,8,9.73,0
1991,161,23.368,2,3.45,12.495
1991,162,0.254,1,0,5.635
1991,163,0,0,0,0
1991,164,0,2,0,0
1991,165,0,6,16.92,0
1991,166,36.322,18,9.48,23.03
1991,167,13.208,9,17.31,10.29
1991,168,0,3,0,12.74
1991,169,0,0,0,0
1991,170,0,0,0,0
1991,171,0,0,0,0
1991,172,0,0,0,0
1991,173,0,1,0,0
1991,174,0.254,6,0,0.735
1991,175,0,1,0,0
1991,176,0,0,0,3.675
1991,177,0,0,0,0
1991,178,0,0,0,0
1991,179,0,0,0,0
1991,180,0.508,0,0,2.205
1991,181,0.254,0,0,0
1991,182,0,0,0,0
1991,183,3.048,9,0,0
1991,184,29.972,9,18.34,2.45
1991,185,0,1,0,15.68
1991,186,0,0,0,0
1991,187,0,0,0,0
1991,188,0,0,0,0
1991,189,0,0,0,0
1991,190,0,0,0,0.245
1991,191,0,0,0,0
1991,192,0,0,0,0
1991,193,0.254,0,0,0
1991,194,0,0,0,0
1991,195,0,0,0,0
1991,196,0,0,0,0
1991,197,1.524,0,0,0
1991,198,0.508,0,0,0
1991,199,0,0,0,0
1991,200,0,0,0,0
1991,201,0,0,0,0
1991,202,0,0,0,0
1991,203,0.254,0,0,0
1991,204,0,4,0,0
1991,205,37.846,14,27.52,0
1991,206,12.446,24,26.66,13.965
1991,207,21.844,6,0,28.665
1991,208,0.254,1,0,9.065
1991,209,0,0,0,0
1991,210,5.842,0,0,0
1991,211,0.508,0,0,0
1991,212,0.762,0,0,0
1991,213,0.762,0,0,0
1991,214,0,0,0,0
1991,215,0,0,0,0
1991,216,0,0,0,0
1991,217,0,0,0,0
1991,218,0,0,0,0
1991,219,0,0,0,0
1991,220,0,4,0,0
1991,221,0,4,0,0
1991,222,3.048,4,9.92,0
1991,223,6.35,3,0,12.74
1991,224,0.254,1,0,1.715
1991,225,0,24,54.57,0
1991,226,90.17,44,22.27,41.65
1991,227,0.254,2,0,11.515
1991,228,0.254,0,0,0
1991,229,0,0,0,0
1991,230,0,0,0,0
1991,231,0.254,0,0,0
1991,232,0.254,0,0,0
1991,233,0,3,0,0
1991,234,2.032,13,14.71,0
1991,235,0.254,0,0,9.555
1991,236,0,0,0,0
1991,237,0,0,0,0
1991,238,0,0,0,0
1991,239,0,0,0,0
1991,240,0,0,0,0
1991,241,0,1,0,0
1991,242,9.398,9,9.05,2.205
1991,243,18.288,1,0,7.105
1991,244,0.254,2,0,0
1991,245,0.762,8,16.64,0
1991,246,3.048,7,9.82,3.185
1991,247,4.572,5,7.65,4.655
1991,248,0.254,2,0,6.37
1991,249,7.62,12,12.77,2.45
1991,250,4.318,8,12,16.415
1991,251,0.254,0,0,3.675
1991,252,0,0,0,0
1991,253,0.254,0,0,0
1991,254,0,0,0,0
1991,255,0,0,0,0
1991,256,0,1,0,0
1991,257,0.254,2,2.09,0
1991,258,0,0,0,0.49
1991,259,4.826,4,5.37,0
1991,260,4.064,2,0,1.47
1991,261,1.27,2,0,0
1991,262,40.386,17,22.54,0
1991,263,0,0,0,20.58
1991,264,0,0,0,0
1991,265,0,10,12.87,0
1991,266,0,13,0,4.655
1991,267,0,2,0,3.185
1991,268,0.508,0,0,0.735
1991,269,0,0,0,0
1991,270,0,0,0,0
1991,271,0,0,0,0
1991,272,0.254,0,0,0
1991,273,0,0,0,0
1991,274,0,0,0,1.96
1991,275,0.508,0,0,0
1991,276,0,0,0,0
1991,277,0,0,0,0
1991,278,0,0,0,0
1991,279,0.254,0,0,0
1991,280,0.254,0,0,0
1991,281,0,0,0,0
1991,282,0,0,0,0
1991,283,0,0,0,0
1991,284,0,0,0,0
1991,285,0,0,0,0
1991,286,0,0,0,0
1991,287,0,0,0,0
1991,288,0,0,0,0
1991,289,0,0,0,0
1991,290,0,0,0,0
1991,291,0,0,0,0
1991,292,0,0,0,0
1991,293,0,0,0,0
1991,294,0,0,0,0
1991,295,0,0,0,0
1991,296,0,0,0,0
1991,297,0,0,0,0
1991,298,0,3,0,0
1991,299,7.366,7,13.97,0
1991,300,7.366,17,15.21,8.085
1991,301,0,33,24.13,20.335
1991,302,67.056,15,27.49,22.295
1991,303,0,10,5.15,25.725
1991,304,19.05,9,15.54,6.125
1991,305,0,0,0,9.8
1991,306,0.254,0,0,0
1991,307,0.254,0,0,0
1991,308,0.254,0,0,0
1991,309,0,0,0,0
1991,310,0,0,0,0
1991,311,0,0,0,0
1991,312,0.508,0,0,0
1991,313,0.254,0,0,0
1991,314,0,0,0,0
1991,315,0,0,0,0
1991,316,0,0,0,0
1991,317,0,0,0,0.49
1991,318,0,0,0,0
1991,319,0,2,0,0
1991,320,16.002,11,22.09,0
1991,321,18.034,19,5.56,16.17
1991,322,0.254,2,0,2.205
1991,323,5.334,4,7.64,0.49
1991,324,0.762,0,0,6.37
1991,325,0.254,0,0,0
1991,326,0,0,0,0
1991,327,0.254,0,0,0
1991,328,0.254,0,0,0
1991,329,0,0,0,0
1991,330,0,0,0,0
1991,331,0,0,0,0
1991,332,0,0,0,0
1991,333,0,0,0,0
1991,334,6.604,6,7.86,0
1991,335,0.254,4,5.75,6.37
1991,336,4.318,3,0,5.635
1991,337,0.254,0,0,0
1991,338,0.254,0,0,0
1991,339,0,0,0,0
1991,340,0,0,0,0
1991,341,0,0,0,0
1991,342,6.35,14,21.75,0
1991,343,2.032,13,0,20.335
1991,344,0.762,0,2.58,0
1991,345,0.508,5,3.57,2.94
1991,346,11.684,3,5.82,1.715
1991,347,1.27,2,0,7.105
1991,348,0.762,0,0,0
1991,349,0.508,0,0,0
1991,350,0,0,0,0
1991,351,0,2,3.73,0
1991,352,20.066,24,25.33,4.41
1991,353,24.384,31,16.66,24.745
1991,354,98.806,91,98.46,14.945
1991,355,38.1,29,16.11,108.29
1991,356,15.494,16,18.75,19.6
1991,357,0.508,2,0,24.99
1991,358,0.254,0,0,0
1991,359,0.762,1,4.09,0
1991,360,12.954,15,12.43,2.695
1991,361,1.27,1,0,12.495
1991,362,0.254,0,0,0
1991,363,0.254,0,0,0
1991,364,0,0,0,0
1991,365,0,0,0,0
1992,1,26.67,7,10.21,0
1992,2,0.508,3,0,12.985
1992,3,0.254,0,0,0
1992,4,7.112,3,8.3,0
1992,5,3.048,5,0,11.27
1992,6,0.254,0,0,0
1992,7,2.54,3,4.2,0
1992,8,1.27,1,0,3.675
1992,9,0.254,0,0,0
1992,10,0,0,0,0
1992,11,5.588,3,5.44,0
1992,12,0,2,0,6.125
1992,13,0.762,0,0,0
1992,14,0.508,0,0,0
1992,15,0.254,0,0,0
1992,16,0.508,3,0,0
1992,17,16.764,15,26.84,0.735
1992,18,11.938,12,5.73,25.235
1992,19,0.508,0,0,3.185
1992,20,0.254,4,0,0
1992,21,16.002,14,18.21,0
1992,22,0.762,0,0,16.905
1992,23,0.508,0,0,0
1992,24,0.508,0,0,0
1992,25,0,2,2.09,0
1992,26,35.306,29,35.1,0.49
1992,27,3.048,5,0.65,31.605
1992,28,1.778,2,2.68,0.49
1992,29,0.254,2,1.33,2.205
1992,30,0.508,0,0,0.49
1992,31,0.254,0,0,0
1992,32,0,0,0,0
1992,33,0,3,4.24,0
1992,34,10.414,15,21.3,5.88
1992,35,29.718,22,20.44,21.805
1992,36,3.302,3,0,22.54
1992,37,0.508,0,0,0
1992,38,0,0,0,0
1992,39,0,0,0,0
1992,40,0,0,0,0
1992,41,0,0,0,0
1992,42,0,0,0,0
1992,43,0,1,0,0
1992,44,0,1,0.73,0
1992,45,2.286,0,0,0.49
1992,46,1.016,0,0,0
1992,47,0.508,0,1.4,0
1992,48,0,0,0,0.735
1992,49,0,0,0,0
1992,50,0.508,0,0,0
1992,51,0.254,0,0,0
1992,52,0,0,27.05,0
1992,53,28.956,30,6.44,30.38
1992,54,0.254,12,0,3.185
1992,55,45.72,44,49.7,13.72
1992,56,13.97,14,5.34,42.385
1992,57,0.254,0,0,3.675
1992,58,0,0,0,0
1992,59,1.27,0,0,0
1992,60,0,0,0,0
1992,61,0,0,0,0
1992,62,16.764,11,0,0
1992,63,31.75,31,30.7,28.665
1992,64,0,0,11.85,8.33
1992,65,0,0,0,0
1992,66,0.254,0,0,0
1992,67,0,1,0,0
1992,68,31.242,18,0,1.47
1992,69,0.508,0,11.43,13.23
1992,70,0.254,0,0,0
1992,71,0,0,0,0
1992,72,0,0,0,0
1992,73,0,0,0,0
1992,74,0,0,0,0
1992,75,0,0,0,0
1992,76,10.414,6,0,0
1992,77,0.508,9,16.41,15.19
1992,78,0.762,0,0,0
1992,79,0.508,0,0,0
1992,80,0,2,0,0.245
1992,81,0,0,3.62,2.45
1992,82,0.508,0,0,0
1992,83,0,0,0,0
1992,84,0,0,0,0
1992,85,0,0,0,0
1992,86,0,5,0,0
1992,87,16.002,13,6.49,1.47
1992,88,0,1,14.81,19.355
1992,89,0.508,0,0,0
1992,90,0.508,0,0,0
1992,91,0.254,0,0,0
1992,92,1.27,2,0,0
1992,93,0.254,0,3.14,3.185
1992,94,0,0,0,0
1992,95,0.762,3,0,0
1992,96,0.508,1,3.62,4.9
1992,97,0.254,0,0,0
1992,98,0,0,0,0
1992,99,0,0,0,0
1992,100,0,0,0,0
1992,101,0,0,0,0
1992,102,0,1,0,0
1992,103,0,0,0,0
1992,104,0,0,0,0
1992,105,0,1,0,0
1992,106,0,1,0,0
1992,107,17.018,13,0,0
1992,108,0.254,5,16.72,22.295
1992,109,4.064,3,0,0
1992,110,0.762,0,6.07,4.655
1992,111,0,0,0,0
1992,112,0,0,0,0
1992,113,0,0,0,0
1992,114,0,0,0,0
1992,115,0,0,0,0
1992,116,0,0,0,0
1992,117,0,0,0,0
1992,118,12.954,0,0,0
1992,119,0.254,8,6.99,2.94
1992,120,0.508,0,0,0
1992,121,0,0,0,0
1992,122,0,3,0,0
1992,123,22.352,6,0,0
1992,124,3.81,8,9.38,4.165
1992,125,0.508,1,0,0
1992,126,0.508,0,0,0
1992,127,0.508,0,0,0
1992,128,0,0,0,0
1992,129,0,0,0,0
1992,130,0,0,0,0
1992,131,0,1,1.93,0.49
1992,132,10.414,5,0,0
1992,133,0,0,9.33,1.96
1992,134,0,0,0,0
1992,135,0,14,0,0
1992,136,46.482,47,13.1,17.395
1992,137,27.94,9,51.1,56.595
1992,138,0.762,4,12.07,8.33
1992,139,0.254,4,2.8,2.205
1992,140,0.254,4,0,0
1992,141,27.686,21,1.52,4.655
1992,142,1.016,0,27.48,37.73
1992,143,0.254,0,0,0
1992,144,0,1,0,0.245
1992,145,2.54,6,0,0
1992,146,0,0,5.04,4.655
1992,147,0,7,0,0
1992,148,10.922,11,5.36,1.715
1992,149,0,0,16.79,8.33
1992,150,0.254,0,0,0
1992,151,30.226,25,0,0
1992,152,52.832,23,33.31,41.65
1992,153,0.508,10,20.95,25.97
1992,154,0,0,0,0
1992,155,0,0,0,0
1992,156,0,0,0,0
1992,157,2.794,14,5.62,2.45
1992,158,5.08,6,3.66,0.98
1992,159,0,1,7.02,2.205
1992,160,0.254,0,0,0
1992,161,0.254,7,0,0
1992,162,0.762,1,5.28,5.39
1992,163,0,0,0,0
1992,164,0,2,0,0
1992,165,0.254,0,0,1.96
1992,166,0,0,0,0
1992,167,0,0,0,0
1992,168,0,0,0,0
1992,169,0,0,0,0
1992,170,0,0,0,0
1992,171,0,0,0,0
1992,172,0,7,0,0
1992,173,4.826,10,0,0
1992,174,17.78,14,13.48,12.74
1992,175,0.254,2,16.7,12.985
1992,176,0,1,0,0
1992,177,1.27,4,2.47,1.96
1992,178,4.064,6,3.8,3.92
1992,179,3.302,4,3.38,1.715
1992,180,0.254,1,5.83,3.92
1992,181,3.302,3,0,0
1992,182,0,1,6.76,2.94
1992,183,0,0,0,0
1992,184,0.254,0,0,0
1992,185,0.254,0,0,0
1992,186,0,0,0,0
1992,187,0.254,0,0,0
1992,188,0,0,0,0
1992,189,0,0,0,0
1992,190,0,0,0,0
1992,191,0,0,0,0
1992,192,0,0,0,0
1992,193,0,0,0,0
1992,194,0,0,0,0
1992,195,0,0,0,0
1992,196,0,0,0,0
1992,197,0,0,0,0
1992,198,0,4,0,0
1992,199,30.734,7,0,0
1992,200,0.254,5,8.26,9.065
1992,201,0.254,2,4.55,2.94
1992,202,0,1,3.2,0.245
1992,203,0,0,0,0.49
1992,204,0.254,0,0,0.98
1992,205,0,0,0,0
1992,206,0,0,0,0
1992,207,0,0,0,0
1992,208,0,3,0,0
1992,209,0,1,0,0
1992,210,0,0,0,0
1992,211,0,0,0,0
1992,212,0.508,3,0,0
1992,213,0,2,0,0
1992,214,34.798,13,0,0
1992,215,0.508,2,10.81,20.58
1992,216,0,0,0,0
1992,217,0,0,0,0
1992,218,0,0,0,0
1992,219,0,0,0,0
1992,220,0,0,0,0
1992,221,0,0,0,0
1992,222,0,0,0,0
1992,223,3.81,6,0,0
1992,224,5.588,5,7.77,6.37
1992,225,1.27,0,0,2.94
1992,226,0.508,0,0,0
1992,227,0,0,0,0
1992,228,0.762,0,0,0
1992,229,0,0,0,0
1992,230,0,2,0,0
1992,231,1.27,4,0,0
1992,232,1.27,0,4.71,1.225
1992,233,0.254,0,0,0
1992,234,0,0,0,0
1992,235,0,0,0,0
1992,236,0,0,0,0
1992,237,0,0,0,0
1992,238,0,0,0,0
1992,239,0,0,0,0
1992,240,0,0,0,0
1992,241,0,0,0,0
1992,242,0,0,0,0
1992,243,0,1,0,0
1992,244,5.08,6,0,4.655
1992,245,0,1,4.22,1.47
1992,246,2.54,5,4.56,1.715
1992,247,0.254,0,0,0.735
1992,248,0,0,0,0
1992,249,0,0,0,0
1992,250,0,0,0,0
1992,251,0,0,0,0
1992,252,0,5,0,0
1992,253,32.004,31,0,0
1992,254,0.508,1,39.57,33.32
1992,255,0,0,0,0
1992,256,0,0,0,0
1992,257,0,2,0,0.735
1992,258,0,0,0,5.145
1992,259,0.254,0,0,0
1992,260,0,0,0,0
1992,261,0,0,0,0
1992,262,0,0,0,0
1992,263,0,0,0,0
1992,264,6.858,0,0,0
1992,265,0.254,0,0,1.225
1992,266,0.508,0,0,0
1992,267,0.508,0,0,0
1992,268,0.254,0,0,0
1992,269,0,0,0,0
1992,270,0,0,0,0
1992,271,0,0,0,0
1992,272,0,0,0,0
1992,273,0.762,0,0,0
1992,274,0.508,1,0,0
1992,275,0,0,0,0
1992,276,0,0,0,0
1992,277,0,0,0,0
1992,278,0,0,0,0
1992,279,0,0,0,0
1992,280,4.572,11,0,0
1992,281,0.762,2,12.04,17.15
1992,282,0,0,0,0
1992,283,0,0,0,0
1992,284,0,0,0,0
1992,285,0,0,0,0
1992,286,0,0,0,0
1992,287,0,0,0,0
1992,288,0,0,0,0
1992,289,0.254,5,0,4.41
1992,290,0.254,0,0,3.185
1992,291,0,0,0,0
1992,292,0.508,0,0,0
1992,293,0,0,0,0
1992,294,0,0,0,0
1992,295,0,0,0,0
1992,296,0,0,0,0
1992,297,0,0,0,0
1992,298,0,0,0,0
1992,299,0,1,0,0
1992,300,0.254,0,2.72,0.98
1992,301,0.254,2,0,0
1992,302,5.08,11,0,0
1992,303,0.508,7,23.74,24.745
1992,304,0,1,0,0
1992,305,4.572,12,7.93,3.675
1992,306,0.508,0,0,0.49
1992,307,0.508,0,0,0
1992,308,1.016,0,0,0
1992,309,0.508,0,0,0
1992,310,0,0,0,0
1992,311,0,0,0,0
1992,312,0,0,0,0
1992,313,0,1,0,0
1992,314,0,2,0,0
1992,315,10.16,2,3.36,1.715
1992,316,2.032,8,8.98,5.39
1992,317,0.508,0,0,0
1992,318,0,0,0,0
1992,319,0,0,0,0
1992,320,0,0,0,0
1992,321,0,0,0,0
1992,322,0,9,0,0
1992,323,82.296,63,14.99,11.27
1992,324,1.778,10,55.99,42.875
1992,325,8.89,11,0,0.98
1992,326,0.254,0,14,12.74
1992,327,0,0,0,0
1992,328,6.858,5,2.7,1.225
1992,329,0.762,0,3.58,3.185
1992,330,0.254,0,0,0
1992,331,0.254,0,0,0
1992,332,0,0,0,0
1992,333,0,0,0,0
1992,334,0,0,0,0
1992,335,0.508,0,0,0
1992,336,0,0,0,0
1992,337,0,0,0,0
1992,338,0,0,0,0
1992,339,1.524,1,0,0
1992,340,0,0,1.48,1.715
1992,341,0.508,0,0,0
1992,342,0,1,0,0
1992,343,14.732,15,14.18,14.945
1992,344,0,0,0,0
1992,345,0.508,0,0,0
1992,346,0,2,0,0
1992,347,1.016,19,0,0.735
1992,348,57.15,45,34.2,36.26
1992,349,21.336,19,42.34,42.63
1992,350,0.254,0,3.86,0.49
1992,351,0.254,0,0,0
1992,352,0.254,0,0,0
1992,353,0,1,0,0.735
1992,354,0,1,2.01,1.47
1992,355,0,1,1.96,1.47
1992,356,0,0,0,0
1992,357,0,1,0,2.45
1992,358,0.762,0,0,1.47
1992,359,0,1,0,0
1992,360,0.254,0,1.11,1.225
1992,361,0,0,0,0
1992,362,2.54,2,0.68,0.98
1992,363,0,0,2.13,2.45
1992,364,0,0,0,0
1992,365,0,0,0,0
1993,1,0,0,1.28,0.245
1993,2,0,1,3,0.245
1993,3,0,4,5.43,2.205
1993,4,7.874,3,0,5.88
1993,5,0,0,0,0
1993,6,0.254,1,2.4,0
1993,7,2.032,4,4.15,3.185
1993,8,0.508,6,4,4.655
1993,9,19.812,11,11.66,2.94
1993,10,2.794,0,2.54,12.495
1993,11,2.286,4,3.19,2.45
1993,12,0.254,0,0,3.43
1993,13,0.762,0,0,0
1993,14,0,0,0,0
1993,15,0,0,0,0
1993,16,0,0,0,0
1993,17,0,0,1.77,0
1993,18,0.762,4,4.22,1.96
1993,19,19.05,10,14.19,4.655
1993,20,1.778,3,0,12.495
1993,21,0.254,2,0,0.245
1993,22,0,0,0,0.735
1993,23,0,0,0,0
1993,24,0.254,0,0,0
1993,25,0.254,0,0,0
1993,26,0.254,0,0,0
1993,27,0,0,0,0
1993,28,10.668,10,21.27,0
1993,29,15.494,17,4.24,22.54
1993,30,0.254,0,0,0.245
1993,31,0.254,0,0,0
1993,32,0,0,0,0
1993,33,0.254,1,0,0
1993,34,9.906,30,32.2,0
1993,35,10.922,3,5.06,34.545
1993,36,6.096,4,1.94,7.105
1993,37,0.254,0,0,1.96
1993,38,0.508,0,0,0
1993,39,0,0,0,0
1993,40,2.794,1,5.78,0
1993,41,6.096,4,0,7.35
1993,42,0.762,0,0,0
1993,43,0.254,0,0,0
1993,44,0,0,0,0
1993,45,0.508,2,0,0
1993,46,11.684,10,6.78,0
1993,47,0.762,0,0,2.205
1993,48,0.254,0,0,0
1993,49,0.254,0,0,0
1993,50,0,1,0,0
1993,51,0,0,0,0.49
1993,52,0,0,0,0
1993,53,0,0,0,0
1993,54,0,0,0,0
1993,55,0,2,7.46,0
1993,56,20.574,16,19.57,2.205
1993,57,0.762,0,0,13.965
1993,58,0,0,0,0
1993,59,4.826,7,7.78,0.49
1993,60,11.176,8,13.65,5.635
1993,61,0.254,0,0,16.17
1993,62,0.254,0,0,0
1993,63,0.254,0,0,0
1993,64,0,0,0,0
1993,65,0.254,0,0,0
1993,66,0,0,0,0
1993,67,0,0,0,0
1993,68,0,0,0,0
1993,69,0,2,7.74,0
1993,70,31.242,26,42.37,1.47
1993,71,3.556,15,5.71,33.565
1993,72,0.508,0,0,7.595
1993,73,0.254,1,0,0
1993,74,2.032,5,6.05,0
1993,75,0.254,1,0,6.86
1993,76,0.508,0,0,0
1993,77,0,0,0,0
1993,78,31.496,32,32.41,0.98
1993,79,0.508,1,0,40.425
1993,80,0,4,7.21,0
1993,81,27.94,18,15.83,6.86
1993,82,0.762,0,0,10.045
1993,83,0,0,0,0
1993,84,0,0,0,0
1993,85,0.254,0,0,0
1993,86,0,1,0,0.49
1993,87,0,2,0,0
1993,88,0,0,2.81,0.245
1993,89,0.254,1,0,1.96
1993,90,1.27,0,0,0
1993,91,0.254,0,0,0
1993,92,0.254,0,0,0
1993,93,26.416,10,22.51,0
1993,94,1.016,9,0,24.99
1993,95,0.254,0,0,0
1993,96,0,0,5.44,0
1993,97,26.162,17,22.41,1.96
1993,98,0.508,0,0,15.925
1993,99,0.254,0,0,0
1993,100,0,0,0,0
1993,101,0,0,0,0
1993,102,0,0,0,0
1993,103,0,0,10.61,0
1993,104,25.4,23,19.88,3.43
1993,105,0.254,2,0,16.17
1993,106,0,0,0,0.49
1993,107,0.762,0,0.26,0
1993,108,0.254,0,0,0.49
1993,109,0,0,2.81,0
1993,110,5.08,2,0,1.715
1993,111,0.254,0,0,0
1993,112,0.254,0,0,0
1993,113,0,0,0,0
1993,114,0,0,0,0
1993,115,0,0,0,0
1993,116,0,0,0,0
1993,117,0,0,0,0
1993,118,0,2,22.26,0
1993,119,21.59,22,6.66,27.44
1993,120,0.254,6,18.9,4.41
1993,121,21.844,19,18.87,18.375
1993,122,30.226,11,0,18.375
1993,123,0.508,0,0,0
1993,124,0,0,0,0
1993,125,25.4,26,28.29,0
1993,126,0,0,0,25.48
1993,127,0,0,0,0
1993,128,0,5,0,0
1993,129,13.716,17,12.95,0
1993,130,0.762,1,0,28.91
1993,131,0.254,0,0,0
1993,132,0,0,0,0
1993,133,0,0,0,0
1993,134,0,0,0,0
1993,135,0,0,0,0
1993,136,0,0,0,0
1993,137,0,0,4.79,0
1993,138,0.762,2,0,1.225
1993,139,0.762,0,0,0
1993,140,0.254,0,0,0
1993,141,0,0,0,0
1993,142,0,0,0,0
1993,143,7.112,14,11,0
1993,144,0.254,1,0,13.72
1993,145,0,0,0,0
1993,146,0,2,0,0
1993,147,0.254,2,0,0
1993,148,0.254,1,3.92,0
1993,149,0.254,0,0,1.47
1993,150,0.254,8,0,0
1993,151,0.254,0,0,5.39
1993,152,0.762,0,0,0
1993,153,0.508,0,0,0
1993,154,0,1,0,0
1993,155,0,0,0,0
1993,156,0,0,0,0
1993,157,0,0,0,0
1993,158,0,0,0,0
1993,159,0,0,0,0
1993,160,0,12,17.8,0
1993,161,16.764,19,0,10.535
1993,162,0.254,9,6.79,2.45
1993,163,0.762,4,4.91,2.205
1993,164,1.27,2,3.65,6.37
1993,165,0,2,0,4.41
1993,166,0,0,0,1.47
1993,167,0,0,0,0
1993,168,0.254,2,3.29,0
1993,169,3.302,4,5.6,2.94
1993,170,0.508,4,9.73,3.92
1993,171,2.286,13,7.24,9.555
1993,172,52.324,8,21.04,5.145
1993,173,0.254,0,0,15.68
1993,174,0,1,0,0
1993,175,9.652,4,10.63,0.98
1993,176,35.306,5,15.61,1.96
1993,177,1.27,4,0,7.595
1993,178,0.254,0,0,0
1993,179,0,0,0,0
1993,180,0,0,0,0
1993,181,0,0,0,0
1993,182,0,0,0,0
1993,183,0,0,0,0
1993,184,0,0,0,0
1993,185,0,0,0,0
1993,186,0,0,0,0
1993,187,0,0,0,0
1993,188,0,0,0,0
1993,189,0,0,0,0
1993,190,0,0,0,0
1993,191,0,0,0,0
1993,192,0,0,0,0
1993,193,0,0,0,0
1993,194,0,0,0,0
1993,195,0,0,0,0
1993,196,0,0,0,0
1993,197,0,0,0,0
1993,198,0,0,0,0
1993,199,0,0,0,0
1993,200,0,0,0,0
1993,201,0,0,0,0
1993,202,0,0,0,0
1993,203,0,0,0,0
1993,204,0,0,0,0
1993,205,0,0,0,0
1993,206,0,0,0,0
1993,207,0,0,0,0
1993,208,0,0,0,0
1993,209,0,0,0,0
1993,210,0,0,0,0
1993,211,0,0,0,0
1993,212,0.254,0,0,0
1993,213,0,0,0,0
1993,214,0,0,0,0
1993,215,0,0,0,0
1993,216,0,0,0,0
1993,217,0,2,0,0
1993,218,0,0,0,0
1993,219,0,0,0,0
1993,220,0,0,0,0
1993,221,0,0,0,0
1993,222,0,0,0,0
1993,223,0,0,0,0
1993,224,0,0,0,0
1993,225,0,0,0,0
1993,226,0,0,0,0
1993,227,0,0,0,0
1993,228,0.254,0,0,0
1993,229,0.254,0,0,0
1993,230,0,0,0,0
1993,231,0,0,0,0
1993,232,0.254,0,0,0
1993,233,0,0,0,0
1993,234,0,0,0,0
1993,235,0,0,0,0
1993,236,0,0,0,0
1993,237,0,0,0,0
1993,238,0,0,0,0
1993,239,0,0,0,0
1993,240,0,0,0,0
1993,241,0.254,1,0,0
1993,242,0.762,0,0,0
1993,243,0.254,0,0,0
1993,244,0.254,0,0,0
1993,245,0,0,6.86,0
1993,246,16.256,16,15.23,7.35
1993,247,0.508,1,0,18.865
1993,248,0.254,0,0,0
1993,249,0,0,0,0
1993,250,0,0,0,0
1993,251,0,0,0,0
1993,252,0,0,0,0
1993,253,0,0,0,0
1993,254,0,1,0,0
1993,255,0,3,5.54,0
1993,256,5.08,20,38.76,5.145
1993,257,40.132,23,12.58,38.71
1993,258,0,0,0,0.735
1993,259,0.254,0,0,0
1993,260,0,0,0,0
1993,261,0,0,0,0
1993,262,0,0,0,0
1993,263,0,0,0,0
1993,264,0,0,0,0
1993,265,0,0,0,0
1993,266,0,0,0,0
1993,267,0,0,0,0
1993,268,0,10,16.44,0
1993,269,18.288,22,22.94,9.555
1993,270,0.508,0,0,30.38
1993,271,0.254,0,0,0
1993,272,0,0,0,0
1993,273,0,0,0,0
1993,274,0.254,0,0,0
1993,275,0,11,0,0
1993,276,9.906,15,16.07,0.735
1993,277,0.254,0,0,11.515
1993,278,0,0,0,0
1993,279,0,0,0,0
1993,280,0,0,0,0
1993,281,0,0,0,0
1993,282,0.762,0,0,0
1993,283,0.254,2,0,0
1993,284,0,7,0,0
1993,285,6.35,11,24.92,0.735
1993,286,26.162,31,6.89,31.36
1993,287,0.508,0,0,1.715
1993,288,0.254,0,0,0
1993,289,0,0,0,0
1993,290,0,3,0,0
1993,291,0,3,0,0
1993,292,17.272,25,44.6,0
1993,293,37.846,28,10.87,36.995
1993,294,2.032,0,0,8.085
1993,295,1.27,0,0,0
1993,296,0,0,0,0
1993,297,0,0,0,0
1993,298,0,0,0,0
1993,299,0,0,0,0
1993,300,0,0,0,0
1993,301,0,0,0,0
1993,302,11.176,11,10.04,1.47
1993,303,0.254,0,0,9.065
1993,304,0,0,0,0
1993,305,0,0,0,0
1993,306,8.382,5,17.79,0.49
1993,307,2.032,12,0,23.275
1993,308,0,0,0,0
1993,309,0.762,0,0,0
1993,310,0.762,0,0,0
1993,311,0.254,0,0,0
1993,312,0,0,1.4,0
1993,313,0,0,0,0.98
1993,314,0,0,0,0.245
1993,315,0,0,1.61,0
1993,316,0,1,0,0.735
1993,317,0,0,5.39,0
1993,318,0.762,5,0,3.185
1993,319,0.254,8,6.32,0.49
1993,320,11.684,13,15.28,1.47
1993,321,0.254,0,0,9.065
1993,322,0,1,0,0
1993,323,0,0,0,0.49
1993,324,0.508,0,0,0
1993,325,0.254,0,0,0
1993,326,0,0,0,0
1993,327,0,1,0,0
1993,328,0.254,2,4.51,0
1993,329,0.762,4,3.75,2.205
1993,330,1.016,0,0,1.225
1993,331,0.254,0,0,0
1993,332,0,0,0,0
1993,333,0,0,0,0
1993,334,0.254,0,0,0
1993,335,0,0,0,0
1993,336,0,2,5.08,0
1993,337,0,2,0,3.675
1993,338,0,0,0,0
1993,339,0.254,0,0,0
1993,340,0,0,0,0
1993,341,0,0,0,0
1993,342,0,0,0,0.245
1993,343,0,0,1.83,0
1993,344,0.762,1,0,1.225
1993,345,0.508,0,0,0
1993,346,12.192,6,17.9,0
1993,347,1.778,12,0,18.865
1993,348,0.508,0,0,0
1993,349,0.508,0,0,0
1993,350,0,0,0,0
1993,351,0.762,5,4.05,3.43
1993,352,0.762,1,0,2.45
1993,353,0,0,0,0
1993,354,0.508,0,0,0
1993,355,4.572,5,12.95,0
1993,356,12.192,12,3.98,12.005
1993,357,0.508,0,0,6.125
1993,358,0,0,0,0
1993,359,0,0,0,0
1993,360,0,0,0,0
1993,361,0,0,0,0
1993,362,0,0,0,0.49
1993,363,0,0,0,0
1993,364,0,0,0,0
1993,365,0,0,0,0
1994,1,0,0,0,0
1994,2,0,0,0,0
1994,3,0,0,0,0
1994,4,0,0,0,0
1994,5,0.254,0,0,0
1994,6,0,0,0,0
1994,7,0.254,0,0,0
1994,8,0.254,0,0,0
1994,9,0,0,0,0
1994,10,0,1,1.63,0
1994,11,0.254,1,0,0.735
1994,12,7.874,3,6.65,0
1994,13,3.048,3,0,3.675
1994,14,0.254,1,0,0
1994,15,0.254,0,0,0.245
1994,16,0,1,2.58,0
1994,17,1.524,1,0,0.98
1994,18,0.508,0,0,0
1994,19,0.254,1,0,0
1994,20,2.794,6,5.97,0.49
1994,21,1.016,2,0,4.655
1994,22,0,2,1.19,0.98
1994,23,5.334,6,5.08,0.735
1994,24,2.286,1,1.21,3.92
1994,25,0,0,1.01,1.47
1994,26,0.254,1,0,0.245
1994,27,3.048,1,2.44,1.715
1994,28,0.254,0,0,0.98
1994,29,0,0,0,0.735
1994,30,0.508,0,0,0
1994,31,0,0,0,0
1994,32,0.508,0,0,0
1994,33,0,0,0,0
1994,34,0,0,0,0
1994,35,0,0,0,0
1994,36,0,0,0,0
1994,37,0,0,0,0
1994,38,0,0,0,0
1994,39,0,0,2.85,0
1994,40,3.302,5,11.03,1.715
1994,41,0.254,6,5.53,10.78
1994,42,8.89,1,0,3.185
1994,43,0,0,0,0
1994,44,0.762,0,0,0
1994,45,0.508,0,0,0
1994,46,0,0,0,0
1994,47,0,0,0,0
1994,48,0,0,0,0
1994,49,0,0,0,0
1994,50,0,0,5.14,0
1994,51,25.908,30,29,4.165
1994,52,6.35,13,49.57,26.46
1994,53,69.088,41,16.02,47.04
1994,54,1.27,0,0,8.82
1994,55,0.254,0,0,0
1994,56,0,0,0,0
1994,57,0.254,0,0,0
1994,58,0,0,0,0
1994,59,17.018,4,11.69,0.49
1994,60,4.318,9,1.68,8.82
1994,61,0.254,0,0,0.735
1994,62,0,0,0,0
1994,63,0,0,0,0
1994,64,0,1,0,0
1994,65,0,1,5.16,1.225
1994,66,0,0,0,1.715
1994,67,8.636,7,12.97,0
1994,68,4.064,9,0,12.74
1994,69,0.254,0,0,0
1994,70,0,0,0,0
1994,71,1.016,1,3.44,0
1994,72,0.508,2,0,1.715
1994,73,0.254,0,0,0
1994,74,0,0,0,0
1994,75,0,0,0,0
1994,76,0,0,0,0
1994,77,0,0,0,0
1994,78,0,0,0,0
1994,79,0,0,0,0
1994,80,0,0,0,0
1994,81,0.508,0,0,0
1994,82,0,3,0,0
1994,83,53.848,7,8.99,0.49
1994,84,0.508,1,0,6.37
1994,85,0,13,11.36,0.735
1994,86,12.446,4,8.1,4.9
1994,87,0.254,0,0,2.94
1994,88,0.254,0,0,0
1994,89,0,0,0,0
1994,90,0.508,0,0,0
1994,91,0,0,0,0
1994,92,0,3,4.8,0.245
1994,93,7.366,1,0,2.205
1994,94,0.254,0,0,0
1994,95,0,0,0,0
1994,96,0.508,0,0,0.245
1994,97,0,0,0,0
1994,98,0,0,0,0
1994,99,0,0,0,0.245
1994,100,0,0,0,0
1994,101,6.604,9,10.58,0
1994,102,1.016,1,0,2.205
1994,103,0,0,0,0
1994,104,0,0,0,0
1994,105,0,1,0,0
1994,106,0.254,0,0,2.695
1994,107,0.508,0,0,0
1994,108,0,0,0,0
1994,109,0,2,0,0
1994,110,27.432,9,14.57,0.49
1994,111,0.254,3,0,12.495
1994,112,0.762,2,2.86,0.245
1994,113,0.254,0,0,1.47
1994,114,0,0,0,0
1994,115,0,0,0,0
1994,116,0,0,0,0
1994,117,0,0,0,0
1994,118,1.27,2,0,0
1994,119,4.572,15,7.84,0.245
1994,120,1.016,1,0,3.185
1994,121,0.254,4,5.36,0
1994,122,23.876,18,24.91,1.225
1994,123,0,3,0,17.64
1994,124,0,0,0,0
1994,125,0,0,0,0
1994,126,0,0,0,0
1994,127,0,0,0,0
1994,128,0,8,0,0
1994,129,40.386,18,26.45,0.98
1994,130,23.114,18,37.73,25.235
1994,131,0.254,9,3.29,34.3
1994,132,0.508,10,14.23,0.98
1994,133,43.942,29,27.12,15.435
1994,134,0,2,0,26.46
1994,135,3.556,4,18.86,0
1994,136,0.762,8,7.09,9.8
1994,137,0,0,0,5.145
1994,138,0.508,0,0,0
1994,139,0.508,0,0,0
1994,140,0.254,0,0,0
1994,141,0,0,0,0
1994,142,0,0,0,0
1994,143,0,0,0,0
1994,144,0,0,0,0
1994,145,0,2,0,0
1994,146,48.26,24,26.77,0
1994,147,68.326,11,0,16.905
1994,148,0.254,0,0,2.45
1994,149,12.446,9,17.08,0
1994,150,0,6,0,17.395
1994,151,0,0,0,0
1994,152,0.254,0,0,0
1994,153,0.254,0,0,0
1994,154,0,1,4.42,0
1994,155,0,0,0,1.715
1994,156,0,0,0,0
1994,157,0,0,0,0
1994,158,0,0,0,0
1994,159,0,0,0,0
1994,160,0,0,0,0
1994,161,0,7,0,0
1994,162,4.318,15,17.37,6.615
1994,163,0,1,0,21.805
1994,164,0,2,0,0
1994,165,0,10,17.55,0.98
1994,166,22.352,6,6.75,10.535
1994,167,18.034,1,1.82,4.655
1994,168,0.254,1,0,1.47
1994,169,0.254,0,0,0
1994,170,3.556,0,0,0
1994,171,0.508,0,0,0.49
1994,172,0.254,0,0,0
1994,173,0,0,0,0
1994,174,33.528,14,26.83,0
1994,175,0,3,0,29.155
1994,176,0.254,0,0,0
1994,177,0,0,0,0
1994,178,0,0,0,0
1994,179,0.254,0,0,0
1994,180,0,0,0,0
1994,181,0,0,0,0
1994,182,0,1,0,0
1994,183,0.254,0,0,0
1994,184,0,0,0,0
1994,185,0,0,0,0
1994,186,0,0,0,0
1994,187,0.254,1,2.37,0
1994,188,0.254,0,0,0.735
1994,189,0,0,0,0
1994,190,0,2,0,0
1994,191,0.254,1,0,0
1994,192,0.254,1,0,0
1994,193,0.254,3,0,0
1994,194,0,3,0,0
1994,195,0,3,0,0
1994,196,0,0,0,0
1994,197,0,0,0,0
1994,198,0,0,0,0
1994,199,0,0,0,0
1994,200,0.254,0,0,0
1994,201,0,0,0,0
1994,202,0,0,0,0
1994,203,0.254,0,0,0
1994,204,0.254,0,0,0
1994,205,0,0,0,0
1994,206,0.254,0,0,0
1994,207,0,0,0,0
1994,208,0.254,0,0,0
1994,209,0.254,0,0,0
1994,210,0,0,0,0
1994,211,0,0,0,0
1994,212,0,0,0,0
1994,213,0.762,0,0,0
1994,214,0.254,0,0,0
1994,215,0,0,0,0
1994,216,0,0,0,0
1994,217,0,0,0,0
1994,218,0,0,0,0
1994,219,0,0,0,0
1994,220,4.318,2,13.2,0
1994,221,1.524,5,0,12.495
1994,222,0.254,0,0,1.96
1994,223,0.254,0,0,0
1994,224,0,0,0,0
1994,225,0,2,0,0
1994,226,0,0,0,0
1994,227,0,0,0,0
1994,228,2.032,4,0,0
1994,229,0.254,0,0,11.27
1994,230,0,0,0,0
1994,231,0,0,0,0
1994,232,16.51,10,31.5,0
1994,233,8.89,12,4.15,32.095
1994,234,0.508,0,0,8.085
1994,235,0,0,0,0
1994,236,0,0,0,0
1994,237,0,0,0,0
1994,238,0,4,0,0
1994,239,0,0,0,0
1994,240,0.254,0,0,0
1994,241,0,0,0,0
1994,242,0,1,0,0
1994,243,2.286,5,12.51,0
1994,244,7.366,8,8.27,8.33
1994,245,0,1,0,1.96
1994,246,0.254,0,0,0
1994,247,0,0,0,0
1994,248,0.254,0,0,0
1994,249,0,1,0,0
1994,250,0,1,0,0
1994,251,1.016,29,26.62,0
1994,252,22.352,6,0,26.215
1994,253,0.254,1,0,2.45
1994,254,0,0,0,1.47
1994,255,0,0,0,0
1994,256,0,2,0,0.98
1994,257,0,5,2.88,0
1994,258,0,1,0,1.225
1994,259,0.254,0,0,0
1994,260,0.508,0,0,0
1994,261,0.508,0,0,0
1994,262,0,0,0,0
1994,263,0,0,0,0
1994,264,0,0,0,0
1994,265,0.508,0,0,0
1994,266,0.254,0,0,0
1994,267,0,0,0,0
1994,268,0,0,0,0
1994,269,0,0,0,0
1994,270,0,0,0,0
1994,271,0,0,0,0
1994,272,0,0,0,0
1994,273,0.254,0,0,0
1994,274,0,0,0,0
1994,275,0,0,0,0
1994,276,3.302,5,1.65,0
1994,277,0.254,0,0,1.715
1994,278,0.508,0,0,0
1994,279,0,0,0,0
1994,280,46.228,33,46.11,0
1994,281,26.924,18,0,70.805
1994,282,0.254,0,0,1.225
1994,283,0.254,0,0,0
1994,284,0.254,0,0,0
1994,285,0,0,0,0
1994,286,0,0,0,0
1994,287,0,4,7.03,0
1994,288,3.81,5,5.43,5.145
1994,289,11.176,18,19.4,2.205
1994,290,13.208,9,6.19,20.09
1994,291,7.366,25,25.08,5.39
1994,292,0.254,0,0,22.295
1994,293,0.254,7,3.26,0
1994,294,0.254,5,0,2.695
1994,295,0,0,0,0
1994,296,0.762,0,0,0
1994,297,3.81,8,12.57,0
1994,298,3.048,7,0,5.145
1994,299,0.508,0,0,0
1994,300,0.508,0,0,0
1994,301,0,0,0,0
1994,302,0,0,0,0
1994,303,0,0,0,0
1994,304,1.016,0,0,0
1994,305,0.254,0,0,0
1994,306,0,0,0,0
1994,307,0,5,0,0
1994,308,12.446,13,44.27,0
1994,309,17.78,26,0,36.75
1994,310,0.254,0,0,0
1994,311,0.254,3,0,0
1994,312,0,0,0,0
1994,313,9.144,8,8.36,0
1994,314,0,0,0,5.145
1994,315,0,0,0,0
1994,316,0.254,0,0,0
1994,317,0,0,0,0
1994,318,0,6,10.77,0
1994,319,5.842,7,6.9,3.185
1994,320,0.508,0,0,4.655
1994,321,0,0,0,0
1994,322,3.048,4,6.21,0
1994,323,0.508,2,3.11,4.41
1994,324,2.794,6,3.44,2.45
1994,325,0.508,0,0,1.96
1994,326,0,0,0,0
1994,327,0.254,1,2.01,0
1994,328,0.762,2,1.45,0.98
1994,329,0,0,0,0.49
1994,330,0,0,0,0
1994,331,0,0,0,0
1994,332,0.762,0,0,0
1994,333,0,0,0,0
1994,334,0.508,0,0,0
1994,335,0,0,0,0
1994,336,0.254,1,1.02,0.49
1994,337,0,0,0,0.98
1994,338,0,0,0,0
1994,339,0.254,0,0,0
1994,340,0,0,0,0
1994,341,0,0,7.21,0
1994,342,2.794,7,4.34,0.49
1994,343,2.794,11,15.42,2.205
1994,344,0.254,1,0,8.085
1994,345,0,0,0,0
1994,346,0,0,0,0
1994,347,0.508,3,3.83,0
1994,348,16.002,31,44.34,2.45
1994,349,25.4,38,35.21,53.165
1994,350,16.764,8,0,50.225
1994,351,0.508,0,0,0
1994,352,0,0,0,0
1994,353,0,0,0,0
1994,354,0,2,0,0
1994,355,0.254,0,0,0
1994,356,0,0,0,0
1994,357,0.254,0,0,0
1994,358,0.254,0,0,0
1994,359,0.254,0,0,0
1994,360,0,0,0,0
1994,361,9.652,13,25.39,0
1994,362,28.956,26,24.39,27.93
1994,363,0,2,0,16.415
1994,364,0.254,0,0,0
1994,365,4.064,9,7.46,0
1995,1,1.016,0,0,2.695
1995,2,0.254,0,1.58,0
1995,3,0,1,0,0.735
1995,4,0.508,0,0,0
1995,5,0.254,0,2.16,0.245
1995,6,2.032,4,0,1.96
1995,7,0.508,0,0,0
1995,8,0,0,0,0
1995,9,0,0,0,0
1995,10,0,0,0,0
1995,11,0,6,0,0
1995,12,22.098,17,31.29,0.735
1995,13,1.016,4,0,19.845
1995,14,0.254,0,0,0
1995,15,0.508,0,0,0
1995,16,0,1,2.81,0
1995,17,4.064,9,5.86,1.96
1995,18,12.192,9,3.74,3.675
1995,19,0.508,0,0,1.225
1995,20,0,0,0,0
1995,21,0,0,0,0
1995,22,0.254,1,0,0
1995,23,0.762,0,0,0
1995,24,0,0,0,0
1995,25,0,1,1.98,0
1995,26,6.35,9,5.82,3.675
1995,27,1.016,0,0,4.9
1995,28,0.254,0,0,0
1995,29,0.508,0,0,0
1995,30,0.254,0,0,0
1995,31,0,0,0,0
1995,32,0,0,0,0
1995,33,0,0,0,0
1995,34,0,0,0,0
1995,35,0,0,0,0
1995,36,0,0,0,0
1995,37,0,0,0,0
1995,38,0,0,0,0
1995,39,0.254,0,0,0
1995,40,0,0,0,0
1995,41,0,0,5.78,0
1995,42,10.414,5,3.94,3.185
1995,43,0.254,0,2.19,1.715
1995,44,1.016,4,2.68,0.735
1995,45,0.254,1,1.39,2.45
1995,46,0.254,0,0,0.98
1995,47,0.508,0,0,0
1995,48,0.254,0,0,0
1995,49,0.254,0,0,0
1995,50,0,0,0,0
1995,51,0,0,0,0
1995,52,0,0,0,0
1995,53,0,0,0.59,0
1995,54,0,1,0,1.225
1995,55,0.254,1,0,0
1995,56,4.572,8,9.6,0
1995,57,1.778,12,13.96,10.045
1995,58,0.254,0,0,10.78
1995,59,0.762,1,0,1.47
1995,60,0.254,0,2.5,0
1995,61,3.556,4,2.82,1.47
1995,62,0,0,1.31,1.715
1995,63,0,0,0,0.49
1995,64,0,0,0,0
1995,65,0.254,2,12.23,0
1995,66,8.382,12,0,13.965
1995,67,0.508,0,0,0
1995,68,0,0,0,0
1995,69,0,0,0,0
1995,70,0,0,0,0
1995,71,0.254,12,57.46,0
1995,72,65.024,54,10.73,69.58
1995,73,2.794,4,5.03,6.37
1995,74,7.62,5,6.61,3.43
1995,75,0.508,0,0,7.84
1995,76,0.254,0,0,0.735
1995,77,0,0,0,0
1995,78,0.254,0,0,0
1995,79,0,0,0,0
1995,80,0.254,1,0,0.245
1995,81,0,0,0,0.245
1995,82,0,0,0,0
1995,83,0,0,0,0
1995,84,0,1,0,0
1995,85,1.524,1,2.32,0
1995,86,1.016,0,0,0.49
1995,87,4.064,3,4.05,0
1995,88,3.556,3,4.57,1.47
1995,89,0,0,2.56,0.49
1995,90,2.54,2,0,1.715
1995,91,0.254,0,0,0
1995,92,0,0,0,0
1995,93,0,9,9.02,0
1995,94,7.112,10,7.17,8.575
1995,95,38.354,17,21.81,7.35
1995,96,0.508,1,0,21.56
1995,97,0.254,0,0,0
1995,98,0,0,0,0
1995,99,0,19,0,0
1995,100,11.43,12,22.89,0
1995,101,0.508,1,0,11.515
1995,102,0,0,0,0
1995,103,0,0,0,0
1995,104,0,0,0,0
1995,105,0,0,0,0
1995,106,0,1,0,0
1995,107,6.604,15,22.12,0
1995,108,9.652,12,0,25.235
1995,109,5.842,8,10.26,0.98
1995,110,0.762,4,0,4.165
1995,111,0.762,1,0,2.45
1995,112,9.398,17,17.43,0
1995,113,0.254,0,0,13.23
1995,114,0.508,0,0,0
1995,115,0,0,0,0
1995,116,0,0,0,0
1995,117,0,0,0,0
1995,118,0,0,0,0
1995,119,0,0,0,0
1995,120,0,0,0,0
1995,121,0.254,0,0,0
1995,122,0.508,0,0,0
1995,123,3.302,7,3.79,0
1995,124,0,0,0,1.225
1995,125,4.572,14,18.43,0
1995,126,1.016,6,0,2.695
1995,127,0,19,55.93,0
1995,128,57.658,37,0,60.515
1995,129,0,0,0,0.49
1995,130,0,0,0,0
1995,131,2.54,2,2.57,0
1995,132,0,0,0,1.47
1995,133,0,0,0,0
1995,134,0,0,0,0
1995,135,0,1,0,0
1995,136,0,0,0,0.49
1995,137,0,4,0,0
1995,138,0.762,3,0,1.225
1995,139,0.508,0,0,0
1995,140,0,0,0,0
1995,141,0,0,0,0
1995,142,0,0,0,0
1995,143,0,0,0,0
1995,144,0,0,0,0.49
1995,145,0,1,0,0
1995,146,0,0,0,0
1995,147,0,1,0,0
1995,148,23.622,0,13.82,0
1995,149,6.858,23,17.46,16.66
1995,150,21.336,8,0,21.805
1995,151,8.636,10,16.23,0.735
1995,152,0.254,4,0,17.64
1995,153,0,0,0,0
1995,154,0,0,0,0
1995,155,0,0,0,0
1995,156,0,1,0,0
1995,157,0,1,0,0
1995,158,0,0,0,0
1995,159,0,0,0,0
1995,160,0,0,0,0
1995,161,0,33,42.72,0
1995,162,40.386,26,0,42.385
1995,163,0.508,0,0,0
1995,164,0,0,0,0
1995,165,0,0,0,0
1995,166,0,0,0,0
1995,167,0,0,0,0
1995,168,0,0,0,0
1995,169,0,0,0,0
1995,170,0,0,0,0
1995,171,0,0,0,0
1995,172,0,0,0,0
1995,173,0.254,0,0,0
1995,174,0,0,0,0
1995,175,2.286,1,0,0
1995,176,0.508,0,0,0
1995,177,0.508,0,0,0
1995,178,1.778,4,2.62,0
1995,179,0.254,0,0,3.185
1995,180,0.508,2,0,0
1995,181,0.762,0,0,2.695
1995,182,0.254,0,0,0
1995,183,0,0,0,0
1995,184,0,0,0,0
1995,185,0,2,0,0
1995,186,22.86,7,11.42,0
1995,187,0.254,7,15.75,12.74
1995,188,0,0,0,12.74
1995,189,0.254,0,0,0
1995,190,0.254,0,0,0
1995,191,0,0,0,0
1995,192,0,0,0,0
1995,193,0,0,0,0
1995,194,0,0,0,0
1995,195,0,0,0,0
1995,196,15.748,5,4.63,0
1995,197,0.254,2,0,0
1995,198,0,2,4.12,0
1995,199,0,0,0,2.45
1995,200,4.826,3,9.97,2.205
1995,201,0,0,0,4.9
1995,202,0.254,0,0,0
1995,203,0,0,0,0
1995,204,0,0,0,0
1995,205,0.254,0,0,0
1995,206,0,0,0,0
1995,207,0.254,0,0,0
1995,208,0,0,0,0
1995,209,0,0,0,0
1995,210,0,1,0,0
1995,211,23.368,19,50.08,0
1995,212,57.404,45,63.63,47.53
1995,213,33.02,25,24.28,52.185
1995,214,0,11,6.16,27.44
1995,215,0.508,0,0,1.715
1995,216,0.254,0,0,0
1995,217,0,2,0,0
1995,218,0.254,1,0,3.185
1995,219,0,12,0,0
1995,220,0.254,0,0,0
1995,221,0.254,0,0,0
1995,222,0.254,0,0,0
1995,223,0,0,0,0
1995,224,0,0,0,0
1995,225,0,2,0,0
1995,226,8.636,6,0,0
1995,227,0,2,0,5.145
1995,228,0.508,0,0,0
1995,229,0,0,0,0
1995,230,0,0,0,0
1995,231,1.016,0,0,0
1995,232,0.508,0,0,0
1995,233,0,2,0,0
1995,234,0.254,0,0,2.695
1995,235,0,0,0,0
1995,236,0,14,0,0
1995,237,0.254,0,0,0
1995,238,0.254,1,0,0
1995,239,0,0,0,0
1995,240,0,0,0,0
1995,241,0,0,0,0
1995,242,0.762,16,14.22,0
1995,243,0.762,1,0,3.185
1995,244,0.508,0,0,0
1995,245,0,0,0,0
1995,246,0.254,0,0,0
1995,247,0,0,0,0
1995,248,0,1,0,0
1995,249,0.254,1,0,0
1995,250,7.62,9,11.99,0
1995,251,0.508,0,0,14.455
1995,252,0.508,0,0,0
1995,253,0,0,0,0
1995,254,0,2,0,0
1995,255,0,2,0,0
1995,256,0.508,3,4.68,0
1995,257,22.606,8,11.79,1.225
1995,258,0.254,0,0,10.78
1995,259,0,4,0,0
1995,260,1.27,9,17.59,0
1995,261,0.254,1,0,6.615
1995,262,0.254,1,0,0
1995,263,1.524,7,0,0.98
1995,264,39.116,28,36.52,1.225
1995,265,0.762,3,0,29.155
1995,266,0,0,0,0
1995,267,0,0,0,0
1995,268,0,0,0,0
1995,269,0,0,0,0
1995,270,0,0,0,0
1995,271,0,0,0,0
1995,272,0.508,0,0,0
1995,273,0.254,0,0,0
1995,274,0.254,0,0,0
1995,275,1.016,5,8.25,0
1995,276,0.254,1,0,13.965
1995,277,0.254,0,0,0
1995,278,0.254,0,0,0
1995,279,0.254,0,0,0
1995,280,0,0,0,0
1995,281,0,0,0,0
1995,282,0,0,0,0
1995,283,0,0,0,0
1995,284,0,0,0,0
1995,285,0,0,0,0
1995,286,0,0,0,0
1995,287,0.254,0,0,0
1995,288,0,0,0,0
1995,289,0,0,0,0
1995,290,0,0,0,0
1995,291,0.254,0,0,0
1995,292,0,0,0,0
1995,293,0.254,0,0,0
1995,294,0.254,0,0,0
1995,295,0,0,0,0
1995,296,0.508,0,0,0
1995,297,0.254,0,0,0.49
1995,298,0,2,5.85,0
1995,299,0,0,0,3.675
1995,300,0,0,0,0
1995,301,0.508,0,0,0
1995,302,0.762,1,2.59,0
1995,303,0.254,0,0,1.47
1995,304,0,2,10.35,0
1995,305,7.62,11,3.2,16.415
1995,306,1.27,0,0,1.96
1995,307,2.286,2,0,0
1995,308,0,2,2.61,0
1995,309,0,1,0,1.225
1995,310,0,0,1.15,0
1995,311,0.508,1,0,0.49
1995,312,0.762,0,0,0
1995,313,0,0,0,0
1995,314,0,0,0,0
1995,315,1.016,0,0,0
1995,316,0,0,0,0
1995,317,0,0,0,0
1995,318,0,0,0,0
1995,319,0,0,0,0
1995,320,0,3,0,0
1995,321,18.034,18,20.44,1.96
1995,322,0.508,0,0,21.805
1995,323,0,0,0,0
1995,324,0,0,0,0
1995,325,0.254,0,0,0
1995,326,0,0,0,0
1995,327,0.254,0,0,0
1995,328,0.762,0,0,0
1995,329,0,0,0,0
1995,330,0,0,0,0
1995,331,0,0,0,0
1995,332,0.762,0,0,0
1995,333,0,0,0,0
1995,334,0.254,0,0,0
1995,335,0,0,0,0
1995,336,0,0,0,0
1995,337,0,0,0,0
1995,338,0,1,0,0
1995,339,0,0,0,0
1995,340,0,0,0,0
1995,341,0.508,0,4.51,0.245
1995,342,22.86,7,6.88,1.47
1995,343,1.27,0,0,5.145
1995,344,0.508,0,0,0
1995,345,0,0,0,0
1995,346,0,0,0,0
1995,347,0,0,0,0
1995,348,0,0,0,0
1995,349,2.032,3,5.76,0
1995,350,1.016,1,5.2,5.145
1995,351,6.096,13,14.53,3.92
1995,352,6.096,5,3.42,7.595
1995,353,0.508,0,0,1.715
1995,354,0,0,0,0
1995,355,0,0,0,0
1995,356,0,0,0,0
1995,357,0.254,0,0,0
1995,358,0.508,0,0,0
1995,359,0,0,0,0
1995,360,0.254,0,0,0
1995,361,0,0,0,0
1995,362,0,0,0,0
1995,363,0.254,0,2.9,0
1995,364,0.254,2,0,2.45
1995,365,0,5,4.16,0
1996,1,0.762,3,4.78,2.45
1996,2,0.508,0,0,1.225
1996,3,0.254,0,0,0
1996,4,0,0,0,0
1996,5,0,0,0,0
1996,6,0.254,0,0,0
1996,7,0.254,0,0,0
1996,8,0.508,0,0,0
1996,9,0,0,0,0
1996,10,0,0,0,0
1996,11,0,0,0,0
1996,12,0,0,0,0
1996,13,0,0,0,0
1996,14,0,0,0,0
1996,15,0,0,0,0
1996,16,0,0,0,0
1996,17,0,8,10.33,0
1996,18,10.922,4,0,5.88
1996,19,0.508,0,0,0
1996,20,0,0,0,0
1996,21,0,0,0,0
1996,22,0,0,0,0
1996,23,0,0,0,0
1996,24,0.254,0,0,0
1996,25,0,0,0,0
1996,26,0,0,0,0
1996,27,0,0,0,0
1996,28,0,0,0,0
1996,29,0,0,0,0
1996,30,0.762,0,0,0
1996,31,0.254,0,0,0
1996,32,0,1,5.25,0
1996,33,0.508,2,0,3.43
1996,34,0.254,0,0,0
1996,35,1.016,0,0,0
1996,36,0,0,0,0
1996,37,0,0,0,0.245
1996,38,0,0,0,0
1996,39,0,0,0,0
1996,40,0,0,0,0
1996,41,0,1,0,0
1996,42,0,0,0,0
1996,43,0,0,0,0
1996,44,0,0,0,0
1996,45,0,0,0,0
1996,46,0,0,0,0
1996,47,0,0,0,0
1996,48,0,0,0,0
1996,49,0,0,0,0
1996,50,0,0,0,0
1996,51,0,0,0,0
1996,52,0,0,0,0
1996,53,0,0,0,0
1996,54,0,0,0,0
1996,55,0,0,0,0
1996,56,0,0,0,0
1996,57,0,1,0,0
1996,58,0,0,0,0
1996,59,0,0,0,0
1996,60,0.508,0,0,0
1996,61,0.254,0,0,0
1996,62,0,0,0,0
1996,63,0,1,0,0
1996,64,0,1,1.74,1.715
1996,65,1.27,1,0,0
1996,66,0.254,0,0,0
1996,67,0.508,0,0,0
1996,68,0.254,0,0,0
1996,69,0,0,0,0
1996,70,0,0,0,0
1996,71,0,0,0,0
1996,72,0,0,0,0
1996,73,0,0,0,0
1996,74,0,0,0,0
1996,75,4.064,4,0,0
1996,76,0.254,1,6.27,4.9
1996,77,5.08,2,3.52,0.735
1996,78,0.254,0,0,0
1996,79,0.254,0,0,0
1996,80,0.254,0,0,0
1996,81,0,0,0,0
1996,82,0,1,0,0
1996,83,2.286,4,0,0
1996,84,1.778,0,6.62,5.145
1996,85,0.254,2,1.4,0.49
1996,86,16.002,16,3.21,2.205
1996,87,0.254,0,15.43,13.965
1996,88,0,0,0,0
1996,89,0.254,0,0,0.49
1996,90,0.762,0,0,0
1996,91,1.016,0,0,0
1996,92,0.254,0,0,0
1996,93,0,0,0,0
1996,94,0,4,0,0
1996,95,23.368,29,19.01,9.065
1996,96,0.254,1,14.99,9.8
1996,97,0.254,0,0,0
1996,98,0,0,0,0
1996,99,0,0,0,0
1996,100,0,0,0,0
1996,101,0,0,0,0
1996,102,0.254,2,0,0
1996,103,0.508,2,4.08,3.185
1996,104,0.254,0,1.54,1.225
1996,105,0.508,0,0,0
1996,106,0.254,0,0,0
1996,107,0,0,0,0
1996,108,0,0,0,0
1996,109,9.144,6,0,0
1996,110,0.762,0,0,0.49
1996,111,0,3,0,0
1996,112,13.97,17,0,0
1996,113,0.508,0,21.46,13.475
1996,114,0.254,0,0,0
1996,115,0,0,0,0
1996,116,0,0,0,0
1996,117,0,0,0,0
1996,118,0.762,3,0,0
1996,119,3.302,2,5.92,3.92
1996,120,0.254,0,0,0.49
1996,121,0,0,0,0
1996,122,0,0,0,0
1996,123,0,0,0,0
1996,124,0,0,0,0
1996,125,0,2,0,0
1996,126,19.558,21,3.4,4.655
1996,127,0.254,0,31.49,16.905
1996,128,0.254,0,0,0
1996,129,0.254,0,0,0
1996,130,0,0,0,0.98
1996,131,0.254,0,0,0
1996,132,0,0,0,0
1996,133,0,0,0,0
1996,134,0,0,0,0
1996,135,0,0,0,0
1996,136,0,0,0,0
1996,137,0.254,0,0,0
1996,138,0,0,0,0
1996,139,0.254,0,0,0
1996,140,0,0,0,0
1996,141,0,0,0,0
1996,142,0.254,0,0,0
1996,143,0,0,0,0
1996,144,0.254,0,0,0
1996,145,0.254,0,0,0
1996,146,0,0,0,0
1996,147,0,1,0,0
1996,148,0,1,0,0
1996,149,0.254,3,0,0
1996,150,20.828,12,18.98,11.515
1996,151,14.224,2,6.73,2.205
1996,152,0.254,3,4.78,2.205
1996,153,0,1,0,2.205
1996,154,0.508,1,3.53,1.715
1996,155,10.668,20,15.45,13.23
1996,156,0,0,0,2.205
1996,157,0,2,0,0
1996,158,17.526,14,14.09,12.495
1996,159,0,0,7.27,4.165
1996,160,0,1,0,0
1996,161,0,1,0,0
1996,162,0,1,2.03,2.205
1996,163,0,1,0,0.98
1996,164,0,0,0,0
1996,165,0,2,0,0
1996,166,0,2,0,0.49
1996,167,0,0,0,0
1996,168,0,0,0,0
1996,169,0,3,0,0
1996,170,0,0,0,0
1996,171,0,0,0,0
1996,172,0,0,0,0
1996,173,2.286,3,0,0
1996,174,0,4,0,7.595
1996,175,0,3,0,0
1996,176,0,1,0,0
1996,177,0.508,1,0,1.225
1996,178,0,0,0,1.96
1996,179,0,0,0,0
1996,180,0.254,0,0,0
1996,181,0,0,0,0
1996,182,0,0,0,0
1996,183,0,0,0,0
1996,184,0,1,0,0
1996,185,0,2,0,0
1996,186,0,0,0,0
1996,187,0,0,0,0
1996,188,0,0,0,0
1996,189,0,0,0,0
1996,190,0,3,0,0
1996,191,26.162,10,0,0
1996,192,11.176,15,21.88,33.81
1996,193,22.86,16,0,0
1996,194,0,1,28.59,20.335
1996,195,0,0,0,0.735
1996,196,3.048,0,0,0
1996,197,0,0,0,0
1996,198,0,0,0,0
1996,199,0,0,0,0
1996,200,0,0,0,0
1996,201,0,0,0,0
1996,202,0,0,0,0
1996,203,0,1,0,0
1996,204,1.778,2,0,0
1996,205,24.13,4,5.99,0.49
1996,206,1.016,0,10.5,13.23
1996,207,0,3,0,0
1996,208,0,1,0,0
1996,209,0,0,0,0
1996,210,0,0,0,0
1996,211,0,0,0,0
1996,212,0,4,0,0
1996,213,0,0,0,0
1996,214,0,0,0,0
1996,215,0,0,0,0
1996,216,0,0,0,0
1996,217,0,0,0,0
1996,218,0,0,0,0
1996,219,0,3,0,0
1996,220,0,4,0,0
1996,221,0.508,7,11.54,6.37
1996,222,37.846,14,0,0
1996,223,1.27,1,28.59,16.415
1996,224,0,0,10.2,0.735
1996,225,0,0,0,0
1996,226,0,0,0,0
1996,227,0,0,0,0
1996,228,2.286,2,0,0
1996,229,6.604,1,0,0.245
1996,230,0.254,2,0,0.735
1996,231,0,3,0,2.205
1996,232,0,2,0,0.735
1996,233,0,1,0,0
1996,234,21.336,17,0,0
1996,235,35.306,16,17.87,27.93
1996,236,12.7,6,26.2,28.665
1996,237,0,2,3.56,3.43
1996,238,0,2,0,0
1996,239,16.51,12,0,0.245
1996,240,43.434,9,19.58,8.33
1996,241,21.336,43,27.04,12.74
1996,242,3.556,10,27.72,24.745
1996,243,4.826,11,17.57,14.21
1996,244,0,0,17.48,5.635
1996,245,0,0,0,0
1996,246,7.112,9,4.27,4.655
1996,247,0.254,0,0,12.495
1996,248,0,0,0,0
1996,249,0,0,0,0
1996,250,0,7,0,0
1996,251,0,0,0,0
1996,252,0,0,0,0
1996,253,0,0,0,0
1996,254,0,0,0,0
1996,255,0,0,0,0
1996,256,44.704,9,0,0
1996,257,0.254,0,6.72,9.065
1996,258,11.43,7,0,0.98
1996,259,0,0,4.24,4.165
1996,260,0,0,0,0
1996,261,16.51,38,0,0
1996,262,2.794,17,39.76,30.625
1996,263,0.762,5,17.05,3.185
1996,264,0,0,5.2,2.94
1996,265,0,0,0,0
1996,266,0,0,0,0
1996,267,0,1,0,0
1996,268,0,2,0,0.735
1996,269,11.684,9,0,0
1996,270,0.254,1,5.69,6.37
1996,271,0,0,0,4.165
1996,272,0,0,0,0
1996,273,0,0,0,0
1996,274,0,0,0,0
1996,275,0,0,0,0
1996,276,9.398,6,0,0
1996,277,0,0,6.08,0.735
1996,278,0,0,0,0
1996,279,0,0,0,0
1996,280,0,0,0,0
1996,281,0,0,0,0
1996,282,0,0,0,0
1996,283,0,0,0,0
1996,284,0,0,0,0
1996,285,0,0,0,0
1996,286,0,0,0,0
1996,287,0,0,0,0
1996,288,0,0,0,0
1996,289,0,0,0,0
1996,290,0,0,0,0
1996,291,0,0,0,0
1996,292,0,0,0,0
1996,293,0,4,0,0
1996,294,2.54,8,0,0
1996,295,4.318,2,8.64,9.555
1996,296,0,0,0,0.49
1996,297,0.762,2,0,0
1996,298,0,0,2.92,2.94
1996,299,0,0,0,0.49
1996,300,0,1,0,0
1996,301,0,3,2.85,0
1996,302,0.508,1,0,0
1996,303,0,0,1.64,0.49
1996,304,0,0,0,0
1996,305,1.016,2,1.73,1.225
1996,306,0,0,0,0
1996,307,0,0,0,0
1996,308,0,0,0,0
1996,309,0,0,0,0
1996,310,0.508,0,0,0
1996,311,23.622,27,27.12,29.4
1996,312,0,0,0,0
1996,313,0,0,0,0
1996,314,0,0,0,0
1996,315,0,0,0,0
1996,316,0,0,0,0
1996,317,0,0,0,0
1996,318,0,0,0,0
1996,319,0.508,1,0,0
1996,320,0,2,4.32,1.715
1996,321,7.874,7,7.88,6.615
1996,322,0,0,5.19,1.715
1996,323,0,0,0,0
1996,324,0,0,0,0
1996,325,0.254,0,0,0
1996,326,0,4,0,0
1996,327,0,0,0,0
1996,328,22.606,41,23.25,22.05
1996,329,0,0,16.97,13.23
1996,330,0,0,0,0
1996,331,0.254,0,0,0
1996,332,2.54,9,0,0
1996,333,20.32,13,12.5,11.025
1996,334,6.858,2,12.68,12.495
1996,335,0,0,4.83,2.695
1996,336,0,0,0,0
1996,337,0,4,0,0
1996,338,14.986,9,0,0
1996,339,0.254,1,11.84,12.495
1996,340,0,0,0,0
1996,341,0,0,0,0
1996,342,0,0,0,0
1996,343,0,0,0,0
1996,344,0,0,0,0
1996,345,0,0,0,0
1996,346,0,0,0,0
1996,347,0,0,0,0
1996,348,0,0,0,0
1996,349,56.896,53,38.16,38.22
1996,350,4.826,2,18.98,19.6
1996,351,0.254,0,2.27,1.715
1996,352,0,0,0,0
1996,353,0,0,0,0
1996,354,0,0,0,0
1996,355,0,0,0,0
1996,356,0,0,0,0
1996,357,0,0,0,0
1996,358,0,0,0,0
1996,359,0,0,0,0
1996,360,0.254,1,0,0.245
1996,361,0,0,0,0.49
1996,362,0,0,0,0
1996,363,0.254,0,0,0
1996,364,0,0,0,0.245
1996,365,0,0,0,0
1997,1,0,0,0,0
1997,2,0,0,0,0
1997,3,0,0,0,0
1997,4,0,0,0,0
1997,5,0,0,6.14,0
1997,6,11.684,7,14.02,0.245
1997,7,3.048,8,21.89,14.945
1997,8,26.162,16,5.42,13.23
1997,9,0.254,5,0,1.47
1997,10,0,0,0,0
1997,11,0,0,0,0
1997,12,0,0,2.39,0
1997,13,0,1,0,1.96
1997,14,0.254,1,6.64,0.735
1997,15,0.254,0,0,0.735
1997,16,0,0,0,0
1997,17,0,0,0,0
1997,18,0,0,0,0
1997,19,0,0,0,0
1997,20,0.508,1,2.95,0
1997,21,1.778,0,0,6.125
1997,22,0,4,0,0
1997,23,3.048,11,16.34,0
1997,24,0,0,0,3.92
1997,25,0,0,0,0
1997,26,0,0,0,0
1997,27,0,0,0,0
1997,28,0,0,0,1.47
1997,29,0,0,0,0
1997,30,0,2,0,0
1997,31,0,0,0,0
1997,32,0,0,0,0
1997,33,0,0,0,0
1997,34,0,1,0,0.245
1997,35,0,1,0,5.88
1997,36,0,4,0,0
1997,37,4.318,12,21.03,0
1997,38,13.208,11,10.83,15.19
1997,39,0,0,0,6.37
1997,40,0.254,1,3.13,0
1997,41,0.254,4,0,0.735
1997,42,0,0,31,0
1997,43,82.296,75,64.84,20.825
1997,44,0.254,0,0,58.8
1997,45,0,1,0,0
1997,46,0.254,0,0,0
1997,47,0,0,0,0
1997,48,0,0,0,0
1997,49,0,0,0,0
1997,50,1.524,11,9.05,1.715
1997,51,10.16,15,26.67,2.94
1997,52,0,0,0,11.27
1997,53,0,0,0,0
1997,54,0,7,0,0
1997,55,30.48,20,26.08,0
1997,56,4.318,4,9.7,24.255
1997,57,5.588,6,5.03,9.31
1997,58,0.254,0,0,3.92
1997,59,0.254,1,0,0
1997,60,1.27,11,13.86,0.245
1997,61,4.064,16,12.38,16.905
1997,62,0.508,0,0,5.145
1997,63,0.508,0,1.94,0
1997,64,3.048,1,0,0.735
1997,65,0,0,0,0.735
1997,66,0,0,0,0
1997,67,0,0,0,0
1997,68,16.764,19,28.1,0.49
1997,69,7.112,10,0,18.62
1997,70,0.254,1,7.86,0
1997,71,27.686,19,20.58,2.695
1997,72,0,0,0,17.395
1997,73,0,0,0,0
1997,74,0,1,0,0
1997,75,1.524,4,3.35,0
1997,76,0.508,1,0.94,4.655
1997,77,0.254,0,0,2.94
1997,78,0,0,0,0
1997,79,0,0,0,0
1997,80,0,0,0,0
1997,81,0,0,0,0
1997,82,0,0,0,0
1997,83,0,0,0,0
1997,84,28.702,15,16.74,0
1997,85,0,0,0,13.23
1997,86,0,0,0,0
1997,87,0,0,0,0
1997,88,4.064,3,7.62,0
1997,89,0,1,0,0
1997,90,0,0,0,0
1997,91,0.254,1,0.14,0
1997,92,0,1,0,2.695
1997,93,6.604,16,39.61,1.47
1997,94,101.092,55,32.54,57.33
1997,95,4.064,9,0,37.73
1997,96,0,0,0,0
1997,97,0,0,0,0
1997,98,0.508,2,3.49,0.245
1997,99,0,0,0,0.98
1997,100,0,1,0,0
1997,101,7.62,6,11.23,0
1997,102,0,3,0,3.92
1997,103,0,1,0,0
1997,104,0,0,0,0
1997,105,0,0,0,0
1997,106,0,0,0,0
1997,107,0,0,0,0
1997,108,0,0,0,0
1997,109,0,0,0,0
1997,110,0,1,2.14,0
1997,111,0,0,0,0.49
1997,112,0,0,0,0
1997,113,0,0,0,0
1997,114,0,9,0,0
1997,115,31.75,31,53.41,2.695
1997,116,35.814,30,32.28,48.265
1997,117,2.032,8,8.13,26.95
1997,118,0,0,0,4.41
1997,119,0,0,0,0
1997,120,0,0,0,0
1997,121,0,0,0,0
1997,122,0.254,0,0,0
1997,123,0,0,0,0.49
1997,124,0,0,0,0
1997,125,0,0,0,0
1997,126,0,0,0,0
1997,127,0,0,0,0
1997,128,0,0,0,0
1997,129,14.986,22,26.39,0
1997,130,0,0,0,14.455
1997,131,0,6,0,0
1997,132,7.366,7,10.18,0
1997,133,0.254,0,0,8.33
1997,134,0,0,0,0
1997,135,1.778,2,0,0
1997,136,0,0,0,8.82
1997,137,0,0,0,0
1997,138,0,0,0,0
1997,139,23.114,14,11.9,0
1997,140,0,0,0,11.025
1997,141,2.286,0,0,1.225
1997,142,0,0,0,0
1997,143,21.844,24,21.34,0
1997,144,2.794,2,7.2,26.705
1997,145,0,0,0,6.37
1997,146,0.254,1,0,0
1997,147,0,5,8.2,0.245
1997,148,0,0,0,1.96
1997,149,0,0,0,0
1997,150,0.508,5,5.75,0
1997,151,0,0,0,1.96
1997,152,0,0,0,0
1997,153,0,0,0,0
1997,154,0,0,0,0
1997,155,0,0,0,0
1997,156,0,0,0,0
1997,157,0,3,0,0
1997,158,0,2,0,4.165
1997,159,4.572,14,45.23,0.49
1997,160,43.18,30,40.53,58.31
1997,161,35.56,34,10.85,25.97
1997,162,0,0,0,5.39
1997,163,0,1,0,0
1997,164,0,0,0,0
1997,165,0,2,0,0
1997,166,0,2,0,0
1997,167,0,0,12.82,0
1997,168,12.192,13,0,13.965
1997,169,0,0,0,0
1997,170,0,0,0,0
1997,171,0,0,0,0
1997,172,0.254,2,4.24,0
1997,173,3.81,23,25.39,2.45
1997,174,2.54,3,6.62,9.065
1997,175,0,0,0,5.39
1997,176,0,1,0,0
1997,177,10.414,0,0,0
1997,178,0,0,0,0
1997,179,0,0,0,0
1997,180,0,0,0,0
1997,181,0,0,0,0
1997,182,0,0,0,0
1997,183,0,0,0,0
1997,184,0,0,0,0
1997,185,0,0,0,0
1997,186,0,0,0,0
1997,187,0,2,0,0
1997,188,0,0,0,6.86
1997,189,0,0,0,0
1997,190,0,0,0,0
1997,191,0,0,0,0
1997,192,0,0,0,0
1997,193,0,0,0,0
1997,194,0,0,0,0
1997,195,0,3,0,0
1997,196,8.89,2,4.52,0
1997,197,0.254,0,0,0
1997,198,0,0,0,0
1997,199,0,0,0,0
1997,200,0,0,0,0
1997,201,0,0,0,0
1997,202,0,0,0,0
1997,203,0,0,0,0
1997,204,0,0,0,0
1997,205,0,0,0,0
1997,206,0,0,0,0
1997,207,0,0,0,0
1997,208,0,0,0,0
1997,209,0,0,0,0
1997,210,0,0,0,0
1997,211,0,9,6.45,0
1997,212,0,0,0,4.9
1997,213,0,0,0,0
1997,214,0,0,0,0
1997,215,0,0,0,0
1997,216,0,0,0,0
1997,217,0,1,0,0
1997,218,0,0,0,1.96
1997,219,10.668,18,16.55,0
1997,220,1.778,7,24.45,8.82
1997,221,7.366,14,2.23,28.175
1997,222,0,0,0,1.225
1997,223,0,0,0,0
1997,224,0,0,0,0
1997,225,0,0,0,0
1997,226,0,0,0,0
1997,227,0,0,0,0
1997,228,0,0,0,0
1997,229,0,0,0,0
1997,230,0,0,0,0
1997,231,0,0,0,0
1997,232,0,2,0,0
1997,233,0.508,7,0,0
1997,234,0,0,0,10.78
1997,235,0.508,0,0,0
1997,236,0,0,0,0
1997,237,0,0,0,0
1997,238,0,0,0,0
1997,239,0,0,0,0
1997,240,0,0,0,0
1997,241,0,0,0,0
1997,242,0,0,0,0
1997,243,0,0,0,0
1997,244,0,0,0,0
1997,245,3.302,6,0,0
1997,246,3.81,14,24.19,11.515
1997,247,0,4,7.55,12.495
1997,248,0,0,0,8.085
1997,249,0,0,0,0
1997,250,0,0,0,0
1997,251,0,0,0,0
1997,252,0,0,0,0
1997,253,0,0,0,0
1997,254,0,0,0,0
1997,255,0,0,0,0
1997,256,0,0,0,0
1997,257,0,0,0,0
1997,258,0,0,0,0
1997,259,0,0,0,0
1997,260,0,0,0,0
1997,261,0,0,0,0
1997,262,0,0,0,0
1997,263,0,0,0,0
1997,264,0,0,0,0
1997,265,0.508,4,7.51,0
1997,266,0.508,0,0,3.92
1997,267,0,0,0,0
1997,268,0,0,0,0
1997,269,0,0,0,0
1997,270,0,0,0,0
1997,271,0,0,0,0
1997,272,0,0,0,0
1997,273,0,0,0,0
1997,274,0.508,1,0,0
1997,275,0,0,0,0
1997,276,0,0,0,0
1997,277,0,0,0,0
1997,278,0,2,0,0
1997,279,0,8,4.94,0
1997,280,13.716,16,22.03,4.9
1997,281,26.67,18,14.39,13.475
1997,282,0.762,2,0,23.275
1997,283,0,2,0,0.735
1997,284,9.398,15,13.84,0.49
1997,285,9.398,16,14.77,14.945
1997,286,0,1,0,14.21
1997,287,0,1,0,0.245
1997,288,0,0,0,0
1997,289,0,0,0,0
1997,290,0,0,0,0
1997,291,0,0,0,0
1997,292,0,0,0,0
1997,293,0,1,0,0
1997,294,0,1,5.48,0
1997,295,0,2,0,1.47
1997,296,4.572,15,9.8,0
1997,297,6.858,0,0,1.96
1997,298,0,0,0,0
1997,299,0,0,0,0
1997,300,0,0,0,0
1997,301,0,0,0,0
1997,302,0,0,0,0
1997,303,0,0,0,0
1997,304,0,0,0,0
1997,305,0,0,0,0
1997,306,0,0,0,0
1997,307,0,0,0,0
1997,308,0,0,0,0
1997,309,0,0,0,0
1997,310,0,1,0,0
1997,311,0,0,0,0
1997,312,0,1,0,0
1997,313,19.558,23,19.95,0
1997,314,1.27,2,0,32.34
1997,315,1.27,2,23.71,0
1997,316,21.336,27,9.65,31.115
1997,317,7.62,6,2.04,7.84
1997,318,0.254,2,9.05,2.94
1997,319,9.652,7,3.98,12.985
1997,320,0,1,0,1.47
1997,321,0,0,0,0
1997,322,0,0,0,0
1997,323,0,0,0,0
1997,324,0,0,0,0
1997,325,0.254,0,0,0
1997,326,0,0,0,0
1997,327,0,0,0,0
1997,328,0,0,0,0
1997,329,0,0,0,0
1997,330,0,1,0,0
1997,331,0,0,0,0
1997,332,21.082,19,25.09,0
1997,333,0.508,1,0,21.805
1997,334,0,2,0,0
1997,335,0,0,0,0
1997,336,19.05,22,14.88,0
1997,337,0,0,0,14.7
1997,338,0,0,0,0
1997,339,0,2,0,0
1997,340,0,7,0,0
1997,341,14.478,15,23.27,0
1997,342,0.508,0,0,15.435
1997,343,0,0,0,0
1997,344,0,0,0,0
1997,345,0,0,0,0
1997,346,0,0,0,0
1997,347,0,0,0,0
1997,348,0,0,0,0
1997,349,0,0,0,0
1997,350,0,1,0,0
1997,351,0,0,0,0
1997,352,0,0,0,0
1997,353,1.27,3,2.4,0
1997,354,110.998,94,131.55,6.615
1997,355,0.254,9,0,105.35
1997,356,0,0,4.62,0
1997,357,19.558,27,21.06,1.715
1997,358,0,0,0,22.54
1997,359,0,0,5.44,0
1997,360,3.556,8,4.29,2.94
1997,361,0,0,0,3.92
1997,362,0,0,0,0
1997,363,0,0,0,0
1997,364,0,0,0,0
1997,365,0,0,0,0
1998,1,0,0,0,0
1998,2,0,1,1.41,0.98
1998,3,0,0,0.85,0.49
1998,4,52.07,8,62.75,1.96
1998,5,54.61,35,29.81,18.865
1998,6,32.766,58,43.83,16.66
1998,7,11.938,18,5.77,36.26
1998,8,1.27,1,0,3.43
1998,9,0.254,0,0,0
1998,10,0,0,0,0
1998,11,0,1,0,0
1998,12,0.254,0,0,0.49
1998,13,0,0,0,0
1998,14,0,0,0,0.735
1998,15,0,0,0,0.245
1998,16,0,0,0,0
1998,17,0,0,0,0
1998,18,0,1,0,0
1998,19,0,0,0,0
1998,20,0,0,0,0
1998,21,3.302,4,4.7,0
1998,22,0,0,0,13.965
1998,23,0,0,0,0
1998,24,0,0,0,0
1998,25,0,0,0,0
1998,26,0,0,0,0
1998,27,0,0,0,0
1998,28,0,0,0,0
1998,29,0,0,0,0
1998,30,0,0,0,0
1998,31,2.54,2,7.48,0
1998,32,0,0,0,1.715
1998,33,0.254,0,0,0.245
1998,34,0,0,0,0
1998,35,0,0,0,0
1998,36,0,1,0,0.735
1998,37,0,0,0,0
1998,38,0,0,0,0
1998,39,0,0,0,0
1998,40,0,13,0,0
1998,41,14.224,19,29.48,0
1998,42,0,0,0,26.215
1998,43,2.032,2,2.72,0
1998,44,0,0,0,2.45
1998,45,2.032,1,1.99,0
1998,46,0.508,1,2.5,2.205
1998,47,5.08,8,6.62,3.43
1998,48,0,0,0,4.9
1998,49,10.414,11,11.79,0
1998,50,0,1,0,12.005
1998,51,0.508,1,0,0
1998,52,18.796,19,22.67,0
1998,53,0,4,0,19.845
1998,54,0.254,0,0,0
1998,55,0,1,0,0
1998,56,17.018,23,23.03,0
1998,57,3.81,3,0,28.665
1998,58,0,0,0,0
1998,59,0,0,0,0
1998,60,0,0,0,0
1998,61,0,0,0,0
1998,62,0,0,0,0
1998,63,0,0,0,0
1998,64,0,0,0,0
1998,65,0,0,0,0
1998,66,5.334,3,2.49,0
1998,67,1.524,1,0,3.43
1998,68,0,0,0,0
1998,69,0,0,0,0
1998,70,0,0,0,0
1998,71,0,0,0,0
1998,72,0.254,0,0,0
1998,73,5.334,11,11.22,1.96
1998,74,1.524,3,25.73,6.86
1998,75,26.67,30,7.12,19.355
1998,76,0,0,0,2.94
1998,77,1.016,2,3.7,0
1998,78,3.81,7,0,2.205
1998,79,0,0,0,0
1998,80,0,0,0,0
1998,81,0,0,0,0
1998,82,0,0,0,0
1998,83,0,0,0,0
1998,84,0,0,0,0
1998,85,0,0,0,0
1998,86,1.778,2,4.29,0
1998,87,0,0,0,1.96
1998,88,0,0,0,0
1998,89,14.732,18,18.83,0
1998,90,0.254,0,0,21.315
1998,91,0,0,0,0
1998,92,0,0,0,0
1998,93,0,0,0,0
1998,94,0,0,0,0
1998,95,0,0,0,0
1998,96,0,0,0,0
1998,97,0,0,13.67,0
1998,98,10.16,10,0,12.74
1998,99,0,0,0,0
1998,100,0,1,0,0
1998,101,0,0,0,0
1998,102,0,0,0,0
1998,103,0,0,0,0
1998,104,0,0,0,0
1998,105,0,0,0,0
1998,106,0,0,0,0
1998,107,0,0,0,0
1998,108,0,0,0,0
1998,109,0,0,0,0
1998,110,3.048,9,14.93,0
1998,111,7.366,6,0,14.21
1998,112,0,0,0,0
1998,113,0,0,0,0
1998,114,0,0,0,0
1998,115,0,0,0,0
1998,116,12.192,14,14.21,0
1998,117,0.254,0,0,11.025
1998,118,0,0,0,0
1998,119,0,0,0,0
1998,120,0,0,0,0
1998,121,0,0,0,0
1998,122,0,0,0,0
1998,123,0,0,0,0.49
1998,124,0,0,0,0
1998,125,0,0,0,0
1998,126,0,0,0,0
1998,127,0,0,0,0
1998,128,0,0,0,0
1998,129,0,0,0,0
1998,130,0,0,0,0
1998,131,0,0,0,0
1998,132,0,0,0,0
1998,133,0,0,0,0
1998,134,0,0,0,0
1998,135,0,0,0,0
1998,136,0,0,0,0
1998,137,0,0,0,0
1998,138,0,0,0,0
1998,139,0,0,0,0
1998,140,0,0,0,0
1998,141,0,0,0,0
1998,142,0,0,0,0
1998,143,0,0,0,0
1998,144,0,0,0,0
1998,145,0,0,1.25,0
1998,146,0.254,2,7.92,1.225
1998,147,12.7,10,0,9.555
1998,148,0,0,0,0
1998,149,0,0,0,0
1998,150,0,0,0,0
1998,151,0,0,0,0
1998,152,0,0,0,0
1998,153,0,0,0,0
1998,154,0,0,0,0
1998,155,15.24,12,27.72,0
1998,156,29.718,10,5.7,14.21
1998,157,0,0,0,1.47
1998,158,0,0,0,0
1998,159,0,0,0,0
1998,160,0,0,0,0
1998,161,0,1,4.13,0
1998,162,6.096,3,2.37,3.92
1998,163,0,0,0,1.225
1998,164,0,0,0,0
1998,165,0,0,0,0
1998,166,0,0,0,0
1998,167,0,0,0,0
1998,168,0,0,0,0
1998,169,0,0,0,0
1998,170,0,0,0,0
1998,171,0,0,0,0
1998,172,0,0,0,0
1998,173,0,0,0,0
1998,174,0,0,0,0
1998,175,0,0,0,0
1998,176,0,0,0,0
1998,177,0,0,0,0
1998,178,0,0,0,0
1998,179,2.286,0,0,0
1998,180,0,0,0,0
1998,181,0,0,0,0.49
1998,182,0,0,0,0
1998,183,0,4,0,0
1998,184,7.112,11,7.55,1.96
1998,185,0.254,1,2.36,10.535
1998,186,0,0,0,0.735
1998,187,0,0,0,0
1998,188,0,0,0,0
1998,189,0,0,0,0
1998,190,0,0,0,0
1998,191,0,0,0,0
1998,192,0,0,0,0
1998,193,0,0,0,0
1998,194,0,0,0,0
1998,195,3.81,1,0,0
1998,196,0,0,0,1.715
1998,197,0.508,4,0,0
1998,198,0,1,0,3.675
1998,199,0,0,0,0.49
1998,200,0,0,0,0
1998,201,0,0,0,0
1998,202,0,0,0,0
1998,203,0,0,0,0
1998,204,0,0,0,0
1998,205,0,0,0,0
1998,206,0,0,0,0
1998,207,0,0,0,0
1998,208,0,0,0,0
1998,209,0,0,0,0
1998,210,0,0,0,0
1998,211,0,0,0,0
1998,212,0,0,0,0
1998,213,0,0,0,0
1998,214,0,0,0,0
1998,215,0,0,0,0
1998,216,1.016,5,0,0
1998,217,0,0,16.84,0
1998,218,17.526,17,9.34,3.92
1998,219,0,1,0,4.655
1998,220,0,1,0,0.245
1998,221,0,0,0,0
1998,222,0,0,0,0
1998,223,0,1,0,0
1998,224,0,14,0,0
1998,225,3.048,12,17.27,2.695
1998,226,21.336,13,18.05,21.805
1998,227,0,0,0,21.07
1998,228,0,0,0,0
1998,229,0.508,1,1.41,0
1998,230,0.254,0,0,1.225
1998,231,0,0,0,0
1998,232,0,0,0,0
1998,233,0,0,0,0
1998,234,0,1,0,0
1998,235,0,0,0,3.185
1998,236,0,0,0,0.49
1998,237,0,0,0,0
1998,238,0,0,0,0
1998,239,0,0,0,0
1998,240,0,1,0,0
1998,241,1.27,4,10.63,0
1998,242,0,0,0,9.555
1998,243,0,0,0,0
1998,244,0,0,0,0
1998,245,0,0,0,0
1998,246,0,0,0,0
1998,247,0,0,0,0
1998,248,0,0,0,0
1998,249,0,0,0,0
1998,250,0,0,0,0
1998,251,0,0,0,0
1998,252,0,0,0,0
1998,253,0,0,8.09,0
1998,254,12.192,38,36.86,16.905
1998,255,12.7,19,13.58,39.445
1998,256,2.286,11,9.51,10.78
1998,257,3.048,13,23.52,3.185
1998,258,20.066,32,37.5,27.195
1998,259,2.794,19,13.64,44.345
1998,260,7.366,16,10.64,5.88
1998,261,0,0,0,4.655
1998,262,0,0,0,0
1998,263,0,0,0,0
1998,264,0,1,0,0
1998,265,0,0,0,0
1998,266,0,0,0,0
1998,267,0,0,0,0
1998,268,0,0,0,0
1998,269,0,0,0,0
1998,270,1.27,0,0,0
1998,271,0,0,0,0
1998,272,0,0,0,0
1998,273,0,0,0,0
1998,274,0,0,0,0
1998,275,3.302,1,0,0
1998,276,0,0,0,0.49
1998,277,0,0,0,0
1998,278,30.48,44,61.36,3.675
1998,279,26.924,34,0,62.965
1998,280,0,0,0,1.96
1998,281,0,0,0,0
1998,282,0,0,0,0
1998,283,0,1,0,0
1998,284,0,0,0,0
1998,285,0,0,0,0
1998,286,0,0,0,0
1998,287,0,0,0,0
1998,288,0,2,0,0
1998,289,0,6,12.71,0
1998,290,92.964,82,98.12,12.495
1998,291,17.78,14,0,134.26
1998,292,1.524,8,14.09,3.675
1998,293,22.86,30,20.98,15.925
1998,294,0.254,0,0,10.29
1998,295,0,0,0,0
1998,296,0,0,0,0
1998,297,0,0,0,0
1998,298,0,0,0,0
1998,299,0,0,0,0
1998,300,0,0,0,0
1998,301,0,0,0,0
1998,302,0,0,0,0
1998,303,0,0,0,0
1998,304,0,0,12.61,0
1998,305,24.638,30,22.18,9.8
1998,306,0,0,0,17.64
1998,307,0,1,0,0
1998,308,0.254,1,0,0
1998,309,0,0,0,0
1998,310,0,1,4.49,0
1998,311,5.842,6,4,2.45
1998,312,0.254,0,0,4.9
1998,313,0.254,1,5.24,0
1998,314,2.54,7,0,4.41
1998,315,0,0,0,0
1998,316,14.478,26,44.64,0
1998,317,23.876,32,5.94,45.815
1998,318,7.366,9,9.6,3.92
1998,319,0,0,0,17.885
1998,320,0.254,0,0,0
1998,321,0.254,0,0,0
1998,322,0,0,0,0
1998,323,0,0,0,0
1998,324,0,0,0,0
1998,325,0.508,0,0,0.49
1998,326,0,0,0,0
1998,327,0,0,0,0
1998,328,0,0,0,0
1998,329,0.254,0,0,0
1998,330,0,0,0,0
1998,331,0,0,0,0
1998,332,0,0,0,0
1998,333,0,0,12,0
1998,334,6.604,13,0,5.88
1998,335,0,0,0,0
1998,336,0,1,0,0
1998,337,3.556,6,9.69,0
1998,338,1.016,1,0,2.45
1998,339,0,0,0,0
1998,340,0,0,0,0
1998,341,0,0,0,0.49
1998,342,0,0,0,0.49
1998,343,1.016,0,32.94,0
1998,344,48.768,67,30.69,29.89
1998,345,10.922,9,9.17,32.34
1998,346,0,0,0,7.105
1998,347,0.254,0,0,0
1998,348,0,0,0,0
1998,349,0,0,0,0
1998,350,0,0,0,0
1998,351,0,0,0,0
1998,352,11.43,18,14.78,0
1998,353,0.254,0,0,6.615
1998,354,0,0,0,0
1998,355,0.254,0,0,0
1998,356,0,0,0,0
1998,357,0,1,1.86,0
1998,358,0,2,0,0.49
1998,359,1.778,0,0,0
1998,360,0,0,0,0
1998,361,0,0,0,0
1998,362,0,0,0,0
1998,363,0,0,0,0
1998,364,0,0,0,0
1998,365,0,0,1.15,0
1999,1,4.064,9,0,0
1999,2,0,3,0,15.19
1999,3,0,0,0,0
1999,4,0,0,0,0
1999,5,0,0,0,0
1999,6,0,0,0,0
1999,7,0.254,0,0,0
1999,8,0,0,0,0
1999,9,0,0,0,0
1999,10,0,0,0,0
1999,11,0,0,0,0
1999,12,0,0,0,0
1999,13,0,0,0,0
1999,14,0,0,0,0
1999,15,0,0,0,0
1999,16,0,0,0,0
1999,17,0,0,0,0
1999,18,0,0,0,0
1999,19,0,0,0,0
1999,20,0,0,0,0
1999,21,6.604,5,8.53,0
1999,22,1.016,0,0,4.655
1999,23,0,0,0,0
1999,24,0,0,0,0
1999,25,0,0,0,0
1999,26,0,0,0,0
1999,27,0,0,0,0
1999,28,7.366,14,51.38,0
1999,29,14.224,42,16.51,47.53
1999,30,0,0,0,4.9
1999,31,0,0,0,0
1999,32,0,0,0,0
1999,33,0,0,0,0
1999,34,0,0,0,0
1999,35,0,0,0,0
1999,36,0,0,0,0
1999,37,0,0,0,0
1999,38,0,0,0,0
1999,39,0,0,0,0
1999,40,0,0,0,0
1999,41,0,0,0,0
1999,42,1.27,1,1.65,0
1999,43,0,0,0,0.245
1999,44,0,0,0,0
1999,45,0,0,0,0
1999,46,0,0,0,0
1999,47,0,0,0,0
1999,48,0,0,0,0
1999,49,0,0,0,0
1999,50,0,0,0,0
1999,51,0,0,0,0
1999,52,0,0,0,0
1999,53,0,0,0,0
1999,54,0,0,0,0
1999,55,0,0,0,0
1999,56,0,0,0,0
1999,57,0,0,0,0
1999,58,0.508,0,0,0.98
1999,59,0,0,0,0
1999,60,0,0,0,0
1999,61,0,0,0,0
1999,62,0,0,0,0
1999,63,0,0,0,0
1999,64,0,0,0,0
1999,65,0,0,0,0
1999,66,0.762,2,5.43,0
1999,67,17.272,22,21.71,2.695
1999,68,0,0,0,23.03
1999,69,0,0,0,4.41
1999,70,0.508,2,4.67,0
1999,71,10.414,15,15.27,1.96
1999,72,3.048,2,0,16.415
1999,73,0,0,0,0
1999,74,0,0,0,0
1999,75,0,0,0,0
1999,76,0,0,0,0
1999,77,6.096,14,12.43,0
1999,78,2.032,1,0,12.74
1999,79,0,0,0,0
1999,80,0,0,0,0
1999,81,0,0,0,0
1999,82,0,0,0,0
1999,83,0,1,8.24,0
1999,84,3.556,6,0,4.41
1999,85,0,0,0,0
1999,86,11.938,5,7.68,0
1999,87,4.826,3,0,13.475
1999,88,0,0,0,0
1999,89,0,1,1.97,0
1999,90,0,1,0,0.735
1999,91,0,0,3.61,0
1999,92,0.254,0,0,1.225
1999,93,1.27,14,11.57,0.49
1999,94,8.636,26,18.1,0.98
1999,95,1.016,2,0,18.865
1999,96,0,0,0,4.655
1999,97,0,0,0,0
1999,98,0,0,0,0
1999,99,0,0,0,0
1999,100,0,0,0,0
1999,101,0,0,0,0
1999,102,0,0,0,0
1999,103,0,0,5.82,0
1999,104,3.302,8,0,3.43
1999,105,0,0,0,0
1999,106,0,0,0,0
1999,107,0,0,0,0
1999,108,0,0,0,0
1999,109,0,0,0,0
1999,110,0,0,0,0
1999,111,0,0,0,0
1999,112,0,0,0,0
1999,113,0,0,0,0
1999,114,0,0,0,0
1999,115,1.27,1,0,0
1999,116,24.384,23,32.57,4.165
1999,117,0,0,0,43.365
1999,118,0,0,0,0
1999,119,0,0,0,0
1999,120,0,0,0,0
1999,121,0,0,0,0
1999,122,4.064,5,5.03,0
1999,123,0,0,0,3.43
1999,124,0.254,2,3.67,0
1999,125,0,0,0,2.45
1999,126,0,0,0,3.43
1999,127,0,0,0,0
1999,128,0,0,0,0
1999,129,0,0,24.41,0
1999,130,18.288,28,7.39,26.705
1999,131,0,8,15.81,6.37
1999,132,0,0,0,14.7
1999,133,0,0,0,0
1999,134,0,0,0,0
1999,135,0,0,0,0
1999,136,0,0,0,0
1999,137,10.16,27,22.34,0
1999,138,0.254,0,0,19.845
1999,139,0,0,0,0
1999,140,0,0,0,0
1999,141,0,0,0,0
1999,142,0,0,0,0
1999,143,0,4,0,0
1999,144,0,0,0,0
1999,145,0,0,0,0
1999,146,9.144,19,12.31,0
1999,147,0,1,0,13.965
1999,148,1.016,15,17.88,0
1999,149,0.254,2,0.24,23.275
1999,150,0,0,0,1.47
1999,151,0,0,0,0
1999,152,0,0,0,0
1999,153,0,4,0,0
1999,154,0,0,0,0
1999,155,0,0,0,0
1999,156,0,4,0,0
1999,157,0,4,0,0
1999,158,0,0,0,0
1999,159,0,1,0,0
1999,160,0,3,0,0.98
1999,161,0,0,0,0
1999,162,0,1,0,0.735
1999,163,0,3,0,0
1999,164,1.524,3,3.96,1.96
1999,165,0.254,4,0,5.88
1999,166,0.254,7,0,0
1999,167,0.254,2,0,17.64
1999,168,0,3,0,14.455
1999,169,0,0,0,0
1999,170,0,0,0,0
1999,171,6.858,9,0,0
1999,172,0.254,2,0,13.965
1999,173,3.048,6,0,0
1999,174,0,3,0,1.96
1999,175,3.302,1,7.12,0
1999,176,5.08,12,18.71,2.695
1999,177,0,0,0,9.065
1999,178,0,0,0,0
1999,179,0,0,0,0
1999,180,0,0,0,0
1999,181,0,0,0,0
1999,182,0,0,0,0
1999,183,0,0,0,0
1999,184,0,0,0,0
1999,185,0,2,0,0
1999,186,0,3,0,0
1999,187,34.036,5,9.5,0
1999,188,0,0,0,5.88
1999,189,0,3,0,0
1999,190,0,0,0,0
1999,191,59.436,20,54.39,0
1999,192,0,7,0,13.475
1999,193,3.302,4,22.48,0
1999,194,4.572,5,7.93,13.965
1999,195,0,0,0,1.715
1999,196,0,0,0,0
1999,197,0,0,0,0
1999,198,0,2,0,0
1999,199,0,1,0,0
1999,200,0,0,0,0
1999,201,0,7,10.19,0
1999,202,4.572,3,17.16,7.595
1999,203,0,0,0,25.235
1999,204,0,0,0,0
1999,205,0,0,0,0
1999,206,0,0,0,0
1999,207,0,0,0,0
1999,208,0,0,0,0
1999,209,0,0,0,0
1999,210,0,0,0,0
1999,211,0,0,0,0
1999,212,0,0,0,0
1999,213,0,0,0,0
1999,214,0,3,0,0
1999,215,0.762,2,0,0
1999,216,0,0,0,0
1999,217,0,0,0,0
1999,218,0,0,0,0
1999,219,0,0,0,0
1999,220,0,0,0,0
1999,221,0,0,0,0
1999,222,0,0,0,0
1999,223,0,0,0,0
1999,224,0,0,0,0
1999,225,0,0,0,0
1999,226,1.016,0,0,0
1999,227,0,0,0,0
1999,228,0,0,0,0
1999,229,0,0,0,0
1999,230,0,0,0,0
1999,231,0,0,0,0
1999,232,0,0,0,0
1999,233,0,0,0,0
1999,234,0,0,0,0
1999,235,0,0,0,0
1999,236,0,0,0,0
1999,237,0,0,0,0
1999,238,0,0,0,0
1999,239,0,0,0,0
1999,240,0,1,0,0
1999,241,0,0,0,2.45
1999,242,0,0,0,0
1999,243,0,0,0,0
1999,244,0,1,0,0
1999,245,0,3,0,0
1999,246,0,0,0,0.735
1999,247,0,0,0,0
1999,248,0,2,0,0
1999,249,0,0,0,8.82
1999,250,0,0,0,0
1999,251,0,1,0,0
1999,252,0,0,0,0
1999,253,0,0,0,0
1999,254,0,0,0,0
1999,255,0,0,0,0
1999,256,0.762,8,4.62,0.98
1999,257,0,0,0,4.41
1999,258,0,0,0,0
1999,259,0,0,0,0
1999,260,0,0,0,0
1999,261,0,0,0,0
1999,262,0,0,0,0
1999,263,0,0,0,0
1999,264,0,0,0,0
1999,265,0,0,0,0
1999,266,0,0,0,0
1999,267,0,0,4.24,0
1999,268,1.016,4,0,2.94
1999,269,0,0,0,0
1999,270,0,0,0,0
1999,271,0,5,0,0
1999,272,0,0,0,0
1999,273,0,0,0,0
1999,274,0,0,0,0
1999,275,0,0,0,0
1999,276,0,0,0,0
1999,277,0,1,0,0
1999,278,0,0,0,0
1999,279,0,0,0,0
1999,280,0,0,0,0
1999,281,0,0,0,0
1999,282,0,0,0,0
1999,283,0,0,0,0
1999,284,0,0,0,0
1999,285,0,0,0,0
1999,286,0,0,0,0
1999,287,0,0,0,0
1999,288,0,0,0,0
1999,289,0,1,4.37,0
1999,290,23.876,3,4.41,1.715
1999,291,5.334,4,6.73,1.715
1999,292,0.254,1,0,5.88
1999,293,0,0,0,0
1999,294,0,0,0,0
1999,295,0,0,0,0
1999,296,0,0,0,0
1999,297,0,0,0,0
1999,298,0,0,0,0
1999,299,0,0,0,0
1999,300,0,0,0,0
1999,301,0,0,0,0
1999,302,0,0,9.41,0
1999,303,40.132,41,39.93,4.9
1999,304,0.508,2,8.03,34.79
1999,305,0.254,0,0,0.98
1999,306,0,0,0,0
1999,307,0,0,0,0
1999,308,0,0,0,0
1999,309,0,0,0,0
1999,310,0,0,0,0
1999,311,0,0,0,0
1999,312,0,0,0,0
1999,313,0,0,0,0
1999,314,0,0,0,0
1999,315,0,0,0,0
1999,316,0,0,0,0
1999,317,0,0,0,0
1999,318,0,0,0,0
1999,319,0,0,0,0
1999,320,0,0,0,0
1999,321,0,0,0,0
1999,322,0,0,0,0
1999,323,0,0,0,0
1999,324,0,0,0,0
1999,325,0,0,0,0
1999,326,0,0,3.21,0
1999,327,2.286,4,0,1.96
1999,328,4.064,6,4.37,0
1999,329,0,0,0,2.205
1999,330,0,0,0,0
1999,331,0,0,0,0
1999,332,0,0,0,0
1999,333,0,0,0,0
1999,334,0,0,0,0
1999,335,0,0,0,0
1999,336,0,1,0,0
1999,337,0,0,0,0
1999,338,6.35,8,10.22,0
1999,339,0,0,0,11.515
1999,340,0,0,0,0
1999,341,0,0,0,0
1999,342,0.508,0,10.56,0
1999,343,3.556,10,0,6.86
1999,344,0,0,0,0.735
1999,345,6.096,9,30.21,0
1999,346,23.876,31,10.61,19.845
1999,347,0,0,0,5.145
1999,348,0,0,0,0
1999,349,0,0,0,0
1999,350,0,0,0,0
1999,351,0,0,0,0
1999,352,0,0,0,0
1999,353,0,0,0,0
1999,354,4.064,4,5.82,0
1999,355,0,0,0,6.125
1999,356,0,0,0,0
1999,357,0,0,0,0
1999,358,0,0,0,0
1999,359,0,0,0,0
1999,360,0,0,0,0
1999,361,0,0,0,0
1999,362,0,0,0,0
1999,363,0,0,0,0
1999,364,0,0,0,0
1999,365,0,0,0,0
2000,1,0,0,0,0
2000,2,0,0,0,0
2000,3,0,0,0,0
2000,4,0,0,0,0
2000,5,0,0,0,0
2000,6,0,0,18.45,0
2000,7,41.91,42,49.36,15.68
2000,8,3.81,10,0,54.635
2000,9,0.508,0,0,0
2000,10,0,0,0,0
2000,11,0,0,0,0
2000,12,0,0,0,0
2000,13,0,0,0,0
2000,14,0,0,0,0
2000,15,0,0,0,0
2000,16,0,0,0,0
2000,17,0,0,0,0
2000,18,0,0,0,0
2000,19,0,0,0,0
2000,20,0,0,0,0
2000,21,0,0,0,0
2000,22,0,0,0,0
2000,23,0,0,0,0
2000,24,0,0,0,0
2000,25,0,0,0,0
2000,26,0,0,0,0
2000,27,22.606,22,17.73,0
2000,28,0,0,0,15.19
2000,29,0,0,0,0
2000,30,0,0,0,0
2000,31,0,0,0,0
2000,32,6.604,6,7.87,0.98
2000,33,0,0,0,6.615
2000,34,0,0,0,0
2000,35,0,0,0,0
2000,36,0,0,0,0
2000,37,0,0,0,0
2000,38,0,0,0,0
2000,39,0,0,0,0
2000,40,0,0,0,0
2000,41,0,0,0,0
2000,42,0,0,0,0
2000,43,0,0,0,0
2000,44,0,0,0,0
2000,45,0,0,0,0
2000,46,0,0,0,0
2000,47,0,0,0,0
2000,48,0,0,0,0
2000,49,2.032,1,0,0.98
2000,50,0,0,0,0
2000,51,0,0,0,0
2000,52,0,0,0,0
2000,53,7.62,20,20.47,0
2000,54,0.254,0,0,15.19
2000,55,0,0,0,0
2000,56,0,7,26.09,0
2000,57,21.59,19,5.96,12.74
2000,58,0,0,0,0
2000,59,0,0,0,0
2000,60,0,0,0,0
2000,61,19.05,16,0,0.49
2000,62,0,0,17.69,15.925
2000,63,0,0,0,0
2000,64,0,0,0,0
2000,65,0,0,0,0
2000,66,0,0,0,0
2000,67,0.254,1,2.47,2.205
2000,68,0,0,0,0
2000,69,32.766,16,0,0
2000,70,0,0,17.71,16.905
2000,71,0,0,0,0
2000,72,0,0,0,0
2000,73,0,2,0,0
2000,74,0,0,0,0
2000,75,20.32,8,0,0
2000,76,5.08,3,14.33,22.05
2000,77,0,0,0,0
2000,78,0,0,0,0
2000,79,0,0,0,0
2000,80,14.478,12,0,0
2000,81,0,0,12.13,6.125
2000,82,0.508,2,0,0
2000,83,0,0,4.46,1.47
2000,84,0,0,0,0
2000,85,11.684,12,11.65,9.065
2000,86,0,0,0,0.735
2000,87,0,0,0,0
2000,88,10.668,12,12.17,17.15
2000,89,0,0,0,0
2000,90,0,0,0,0
2000,91,2.286,8,0,0
2000,92,15.748,17,11.39,8.575
2000,93,3.556,4,22.15,18.375
2000,94,0,0,0,0
2000,95,0,0,0,0
2000,96,0,0,0,0
2000,97,0,1,0,0
2000,98,0,0,0,0
2000,99,0,0,0,0
2000,100,0,0,0,0
2000,101,12.446,25,0,1.96
2000,102,22.606,19,42.29,35.035
2000,103,0,0,10.84,2.45
2000,104,0.254,0,0,0
2000,105,0,0,0,0
2000,106,0,0,0,0
2000,107,0,0,0,0
2000,108,0,0,0,0
2000,109,0,0,0,0
2000,110,0,0,0,0
2000,111,0,0,0,0
2000,112,0.254,0,0,0
2000,113,0,0,0,0
2000,114,0,0,0,0
2000,115,0,0,0,0
2000,116,0,0,0,0
2000,117,0,0,0,0
2000,118,0,0,0,0
2000,119,0,0,0,0
2000,120,0,6,0,0
2000,121,73.152,43,25.85,24.99
2000,122,4.572,6,27.39,24.5
2000,123,0.254,0,0,0.245
2000,124,10.922,13,0,0
2000,125,0,2,10.73,6.125
2000,126,0,0,10.52,11.27
2000,127,0,0,0,0
2000,128,0,0,0,0
2000,129,0,0,0,0
2000,130,0,0,0,0
2000,131,0,0,0,0
2000,132,15.24,12,0,0
2000,133,0,0,15.79,13.475
2000,134,0,0,0,0
2000,135,0,0,0,0
2000,136,0,0,0,0
2000,137,0,0,0,0
2000,138,0,0,0,0
2000,139,33.02,37,14.44,3.92
2000,140,0.762,2,20.97,20.09
2000,141,0,0,0,0
2000,142,0,0,0,0
2000,143,0,0,0,0
2000,144,0,0,0,0.245
2000,145,0,0,0,0
2000,146,0,0,0,0
2000,147,25.146,27,0,0
2000,148,0,2,34.22,27.93
2000,149,0,0,0,0
2000,150,0,0,0,0
2000,151,0,0,0,0
2000,152,0,0,0,0
2000,153,0,0,0,0
2000,154,5.842,24,16.85,2.695
2000,155,56.134,41,43.34,21.805
2000,156,0.254,0,26.76,6.37
2000,157,0,0,0,0
2000,158,0,0,0,0
2000,159,0,1,0,0
2000,160,1.778,3,12.08,1.715
2000,161,0.254,8,9.5,7.595
2000,162,25.4,39,26.27,28.665
2000,163,0,2,25.75,13.23
2000,164,0,0,0,0
2000,165,0,0,0,0
2000,166,0,0,0,0
2000,167,0,0,0,0
2000,168,25.908,13,0,0
2000,169,17.272,21,23.9,13.23
2000,170,0.762,3,17.32,12.985
2000,171,0,0,0,0
2000,172,0,0,0,0
2000,173,0,0,0,0
2000,174,0,0,0,0
2000,175,0,0,0,0
2000,176,0,0,0,0
2000,177,0,0,0,0
2000,178,0,0,0,0
2000,179,8.636,12,0,0
2000,180,0,1,14.43,5.88
2000,181,0,0,0,0
2000,182,0,1,0,0
2000,183,0,0,0,0
2000,184,0,0,0,0
2000,185,0,0,0,0
2000,186,0,0,0,0
2000,187,0,0,0,0
2000,188,0,0,0,0
2000,189,0,0,0,0
2000,190,0,0,0,0
2000,191,0,0,0,0
2000,192,0,0,0,0
2000,193,0,0,0,0
2000,194,0,0,0,0
2000,195,0,0,0,0
2000,196,0,0,0,0
2000,197,0,0,0,0
2000,198,0,0,0,0
2000,199,0,0,0,0
2000,200,0,0,0,0
2000,201,0,0,0,0
2000,202,0,0,0,0
2000,203,0,0,0,0
2000,204,0,1,0,0
2000,205,0,0,0,0
2000,206,0,0,0,0
2000,207,0,0,0,0
2000,208,0,0,0,0
2000,209,0,0,0,0
2000,210,1.016,1,0,0
2000,211,0,0,6.87,1.47
2000,212,0,0,0,0
2000,213,0,0,0,0
2000,214,0,0,0,0
2000,215,0,0,0,0
2000,216,0,0,0,0
2000,217,0,0,0,0
2000,218,0,2,0,0
2000,219,0,0,0,0
2000,220,0,1,0,0
2000,221,0,0,0,0
2000,222,0,0,0,0
2000,223,0,0,0,0
2000,224,0,0,0,0
2000,225,0,0,0,0
2000,226,0,0,0,0
2000,227,0,0,0,0
2000,228,0,0,0,0
2000,229,0,0,0,0
2000,230,0,0,0,0
2000,231,0,0,0,0
2000,232,0,0,0,0
2000,233,0,2,0,0
2000,234,0,0,5.92,6.125
2000,235,0,0,0,0.49
2000,236,0,0,0,0
2000,237,0,0,0,0
2000,238,0,0,0,0
2000,239,0,0,0,0
2000,240,0,0,0,0
2000,241,0,0,0,0
2000,242,0,0,0,0
2000,243,0,0,0,0
2000,244,0,0,0,0
2000,245,0,3,0,0
2000,246,0,0,0,0
2000,247,0,0,0,0
2000,248,0,0,0,0
2000,249,0,0,0,0
2000,250,0,0,0,0
2000,251,0,0,0,0
2000,252,0,2,0,0
2000,253,0,3,0,0
2000,254,0,0,0,0
2000,255,4.318,10,0,0
2000,256,0.508,2,8.62,9.065
2000,257,0.254,2,9.84,9.8
2000,258,0,0,0,7.595
2000,259,0,0,0,0
2000,260,0,0,0,0
2000,261,0,0,0,0
2000,262,0,0,0,0
2000,263,0,1,0,0
2000,264,0.254,1,0,0
2000,265,0,0,0,0.735
2000,266,0,3,0,0
2000,267,32.258,35,0,0
2000,268,2.54,0,41.24,55.37
2000,269,0,0,0,0
2000,270,0,0,0,0
2000,271,0,0,0,0
2000,272,0,0,0,0
2000,273,0,0,0,0
2000,274,0,0,0,0
2000,275,0,0,0,0
2000,276,0,0,0,0
2000,277,0,0,0,0
2000,278,0,0,0,0
2000,279,0,0,0,0
2000,280,0,0,0,0
2000,281,0,2,0,0.49
2000,282,0,0,0,0
2000,283,0,0,0,0
2000,284,0,0,0,0
2000,285,0,0,0,0
2000,286,0,0,0,0
2000,287,0,0,0,0
2000,288,1.524,12,0,0
2000,289,10.414,16,13.04,8.33
2000,290,0,8,13.86,4.9
2000,291,0.254,0,10.25,3.675
2000,292,0,2,0,0
2000,293,3.048,2,0,0
2000,294,40.132,33,0.74,3.185
2000,295,11.43,5,30.44,32.585
2000,296,11.684,4,0,11.025
2000,297,0,0,2.86,4.165
2000,298,0,0,0,0
2000,299,0,1,0,0
2000,300,0,0,0,6.615
2000,301,0,0,0,0
2000,302,12.192,15,25.68,19.845
2000,303,0,1,0,0.245
2000,304,0,0,0,0
2000,305,3.556,5,0,0
2000,306,21.59,24,10.94,7.35
2000,307,100.838,74,41.93,47.775
2000,308,0,1,62.01,48.755
2000,309,24.13,31,10.75,5.635
2000,310,0.762,2,31.78,24.99
2000,311,15.24,19,0,0
2000,312,4.572,8,22.48,21.805
2000,313,0,0,5.81,4.165
2000,314,0,0,0,0
2000,315,0,0,0,0
2000,316,12.192,9,0,0
2000,317,0,0,9.51,8.82
2000,318,0,0,0,0
2000,319,1.778,2,0,0
2000,320,8.382,6,6.81,6.86
2000,321,0.762,1,2.46,2.45
2000,322,16.002,13,3.65,7.105
2000,323,0,0,13.28,13.23
2000,324,0,0,0,0
2000,325,0,0,0,0
2000,326,0,0,0,0
2000,327,51.308,26,5.34,1.225
2000,328,1.778,4,25.1,29.4
2000,329,0,0,0,0.49
2000,330,0,0,0,0
2000,331,0,0,0,0
2000,332,0,0,0,0
2000,333,0,1,0,1.225
2000,334,0,0,0,0
2000,335,0,0,0,0
2000,336,0,0,0,0
2000,337,0,0,0,0
2000,338,0,0,0,0.735
2000,339,0,0,0,0
2000,340,0,0,0,1.225
2000,341,0,0,0,0
2000,342,0,0,0,0
2000,343,0,0,0,0
2000,344,0,0,0,0
2000,345,0,0,0,0
2000,346,7.874,4,0,0
2000,347,17.018,14,14.35,14.455
2000,348,0,0,0,0
2000,349,0,1,0,0.735
2000,350,0,0,4.66,0.49
2000,351,0,0,0,0
2000,352,0,0,0,0
2000,353,0,0,0,0
2000,354,0,0,0,0
2000,355,0,0,0,0
2000,356,0,0,0,0
2000,357,0,0,0,0
2000,358,0,1,9.4,1.96
2000,359,77.216,43,14.1,10.045
2000,360,16.51,28,40.27,38.22
2000,361,1.524,1,22.66,23.765
2000,362,0,1,2.23,0.735
2000,363,0,0,0,0
2000,364,0,0,0,0
2000,365,2.032,1,0,0.735
2001,1,0,0,0,1.225
2001,2,0,0,0,0
2001,3,0,0,0,0
2001,4,0,0,0,0
2001,5,0,0,0,0
2001,6,0,0,0,0
2001,7,0,0,0,0
2001,8,0,0,0,0
2001,9,0,0,0,0
2001,10,30.48,27,26.52,2.205
2001,11,0,0,0,25.235
2001,12,0,0,0,0
2001,13,1.27,2,3.9,0
2001,14,0.254,0,0,3.185
2001,15,1.524,1,4.77,0
2001,16,2.286,5,10.72,1.225
2001,17,22.606,25,24.58,7.105
2001,18,9.652,11,9.08,21.56
2001,19,0,0,0,8.575
2001,20,0,0,0,0
2001,21,0,0,0,0
2001,22,0,0,0,0
2001,23,0,0,0,0
2001,24,0,0,0,0
2001,25,0,0,0,0
2001,26,0,0,7.87,0
2001,27,2.794,4,5.93,5.145
2001,28,7.874,13,21.69,2.205
2001,29,12.192,11,0,21.315
2001,30,0,0,0,0
2001,31,0,0,0,0
2001,32,0,0,0,0
2001,33,0,0,0,0
2001,34,0,0,0,0
2001,35,0,0,0,0
2001,36,0,0,0,0
2001,37,0,0,0,0
2001,38,0,0,0,0
2001,39,0,0,4.42,0
2001,40,3.556,6,0,2.205
2001,41,0,1,2.18,0
2001,42,2.286,2,3.15,0.735
2001,43,1.27,2,3.53,1.715
2001,44,1.27,0,0,2.94
2001,45,2.032,3,6.62,0.49
2001,46,13.208,21,31.74,1.96
2001,47,24.13,16,0,27.195
2001,48,0,0,0,0.735
2001,49,0,0,0,0
2001,50,0,0,0,0
2001,51,0,0,0,0
2001,52,0.508,0,0,0
2001,53,9.144,3,0,0
2001,54,0,0,0,0.49
2001,55,1.27,1,0,0.245
2001,56,0,0,0,0
2001,57,0,1,3.32,0
2001,58,10.668,10,16.64,1.47
2001,59,2.286,7,4.09,13.475
2001,60,18.288,22,20.08,2.205
2001,61,0,1,7.4,18.375
2001,62,14.732,19,12.43,6.37
2001,63,0,0,0,12.495
2001,64,0,0,0,0
2001,65,0,0,0,0
2001,66,0,0,0,0
2001,67,39.624,36,36.47,0
2001,68,0,0,0,32.095
2001,69,0,0,0,0
2001,70,2.286,8,18.08,0
2001,71,13.97,16,0,14.7
2001,72,0,0,0,0
2001,73,3.81,8,8.2,0
2001,74,0,0,0,6.37
2001,75,0,0,0,0
2001,76,0.762,0,0,0
2001,77,6.858,2,3.96,0.98
2001,78,0,0,0,2.45
2001,79,0,0,0,0
2001,80,0,0,0,0
2001,81,0,0,0,0
2001,82,0,0,0,0
2001,83,0,2,0,0
2001,84,0,0,0,0
2001,85,0,0,0,0
2001,86,19.304,20,15.86,0
2001,87,2.794,2,0,20.335
2001,88,0,0,0,0.245
2001,89,0,1,0,0.245
2001,90,0.254,0,0,1.715
2001,91,0,0,0,0
2001,92,0,0,0,0
2001,93,0,0,0,0
2001,94,0,0,0,0
2001,95,0,0,0,0
2001,96,0,0,0,0
2001,97,0,0,0,0
2001,98,0,0,0,0
2001,99,0,0,0,0
2001,100,0,0,4.02,0
2001,101,7.62,2,0,3.92
2001,102,2.54,7,4.4,0
2001,103,0.254,0,0,1.47
2001,104,0,0,0,0
2001,105,0,0,0,0
2001,106,0,1,0,0
2001,107,0,1,0,0
2001,108,0,0,0,0
2001,109,0,0,0,0
2001,110,0,0,0,0
2001,111,0,0,0,0
2001,112,0,0,6.28,0
2001,113,5.588,13,0,5.145
2001,114,0,0,0,2.94
2001,115,0,0,0,0
2001,116,0,0,0,0
2001,117,0,0,0,0
2001,118,0,0,0,0
2001,119,0,0,0,0
2001,120,0,0,0,0
2001,121,0,0,0,0
2001,122,0,0,0,0
2001,123,0,0,0,0
2001,124,14.986,24,30.28,0
2001,125,25.4,34,37.22,22.785
2001,126,0.254,2,3.59,38.955
2001,127,0,0,0,9.8
2001,128,0,0,0,0
2001,129,0,0,0,0
2001,130,0,0,0,0
2001,131,0,0,0,0
2001,132,0,24,0,0
2001,133,0,0,0,0.245
2001,134,0,0,0,0
2001,135,0,0,0,0
2001,136,0,0,0,0
2001,137,0,0,0,0
2001,138,0,0,0,0
2001,139,0,0,0,0
2001,140,0,0,0,0
2001,141,0,0,0,0
2001,142,0,0,0,0
2001,143,0,0,0,0
2001,144,0,0,0,0
2001,145,0,0,0,0
2001,146,19.812,10,9.8,0.49
2001,147,0,1,6.99,2.94
2001,148,1.016,10,0,0.98
2001,149,0,0,0,0
2001,150,0,2,0,0
2001,151,0,1,0,0
2001,152,0,0,0,0
2001,153,0,0,0,0
2001,154,0,0,0,0
2001,155,0,0,0,0
2001,156,0,0,0,0
2001,157,0,3,0,0
2001,158,7.366,6,17.67,0.49
2001,159,12.954,15,6.15,20.09
2001,160,0,0,0,7.595
2001,161,0,0,0,0
2001,162,0,0,0,0
2001,163,0,0,0,0
2001,164,0,0,0,0
2001,165,21.336,32,47.29,0
2001,166,17.526,14,0,57.82
2001,167,0,0,0,0
2001,168,0,0,0,0
2001,169,0,0,0,0
2001,170,0,0,0,0
2001,171,0,0,0,0
2001,172,19.304,12,12.47,0
2001,173,0.254,0,0,9.065
2001,174,0,0,0,0
2001,175,0,0,0,0
2001,176,0,0,0,0
2001,177,38.608,0,0,0
2001,178,0,0,0,0
2001,179,0,0,0,0
2001,180,0,0,0,0
2001,181,0,0,5.65,0
2001,182,27.94,18,6.28,9.555
2001,183,0,0,0,2.695
2001,184,0,0,0,0
2001,185,0,0,0,0
2001,186,0,0,0,0
2001,187,0,0,0,0
2001,188,0,0,0,0
2001,189,0,0,0,0
2001,190,0,0,0,0
2001,191,0,0,0,0
2001,192,0,0,0,0
2001,193,0,0,0,0
2001,194,0,0,0,0
2001,195,0,0,0,0
2001,196,0,0,0,0
2001,197,0,0,0,0
2001,198,0,0,0,0
2001,199,0,0,0,0
2001,200,0,0,0,0
2001,201,0,0,0,0
2001,202,0,0,0,0
2001,203,0,0,0,0
2001,204,0,0,0,0
2001,205,0,0,0,0
2001,206,0,0,0,0
2001,207,0,0,0,0
2001,208,0,0,0,0
2001,209,0,0,0,0
2001,210,0,0,0,0
2001,211,0,0,0,0
2001,212,0,0,0,0
2001,213,0,0,0,0
2001,214,0,0,0,0
2001,215,0,0,0,0
2001,216,0,0,0,0
2001,217,0,0,0,0
2001,218,2.032,1,0,0
2001,219,0,0,0,4.655
2001,220,0,0,0,0
2001,221,0,0,0,0
2001,222,0,0,0,0
2001,223,0,0,0,0
2001,224,0,0,0,0
2001,225,0.508,0,0,0
2001,226,0,0,0,0
2001,227,0,0,0,0
2001,228,0.762,3,8.28,0
2001,229,0.254,0,0,9.555
2001,230,0,2,0,0
2001,231,0,1,0,0.245
2001,232,0,0,0,0
2001,233,0,0,0,0
2001,234,0,0,0,0
2001,235,0,0,0,0
2001,236,0,0,0,0
2001,237,0,0,0,0
2001,238,38.1,6,8.77,0
2001,239,13.97,20,32.36,9.8
2001,240,19.812,36,28.51,32.34
2001,241,1.27,3,15.15,22.295
2001,242,117.602,54,54.42,17.64
2001,243,9.652,5,4.35,66.395
2001,244,1.27,1,0,3.43
2001,245,0,0,0,0
2001,246,3.556,13,8.17,0
2001,247,0,4,20.51,5.39
2001,248,34.798,24,9.44,34.545
2001,249,8.89,3,0,9.8
2001,250,0,0,0,4.9
2001,251,0,0,22.55,0
2001,252,9.652,36,2.6,28.91
2001,253,6.35,0,0,0.735
2001,254,0,0,0,0
2001,255,0,0,0,0
2001,256,0,0,0,0
2001,257,0,0,0,0
2001,258,0,1,0,0
2001,259,0,0,0,0
2001,260,0,0,0,0
2001,261,0,0,0,0
2001,262,0,0,0,0.735
2001,263,0,0,0,0
2001,264,3.048,6,0,0
2001,265,0,0,0,0
2001,266,0,0,0,0
2001,267,0,0,0,0
2001,268,0,0,0,0
2001,269,0,0,0,0
2001,270,0,0,0,0
2001,271,0,0,0,0
2001,272,0,0,0,0
2001,273,0,0,0,0
2001,274,0,0,0,0
2001,275,0,0,0,0
2001,276,0,0,0,0
2001,277,0,4,0,0
2001,278,10.16,6,11.87,0
2001,279,0,0,0,3.675
2001,280,0,0,0,0
2001,281,0,0,0,0
2001,282,0,0,0,0
2001,283,0,1,24.48,0
2001,284,12.954,21,13.96,23.03
2001,285,31.496,27,40.39,4.41
2001,286,23.114,26,11.03,46.795
2001,287,0,0,0,6.125
2001,288,0,0,0,0
2001,289,0,0,0,0
2001,290,0,0,0,0
2001,291,0,0,0,0
2001,292,0,0,0,0
2001,293,0,0,0,0
2001,294,0,0,0,0
2001,295,0,0,0,0
2001,296,0,0,0,0
2001,297,0,0,0,0
2001,298,0,0,0,0
2001,299,0,0,0,0
2001,300,0,0,0,0
2001,301,0,0,0,0
2001,302,0,0,0,0
2001,303,0,0,0,0
2001,304,0,0,0,0
2001,305,0,0,0,0
2001,306,0,0,0,0
2001,307,0,0,0,0
2001,308,0,0,0,0
2001,309,0,0,0,0
2001,310,0,0,0,0
2001,311,0,0,0,0
2001,312,0,3,19.51,0
2001,313,2.54,13,0,20.58
2001,314,3.302,2,5.82,0
2001,315,1.27,7,16.38,0.735
2001,316,8.636,27,18.93,0.98
2001,317,0,0,0,6.615
2001,318,0,4,17.45,0
2001,319,58.928,47,50.37,4.41
2001,320,0.254,1,0,55.615
2001,321,0,0,0,0
2001,322,0,0,0,0
2001,323,7.112,9,8.85,0.245
2001,324,0,0,0,4.655
2001,325,0,0,0,0
2001,326,0,0,0,0
2001,327,0.762,4,3.5,0
2001,328,0,0,0,3.185
2001,329,0,0,0,0
2001,330,1.778,1,0,0
2001,331,8.128,2,16.25,0.245
2001,332,16.51,9,8.17,18.375
2001,333,5.588,3,2.31,7.105
2001,334,0,0,0,4.165
2001,335,0,0,0,0
2001,336,3.048,3,5.87,0.98
2001,337,1.016,2,0,6.86
2001,338,0.254,0,0,0
2001,339,0,1,0,0
2001,340,0,0,0,0.735
2001,341,9.652,11,15.11,0
2001,342,0,3,0,14.945
2001,343,0,0,0,0
2001,344,0,0,0,0
2001,345,22.86,13,17.3,0
2001,346,0.254,0,0,18.375
2001,347,7.112,8,13.64,3.92
2001,348,0.254,0,0,6.37
2001,349,31.242,38,60.39,2.94
2001,350,76.2,59,27.61,58.8
2001,351,0.254,0,0,27.93
2001,352,0,0,0,0
2001,353,0,0,0,0
2001,354,0,0,0,0
2001,355,0,0,0,0
2001,356,0,1,0,0
2001,357,0,0,0,0
2001,358,0,0,0,0
2001,359,0,0,0,0
2001,360,0,0,0,0.245
2001,361,0,2,0,0
2001,362,0,2,0,0
2001,363,0,0,0,0
2001,364,0,0,0,0
2001,365,0,0,0,0
2002,1,0,0,0,0
2002,2,0,0,0,0
2002,3,0,0,0,0
2002,4,0,0,8.58,0
2002,5,12.192,6,0,11.025
2002,6,0,0,0,0
2002,7,0,0,0,0
2002,8,0,0,0,0
2002,9,0,0,0,0
2002,10,0,0,0,0
2002,11,0,0,0,0
2002,12,0,0,0,0
2002,13,0,0,0,0
2002,14,0,0,0,0
2002,15,0,0,0,0
2002,16,0,0,0,0
2002,17,0,0,0,0
2002,18,0,0,0,0
2002,19,3.048,2,0,2.205
2002,20,0,0,0,0
2002,21,0,0,0,0
2002,22,0.508,1,1.84,0
2002,23,0,0,2.08,0.735
2002,24,2.54,2,1.23,2.205
2002,25,0,0,0,0.735
2002,26,0,0,0,0
2002,27,0,0,0,0
2002,28,0,0,0,0
2002,29,0,0,0,0
2002,30,0,0,6.02,0
2002,31,8.89,12,11.48,1.225
2002,32,0,0,0,7.595
2002,33,0,0,0,0
2002,34,0,0,0,0
2002,35,4.318,6,16.74,0
2002,36,36.322,41,23.84,7.105
2002,37,0,0,0,20.09
2002,38,0,0,0,0
2002,39,0,0,0,0
2002,40,0,0,0,0
2002,41,0,0,0,0
2002,42,0,0,0,0
2002,43,0,0,0,0
2002,44,0,0,0,0
2002,45,0,0,0,0
2002,46,0,0,0,0
2002,47,0,0,0,0
2002,48,0,0,0,0
2002,49,0,0,5.39,0
2002,50,3.302,8,4.9,5.145
2002,51,0,0,0,2.94
2002,52,0,0,0,0
2002,53,0,0,0,0
2002,54,0,0,0,0
2002,55,0,0,0,0
2002,56,0,0,0,0
2002,57,0,0,0,0
2002,58,0,0,0,0
2002,59,0,0,0,0
2002,60,0,0,0,0
2002,61,2.032,1,0,0.49
2002,62,0,0,0,0
2002,63,0,0,0,0
2002,64,0,0,0,0
2002,65,0,0,0,0
2002,66,0,0,0,0
2002,67,0.508,1,1.56,0
2002,68,0,1,0,1.715
2002,69,0,1,0,0
2002,70,0,0,0,0
2002,71,0,0,0,0
2002,72,0,0,0,0
2002,73,0,0,0,0
2002,74,0,0,0,0
2002,75,0,0,0,0
2002,76,5.588,8,8.9,0
2002,77,3.556,2,0,3.675
2002,78,46.99,22,25.34,0
2002,79,4.064,2,7.57,23.275
2002,80,0,0,0,3.185
2002,81,0,0,0,0
2002,82,0,0,0,0
2002,83,0,0,0,0
2002,84,0,1,0,0
2002,85,0,0,0,0
2002,86,0,0,0,0
2002,87,0,0,0,0
2002,88,0,0,4.4,0
2002,89,6.35,26,17.24,1.96
2002,90,0,0,0,23.03
2002,91,0,0,0,0
2002,92,0,0,0,0
2002,93,0,0,0,0
2002,94,0,0,0,0
2002,95,0,0,0,0
2002,96,7.112,15,14.26,0
2002,97,24.638,25,25.62,10.78
2002,98,0.508,3,0,27.44
2002,99,0,0,0,0
2002,100,0,0,0,0
2002,101,0,0,0,0
2002,102,0,0,0,0
2002,103,2.286,2,0,0
2002,104,0,0,0,0
2002,105,0,0,0,0
2002,106,3.302,0,0,0
2002,107,0,0,0,2.205
2002,108,0,0,0,0
2002,109,0,0,0,0
2002,110,0,0,0,0
2002,111,0,0,0,0
2002,112,0.508,0,0,0
2002,113,0,0,0,0
2002,114,0,0,0,0
2002,115,0,0,0,0
2002,116,0,0,0,0
2002,117,0,0,0,0
2002,118,0,0,0,0
2002,119,0,0,0,0
2002,120,0,0,0,0
2002,121,0,0,0,0
2002,122,0,0,0,0
2002,123,0,1,0,0
2002,124,0,1,0,0
2002,125,2.54,0,0,0
2002,126,0,0,0,0
2002,127,0,0,0,0
2002,128,0,0,0,0
2002,129,0,0,0,0
2002,130,0,0,0,0
2002,131,0,0,0,0
2002,132,0.762,1,3.93,0
2002,133,1.524,3,0,0.245
2002,134,0,0,0,0
2002,135,0,0,0,0
2002,136,0,0,0,0
2002,137,1.524,16,10.16,0
2002,138,0,0,0,1.225
2002,139,0,0,0,0
2002,140,0,0,0,0
2002,141,0,0,0,0
2002,142,0,0,0,0
2002,143,0,0,0,0
2002,144,0,0,0,0
2002,145,0,1,8.74,0
2002,146,11.938,5,0,15.435
2002,147,9.906,12,22.57,0
2002,148,14.224,12,28.56,31.36
2002,149,46.736,41,0,26.215
2002,150,0,0,0,17.15
2002,151,0,0,0,0
2002,152,0,0,0,0
2002,153,0,0,0,0
2002,154,0,0,0,0
2002,155,0,0,0,0
2002,156,0,0,0,0
2002,157,0,0,0,0
2002,158,0,3,0,0
2002,159,0,0,0,0
2002,160,12.192,3,7.46,0
2002,161,0,0,0,5.39
2002,162,0,0,0,0
2002,163,0,0,0,0
2002,164,0,0,0,0
2002,165,0,0,0,0
2002,166,0,1,26.68,0
2002,167,19.558,14,0,30.38
2002,168,0,1,0,0
2002,169,0,0,0,0
2002,170,0,0,0,0
2002,171,3.556,2,0,0
2002,172,0.254,0,0,4.9
2002,173,0,0,0,0
2002,174,0,0,0,0
2002,175,0,0,0,0
2002,176,9.144,4,0,0
2002,177,25.4,5,27.32,35.525
2002,178,0,1,0,40.67
2002,179,0,13,0,0
2002,180,1.778,1,11.22,0
2002,181,16.002,16,19.54,15.19
2002,182,12.7,14,13,29.4
2002,183,2.032,13,10.29,19.355
2002,184,0,1,0,13.23
2002,185,0,0,0,0
2002,186,1.27,13,0,6.125
2002,187,0.254,0,0,11.025
2002,188,0,0,0,0
2002,189,0,0,0,0.49
2002,190,0,0,0,0
2002,191,0,0,0,0
2002,192,0,1,0,0
2002,193,0,9,2.7,0
2002,194,9.144,7,2.83,1.225
2002,195,0.254,8,0,10.535
2002,196,0.254,2,12.34,0
2002,197,38.608,47,34.27,5.145
2002,198,0,3,0,5.145
2002,199,0,0,0,3.43
2002,200,0,0,0,0
2002,201,0,0,0,0
2002,202,0,0,0,0
2002,203,0,0,0,0
2002,204,0,0,0,0
2002,205,0,0,0,0
2002,206,0,0,0,0
2002,207,0,0,0,0
2002,208,0,0,0,0
2002,209,0,0,0,0
2002,210,0,0,0,0
2002,211,0,0,0,0
2002,212,0,0,0,0
2002,213,0,0,0,0
2002,214,0,0,0,0
2002,215,0,1,0,0
2002,216,2.032,1,0,0
2002,217,0,0,0,2.695
2002,218,0,0,0,0
2002,219,0,0,0,0
2002,220,0,0,0,0
2002,221,0,0,0,0
2002,222,8.382,7,2.26,0
2002,223,0,0,0,13.72
2002,224,0,0,0,0
2002,225,0,1,0,0
2002,226,0,0,0,0
2002,227,0,1,0,0
2002,228,0,0,0,0
2002,229,0,0,0,0
2002,230,0,0,0,0
2002,231,0,0,0,0
2002,232,0,0,0,0
2002,233,0,0,0,0
2002,234,0,2,0,0
2002,235,0,0,0,0
2002,236,0,0,0,0
2002,237,0,0,0,0
2002,238,0,0,0,0
2002,239,0,0,0,0
2002,240,0,0,0,0
2002,241,0,0,0,0
2002,242,0,0,0,0
2002,243,0,0,0,0
2002,244,0,0,0,0
2002,245,0,0,0,0
2002,246,0,0,0,0
2002,247,0,0,0,0
2002,248,0,0,0,0
2002,249,0,1,0,0
2002,250,20.066,10,19.55,2.94
2002,251,12.954,18,13.97,11.76
2002,252,0.508,3,3.9,31.85
2002,253,0,0,0,12.495
2002,254,0,0,0,0
2002,255,0,0,0,0
2002,256,0,0,0,0
2002,257,0,0,0,0
2002,258,0,1,0,0
2002,259,0.254,0,0,0
2002,260,0,0,0,0.245
2002,261,0,0,0,0
2002,262,0.508,15,8.43,0
2002,263,0,0,0,6.37
2002,264,0,0,0,0
2002,265,0,0,0,0
2002,266,0,0,0,0
2002,267,0,0,0,0
2002,268,0,0,0,0
2002,269,0,0,0,0
2002,270,0,0,0,0
2002,271,0,0,0,0
2002,272,0,0,0,0
2002,273,0,0,0,0
2002,274,0,1,0,0
2002,275,0,0,0,1.225
2002,276,0,0,0,0
2002,277,0,0,0,0
2002,278,0,0,0,0
2002,279,0.762,1,29.66,0
2002,280,26.924,25,9.46,26.705
2002,281,1.524,4,33.98,1.47
2002,282,21.844,30,15.24,19.6
2002,283,0,0,0,2.205
2002,284,0,0,0,0
2002,285,4.318,9,22.57,0
2002,286,19.812,10,0,3.185
2002,287,3.81,2,2.18,0
2002,288,0,0,0,4.9
2002,289,0,0,0,0
2002,290,0,0,0,0
2002,291,1.016,0,28.82,0
2002,292,46.99,39,8.76,24.99
2002,293,0.254,0,0,5.88
2002,294,43.18,30,52.82,1.96
2002,295,31.496,22,11.47,57.33
2002,296,0.254,2,0,2.205
2002,297,8.89,7,8.47,0.245
2002,298,0,2,0,10.78
2002,299,1.778,1,1.41,0.98
2002,300,0.254,0,0.56,1.225
2002,301,1.27,6,7.02,0.49
2002,302,0,0,0,13.23
2002,303,0,0,0,0
2002,304,0,0,1.26,0
2002,305,3.556,3,3.84,0.98
2002,306,2.286,8,7.97,3.185
2002,307,3.048,6,7.83,7.35
2002,308,26.416,24,23.75,6.615
2002,309,0,1,0,27.685
2002,310,0,0,0,0
2002,311,0,0,0,0
2002,312,0,0,0,0
2002,313,0,0,0,0
2002,314,0,0,0,0
2002,315,0,0,0,0
2002,316,0,0,0,0
2002,317,0,0,0,0
2002,318,0,1,0,0
2002,319,0,0,0,0
2002,320,0,0,0,0
2002,321,0,0,0,0
2002,322,0,0,0,0
2002,323,0,0,0,0
2002,324,0,0,0,0
2002,325,0,0,0,0
2002,326,0,0,0,0
2002,327,0,0,0,0
2002,328,0,0,0,0
2002,329,0,1,14,0
2002,330,29.21,18,1.67,12.25
2002,331,0,0,0,5.635
2002,332,0,0,0,0
2002,333,0,0,0,0
2002,334,0.254,0,0,0
2002,335,0,0,0,0
2002,336,0,0,0,0
2002,337,64.008,42,47.32,0.49
2002,338,0.762,2,0,41.405
2002,339,0,0,0,0
2002,340,0,0,0,0
2002,341,0,0,0,0
2002,342,16.51,16,33.89,0
2002,343,23.622,21,6.9,32.095
2002,344,0,0,0,6.615
2002,345,0.254,0,0,0
2002,346,11.176,10,8.13,0.245
2002,347,0,0,0,10.535
2002,348,0,0,0,0
2002,349,0,0,0,0
2002,350,0,0,0,0
2002,351,0,0,0,0
2002,352,0,0,0,0
2002,353,0,0,0,0
2002,354,0,0,0,0
2002,355,0,0,0,0
2002,356,0.508,4,11.57,0
2002,357,20.828,38,30.52,8.575
2002,358,0.254,0,0,27.195
2002,359,0.254,0,0,0
2002,360,0,0,0,0
2002,361,0,0,0,0
2002,362,0,0,0,0
2002,363,0,0,0,0
2002,364,30.226,31,27.4,0
2002,365,0.254,0,0,21.805
2003,1,0,0,0,0
2003,2,0,0,0,0
2003,3,0,0,0,0
2003,4,0,0,0,0
2003,5,0,0,0,0
2003,6,0,0,0,0
2003,7,0,0,0,0
2003,8,0,0,0,0
2003,9,0,0,0,0
2003,10,0,0,0,0
2003,11,0.508,1,3.48,0
2003,12,10.16,12,9.48,4.655
2003,13,0,0,0,8.575
2003,14,0,0,0,0
2003,15,0,0,0,0
2003,16,0.254,0,0,0
2003,17,0,0,0,0
2003,18,0,0,0,0
2003,19,0,0,0,0
2003,20,0,0,0,0
2003,21,0,0,0,0
2003,22,0,0,0,0
2003,23,0,0,0,0
2003,24,0,0,0,0
2003,25,0.508,1,1.56,0
2003,26,0.762,3,0,0.49
2003,27,0.254,0,0,1.225
2003,28,0.254,0,0,0
2003,29,0,0,0,0
2003,30,0,0,0,0
2003,31,0,0,0,0
2003,32,0,0,0,0
2003,33,0,0,0,0
2003,34,0,0,0,0
2003,35,0,0,0,0
2003,36,0.762,2,5.07,0
2003,37,5.08,6,0,4.655
2003,38,0,0,0,4.165
2003,39,0,2,2.61,0
2003,40,1.524,4,0,0.245
2003,41,0,0,0,0
2003,42,0,0,0,0
2003,43,0,0,0,0
2003,44,0,1,4.32,0
2003,45,35.306,16,18.05,2.45
2003,46,0,3,0,10.29
2003,47,0,0,0,0
2003,48,0,0,0,0
2003,49,0,0,0,0
2003,50,0,5,9.96,0
2003,51,42.926,38,47.47,15.68
2003,52,38.862,24,30.11,52.675
2003,53,0.254,0,0,26.46
2003,54,0,0,0,0
2003,55,0,2,5.08,0
2003,56,0,2,1.81,5.635
2003,57,8.128,4,3.35,1.715
2003,58,0,2,0,2.45
2003,59,0,0,0,0
2003,60,0.254,0,1,0
2003,61,0,1,6.32,0.49
2003,62,32.004,20,20.15,5.39
2003,63,0.254,0,0,23.52
2003,64,0,0,0,0
2003,65,0,0,0,0
2003,66,0,0,0,0
2003,67,0,0,0,0
2003,68,0,0,0,0
2003,69,0,0,0,0
2003,70,0,0,0,0
2003,71,0,0,0,0
2003,72,0,0,0,0
2003,73,0,0,0,0
2003,74,0,0,0,0
2003,75,0,0,0,0
2003,76,0,0,0,0
2003,77,7.112,10,7.78,0
2003,78,0,0,0,6.86
2003,79,0,0,0,0
2003,80,0,0,0,0
2003,81,1.016,2,0,1.225
2003,82,0.254,0,0,2.45
2003,83,0,0,0,1.225
2003,84,0,5,3.86,0
2003,85,0.254,0,0,10.29
2003,86,0,0,0,0
2003,87,0,0,0,0
2003,88,0,0,0,0
2003,89,0,0,0,0
2003,90,0,0,0,0
2003,91,0,0,0,0
2003,92,0,0,0,0
2003,93,0,0,0,0
2003,94,0.254,4,0,0
2003,95,0.254,0,0,0.98
2003,96,1.778,2,3.84,0
2003,97,0,0,0,2.94
2003,98,0,3,0,0
2003,99,0,0,0,0
2003,100,0,0,0,0
2003,101,0,0,0,0
2003,102,0,1,0,0
2003,103,0,0,0,0
2003,104,0,0,0,0
2003,105,0,0,0,0
2003,106,0,0,0,0
2003,107,0,0,0,0
2003,108,0,0,0,0
2003,109,0,0,0,0
2003,110,0,0,0,0
2003,111,0,0,0,0
2003,112,4.318,7,10.1,0
2003,113,0,0,0.57,20.825
2003,114,1.778,0,0,0.735
2003,115,0,0,0,0
2003,116,0,0,0,0
2003,117,0,0,0,0
2003,118,0,0,0,0
2003,119,0,0,8.92,0
2003,120,4.572,9,0,5.88
2003,121,31.496,27,30.74,0
2003,122,0.762,2,1.1,24.255
2003,123,0,0,0,0
2003,124,0,0,0,0
2003,125,0,0,0,0
2003,126,0,0,0,0
2003,127,0,0,0,0.245
2003,128,0,0,0,0
2003,129,0,0,0,0
2003,130,0,0,0,0
2003,131,0,0,0,0.245
2003,132,1.016,1,0.88,0
2003,133,0,0,0,0.49
2003,134,0,0,0,0
2003,135,0,2,0,0
2003,136,0,2,0,0
2003,137,0,0,0,0
2003,138,0,0,0,0
2003,139,0,0,0,0
2003,140,0,1,0,0
2003,141,0.508,4,0,0
2003,142,0,0,0,1.715
2003,143,0,0,0,0
2003,144,0,0,0,0
2003,145,6.35,3,5.28,0
2003,146,10.16,10,6.82,2.45
2003,147,0,0,0,3.43
2003,148,0,0,0,0
2003,149,0,0,0,0
2003,150,0,0,0,0
2003,151,0,0,0,0
2003,152,0,0,0,0
2003,153,0,2,0,0
2003,154,0,0,15.41,0.245
2003,155,12.954,9,0,13.72
2003,156,17.272,16,25.03,1.47
2003,157,21.59,20,15.68,22.785
2003,158,0,0,0,18.375
2003,159,11.176,7,5.86,0
2003,160,0,0,0,10.29
2003,161,0,0,0,0
2003,162,3.048,7,10.9,0
2003,163,1.016,19,8.83,21.07
2003,164,23.114,21,22.91,3.185
2003,165,0,0,21.96,22.785
2003,166,24.384,28,0,30.38
2003,167,0,3,0,2.695
2003,168,0,1,0,1.225
2003,169,0,0,0,0
2003,170,0,0,0,0
2003,171,0,0,0,0
2003,172,0,0,0,0
2003,173,0,0,0,0
2003,174,0,0,0,0
2003,175,0,0,0,0
2003,176,0,0,0,1.47
2003,177,0,4,0,0
2003,178,0,0,0,0.98
2003,179,0,0,0,0
2003,180,0,0,0,0
2003,181,0,0,0,0
2003,182,0,1,0,0
2003,183,0,0,0,0.245
2003,184,0,0,0,0
2003,185,0,1,0,0
2003,186,0,0,0,4.655
2003,187,6.604,2,7.65,0
2003,188,16.002,7,0,5.635
2003,189,5.334,5,7.38,11.76
2003,190,0.254,0,0,13.72
2003,191,0,0,0,0.735
2003,192,0.508,1,0,0
2003,193,0.254,0,0,1.47
2003,194,0,0,0,0
2003,195,0,0,0,0
2003,196,0,0,0,0
2003,197,0,1,0,0
2003,198,0,0,0,1.96
2003,199,0,0,0,0
2003,200,0,0,0,0
2003,201,0,0,0,0
2003,202,0,0,0,0
2003,203,0,0,0,0
2003,204,6.604,4,15.75,15.925
2003,205,0,3,0,22.05
2003,206,0,0,0,0
2003,207,0,0,0,0
2003,208,0,0,0,0
2003,209,0,0,0,0
2003,210,0,0,0,0
2003,211,0,1,0,0
2003,212,0,6,0,0.98
2003,213,0,0,0,0.735
2003,214,0,0,0,0
2003,215,0,0,0,0
2003,216,0,0,0,0
2003,217,0,0,0,0
2003,218,0,0,0,0
2003,219,0,0,0,0
2003,220,0,2,0,0
2003,221,4.572,7,16.7,0.49
2003,222,0.254,1,0,18.62
2003,223,1.778,2,3.76,0
2003,224,0,0,0,3.185
2003,225,12.192,8,16.01,0
2003,226,0.254,1,0,0
2003,227,0,0,0,0
2003,228,0,3,0,0
2003,229,0,0,0,0
2003,230,0,1,0,0
2003,231,0,0,0,0
2003,232,0,0,0,0
2003,233,0,0,0,0
2003,234,1.524,4,0,0
2003,235,1.524,0,0,0
2003,236,0,0,0,0
2003,237,0,0,0,0
2003,238,53.086,1,0,0.245
2003,239,0.762,0,0,0
2003,240,0,0,0,7.35
2003,241,0,0,0,0
2003,242,0,2,0,0
2003,243,11.684,10,14.31,0.98
2003,244,0.254,5,0,12.495
2003,245,0,0,0,0
2003,246,0,0,0,0
2003,247,0,3,0,0
2003,248,0,0,0,0
2003,249,0,0,0,0
2003,250,0,0,0,0
2003,251,0,0,0,0
2003,252,0,0,0,0
2003,253,0,1,0,0
2003,254,33.528,47,55.32,0.735
2003,255,14.986,13,12.11,52.675
2003,256,0.254,0,0,3.675
2003,257,0,8,0,0
2003,258,0,0,0,0
2003,259,0,0,0,0
2003,260,0,0,0,0
2003,261,9.652,17,13.23,0
2003,262,0,0,0,2.695
2003,263,0,2,0,0
2003,264,6.604,8,7.43,6.37
2003,265,0.254,0,0,9.065
2003,266,0,0,0,0
2003,267,0,0,0,0
2003,268,0,0,0,0
2003,269,0,0,0,0
2003,270,0,0,0,0
2003,271,0,0,0,0
2003,272,0,0,0,0
2003,273,0,0,0,0
2003,274,0,0,0,0
2003,275,0,0,0,0
2003,276,0,0,0,0
2003,277,0,0,0,0
2003,278,7.874,18,10.23,0
2003,279,24.638,19,15.62,36.505
2003,280,0,0,0,18.375
2003,281,1.27,6,28.41,0
2003,282,82.804,78,69.74,4.41
2003,283,0.254,0,0,80.36
2003,284,0.508,1,0,0
2003,285,0.254,0,0,0.49
2003,286,0,0,0,0
2003,287,0,0,0,0
2003,288,0,0,0,0
2003,289,0,0,0,0
2003,290,0,0,0,0
2003,291,0,0,0,0
2003,292,0,0,0,0
2003,293,0,0,0,0
2003,294,0,0,0,0
2003,295,0,0,0,0
2003,296,0,0,0,0
2003,297,0,0,0,0
2003,298,0,0,0,0
2003,299,0,0,0,0.49
2003,300,0,0,0,0.245
2003,301,0,0,0,0
2003,302,0,0,0,0
2003,303,0,0,0,0
2003,304,0,0,0,0
2003,305,0,0,0,0
2003,306,1.016,1,0,0
2003,307,0.254,0,0,1.47
2003,308,0,0,0,0
2003,309,0,0,3.17,0
2003,310,0,0,0,0.245
2003,311,0.762,2,2.66,0
2003,312,1.778,1,3.57,0.245
2003,313,2.286,2,2.46,2.45
2003,314,0,0,0,1.47
2003,315,0,0,0,0
2003,316,0,0,0,0
2003,317,0,0,0,0
2003,318,0,0,0,0
2003,319,4.064,5,10.41,0
2003,320,0.762,7,6.67,16.66
2003,321,22.098,21,17.77,8.33
2003,322,0,1,0,12.25
2003,323,0,0,0,0
2003,324,0,0,0,0
2003,325,0,0,0,0
2003,326,0,0,0,0
2003,327,2.286,2,0,0
2003,328,0,0,0,0.245
2003,329,0,0,0,0
2003,330,0,0,0,0
2003,331,0.254,0,0,0
2003,332,0,0,0,0
2003,333,0,0,0,0
2003,334,0,0,0,0
2003,335,0,0,0,0
2003,336,0,0,0,0
2003,337,0,0,0,0
2003,338,0,0,0,0
2003,339,0,0,0,0
2003,340,0,0,0,0
2003,341,0,0,0,0
2003,342,0,0,0,0
2003,343,0,1,1.34,0.49
2003,344,0,0,0,1.715
2003,345,0,0,0,0
2003,346,23.876,19,11.72,0
2003,347,0,0,0,9.065
2003,348,0.254,0,0,0
2003,349,0,0,0,0
2003,350,0,0,0,0
2003,351,0,0,0,0
2003,352,0,0,0,0
2003,353,0,0,0,0
2003,354,0,0,0,0
2003,355,0,0,0,0
2003,356,0,2,0,0
2003,357,0,0,0,2.205
2003,358,0,0,0,0
2003,359,0,0,0,0
2003,360,0,0,0,0
2003,361,0,0,0.97,0
2003,362,7.112,13,0,1.96
2003,363,0,0,0,12.005
2003,364,0,0,0,0
2003,365,0,0,0,0
2004,1,0,0,0,0
2004,2,0,0,0,0
2004,3,0,0,0,0
2004,4,0,1,0,0
2004,5,0,0,0,0
2004,6,0,0,0,0
2004,7,0,0,0,0
2004,8,0.762,1,0,0.49
2004,9,0,0,0,0
2004,10,0,0,0,0
2004,11,0,0,0,0
2004,12,0,0,0,0
2004,13,0,0,0,0
2004,14,0,1,0,0
2004,15,10.16,9,10.04,0.49
2004,16,33.02,57,47.64,18.375
2004,17,1.778,2,1.11,31.36
2004,18,3.81,4,3.04,0.245
2004,19,0,0,0,2.94
2004,20,0,0,0,0
2004,21,0,0,0,0
2004,22,0,0,0,0
2004,23,0,0,1.47,0
2004,24,15.748,9,10.71,0.49
2004,25,0,0,0,9.31
2004,26,0,0,0,0
2004,27,0,0,0,0
2004,28,0,0,0,0
2004,29,0.762,0,0,0
2004,30,0,0,0,0
2004,31,0,0,0,0
2004,32,8.636,2,1.44,0
2004,33,0.254,0,0,1.47
2004,34,0,0,0,0
2004,35,35.306,24,30.44,0
2004,36,11.176,11,0,39.69
2004,37,0,0,0,0
2004,38,0,0,0,0
2004,39,0,0,0,0
2004,40,2.54,5,7.23,0
2004,41,7.366,8,8.15,10.535
2004,42,10.16,10,11.21,10.78
2004,43,0,0,0,12.25
2004,44,2.286,4,7.5,0
2004,45,5.842,4,0,8.82
2004,46,0,0,0,0
2004,47,0,0,0,0
2004,48,0,0,0,0
2004,49,0,0,0,0
2004,50,0,0,0,0
2004,51,0,0,0,0
2004,52,0,0,0,0
2004,53,0,0,0,0
2004,54,0,0,12.13,0
2004,55,13.208,28,33.08,0.735
2004,56,12.192,9,8.6,18.13
2004,57,0,0,0,4.41
2004,58,0,0,0,0
2004,59,5.588,8,0,0.245
2004,60,0,2,9.38,8.085
2004,61,0.762,8,0,0
2004,62,0.508,1,6.09,0.735
2004,63,8.128,17,2.85,1.715
2004,64,0,1,15.23,15.19
2004,65,0,0,0,0
2004,66,0,0,0,0
2004,67,0,0,0,0
2004,68,0,0,0,0
2004,69,0,0,0,0
2004,70,0,0,0,0
2004,71,0,3,0,0
2004,72,3.81,3,3.75,3.185
2004,73,0.254,0,2.09,0.49
2004,74,6.604,5,0,0
2004,75,2.032,6,0,0.49
2004,76,0,0,4.97,2.94
2004,77,0,0,0,0
2004,78,0,0,0,0
2004,79,0,0,0,0
2004,80,0,3,0,0.735
2004,81,0,0,0,0
2004,82,0,0,0,0
2004,83,6.604,3,0,0
2004,84,0,0,2.58,6.37
2004,85,0.254,0,0,0
2004,86,0,0,0,0
2004,87,0,1,0,0
2004,88,0,3,4.96,4.9
2004,89,0,0,0,0
2004,90,0,0,0,0
2004,91,0,0,0,0
2004,92,0,4,0,0
2004,93,1.27,0,0,0.98
2004,94,0,0,0,0
2004,95,0,0,0,0
2004,96,37.592,37,24.49,25.97
2004,97,0,0,23.64,16.905
2004,98,0,0,0,0
2004,99,0,0,0,0
2004,100,10.414,14,0,0
2004,101,1.27,2,15.96,18.62
2004,102,0.762,1,3.8,3.43
2004,103,0,0,1.13,1.225
2004,104,0,0,0,0
2004,105,0,0,0,0
2004,106,0,0,0,0
2004,107,0,0,0,0
2004,108,0,0,0,0
2004,109,0,0,0,0
2004,110,0.254,1,0,0
2004,111,0,0,0,0.735
2004,112,0,0,0,0
2004,113,0,1,0,0
2004,114,66.04,78,42.91,33.81
2004,115,4.572,10,49.41,21.805
2004,116,0.254,0,0,1.96
2004,117,0,0,0,0
2004,118,0,1,0,0
2004,119,4.572,2,3.73,3.185
2004,120,0,1,0,0
2004,121,22.352,41,27.31,20.09
2004,122,0,0,18.89,8.085
2004,123,0,0,0,0
2004,124,0,0,0,0
2004,125,0,0,0,0
2004,126,0,0,0,0
2004,127,0,0,0,0
2004,128,10.668,3,0,0
2004,129,0,1,0,3.43
2004,130,0,0,0,2.94
2004,131,0,3,0,0
2004,132,0.254,1,0,1.96
2004,133,3.302,24,21.13,54.635
2004,134,0.508,0,15.24,26.705
2004,135,0,0,0,0
2004,136,0,0,0,0
2004,137,0,0,0,0
2004,138,0,0,0,0
2004,139,0,0,0,0
2004,140,0,0,0,0
2004,141,0,0,0,0
2004,142,0,0,0,0
2004,143,0,0,0,0
2004,144,0,0,0,0
2004,145,0,0,0,0
2004,146,0,0,0,0
2004,147,1.27,1,0,0
2004,148,0,0,1.41,1.96
2004,149,0,0,0,0
2004,150,0,5,0,0
2004,151,20.574,13,0,0.735
2004,152,0.254,4,15.37,31.85
2004,153,2.032,12,8.39,0
2004,154,12.192,2,12.58,11.76
2004,155,0,2,0,0
2004,156,0,1,0,10.78
2004,157,0,0,0,0
2004,158,0,1,0,0
2004,159,64.262,61,14.41,17.64
2004,160,39.878,35,53.12,48.51
2004,161,20.828,22,59.1,70.07
2004,162,0,0,0,0
2004,163,0,0,0,0
2004,164,0,0,0,0
2004,165,0,1,0,0
2004,166,8.636,9,0,0
2004,167,0,0,12.36,6.615
2004,168,0,0,0,0
2004,169,0,0,0,0
2004,170,0,0,0,0
2004,171,0,0,0,0
2004,172,0,0,0,0
2004,173,15.748,8,0,0
2004,174,0,0,8.16,0.49
2004,175,0,0,0,0
2004,176,3.302,16,0,8.575
2004,177,100.33,46,30.97,23.765
2004,178,24.892,5,60.95,75.95
2004,179,30.48,9,0,1.225
2004,180,4.826,5,12.37,6.37
2004,181,25.146,10,10.34,12.74
2004,182,0,1,12.1,22.785
2004,183,0,0,0,0
2004,184,0,0,0,0
2004,185,0,0,0,0
2004,186,0,0,0,0
2004,187,0,0,0,0
2004,188,0,0,0,0
2004,189,0,0,0,0
2004,190,0,2,0,0
2004,191,0,0,0,0
2004,192,0,0,0,0
2004,193,0,0,0,0
2004,194,0,0,0,0
2004,195,0,0,0,0
2004,196,0,0,0,0
2004,197,0,0,0,0
2004,198,0,0,0,0
2004,199,0,0,0,0
2004,200,0,0,0,0
2004,201,0,0,0,0
2004,202,0,0,0,0
2004,203,0,0,0,0
2004,204,0,0,0,0
2004,205,0,0,0,0
2004,206,0,0,0,0
2004,207,0,0,0,0
2004,208,0,0,0,0
2004,209,0,0,0,0
2004,210,39.878,50,0,0
2004,211,0,0,51.31,20.335
2004,212,0,10,0,0.245
2004,213,0,0,9.7,13.475
2004,214,0,1,0,0
2004,215,0,0,0,0
2004,216,0,0,0,0
2004,217,0,0,0,0
2004,218,0,0,0,0
2004,219,0,0,0,0
2004,220,0,0,0,0
2004,221,0,0,0,0
2004,222,0,0,0,0
2004,223,22.86,7,0,0.735
2004,224,0,0,14.38,3.92
2004,225,0,0,0,0
2004,226,0,0,0,0
2004,227,0,0,0,0
2004,228,0,0,0,0
2004,229,0,0,0,0
2004,230,0,0,0,0
2004,231,17.78,43,0,0
2004,232,9.398,21,42.1,60.025
2004,233,0.762,8,21.12,17.64
2004,234,0,1,11.67,17.15
2004,235,0,0,0.31,1.96
2004,236,0,0,0,1.96
2004,237,0,0,0,0
2004,238,0,0,0,0
2004,239,0,0,0,0
2004,240,0.508,1,0,0
2004,241,0,0,0,15.68
2004,242,0,0,0,0
2004,243,0,0,0,0
2004,244,0,0,0,0
2004,245,0,0,0,0
2004,246,0,0,0,0
2004,247,0,0,0,0
2004,248,0,2,0,0
2004,249,6.604,13,0,0
2004,250,0,0,36.6,22.295
2004,251,0,0,0,0
2004,252,0,0,0,0
2004,253,0,0,0,0
2004,254,0,0,0,0
2004,255,0,0,0,0
2004,256,0,0,0,0
2004,257,7.874,8,0,0
2004,258,0.254,0,13.59,21.56
2004,259,0,0,0,0
2004,260,0,0,0,0
2004,261,0,1,0,0
2004,262,0,0,0,0
2004,263,0,0,0,0
2004,264,0,0,0,0
2004,265,0,0,0,0
2004,266,0,0,0,0
2004,267,0,0,0,0
2004,268,0,2,0,0
2004,269,0,0,4.2,13.23
2004,270,0,0,0,0
2004,271,0,0,0,0
2004,272,0,0,0,0
2004,273,0,0,0,0
2004,274,18.288,20,0,0
2004,275,7.62,6,34.89,27.93
2004,276,0,1,4.21,1.225
2004,277,13.97,15,0,0
2004,278,4.318,2,16.61,15.68
2004,279,0,7,3.31,0.49
2004,280,9.398,10,7.37,0
2004,281,0,0,24.53,24.01
2004,282,2.54,3,0,0
2004,283,0,0,2.68,4.655
2004,284,0,0,0,0
2004,285,0,0,0,0
2004,286,0,1,0,0
2004,287,0,0,0,2.695
2004,288,0,0,0,0
2004,289,0,1,0,0
2004,290,0,0,0,0.735
2004,291,0,0,0,0
2004,292,0,0,0,0
2004,293,0,0,0,0
2004,294,0,0,0,0
2004,295,30.48,33,0,0
2004,296,17.272,7,45.08,33.565
2004,297,59.944,15,0,0
2004,298,0,21,23.6,7.35
2004,299,0.762,6,0,0
2004,300,27.432,7,8.67,2.94
2004,301,0,0,10.24,11.27
2004,302,0,0,0,0
2004,303,0,1,0,0
2004,304,1.016,7,0,0
2004,305,25.654,31,33,24.99
2004,306,5.08,8,9.08,2.695
2004,307,0,0,6.44,1.715
2004,308,0,0,0,0
2004,309,0,0,0,0
2004,310,0,0,0,0
2004,311,0,0,0,0
2004,312,0,0,0,0
2004,313,0,0,0,0
2004,314,0,0,0,0
2004,315,0,0,0,0
2004,316,0,0,0,0
2004,317,0,2,0,0
2004,318,23.876,16,2.62,1.96
2004,319,0,1,10.12,7.105
2004,320,5.08,9,0,0
2004,321,57.912,54,13.59,13.72
2004,322,0,0,44.09,39.2
2004,323,0,0,0,0
2004,324,16.002,28,0,0.245
2004,325,19.812,20,32.47,34.545
2004,326,62.992,36,29.61,28.91
2004,327,24.638,27,23.84,24.255
2004,328,0,0,21.47,13.475
2004,329,0,0,0,0
2004,330,0,0,0,0
2004,331,0,0,0,0
2004,332,0,0,0,0
2004,333,0,1,0,0
2004,334,10.16,10,13.06,17.15
2004,335,0,0,0,3.185
2004,336,0,0,0,0
2004,337,0,0,0,0
2004,338,0,0,0,0
2004,339,2.286,2,2.04,1.47
2004,340,12.446,12,2.11,1.47
2004,341,0,0,13.25,10.535
2004,342,0,0,0,0
2004,343,0,0,0,0
2004,344,0,0,0,0
2004,345,0,0,0,0
2004,346,0,0,0,0
2004,347,0,0,0,0
2004,348,0,0,0,0
2004,349,0,0,0,0
2004,350,2.54,1,21.99,2.205
2004,351,0,0,0,0
2004,352,0,0,0,0
2004,353,0,0,0,0
2004,354,0,0,0,0
2004,355,0,0,0,0
2004,356,8.89,15,3.93,2.94
2004,357,0,0,9.5,7.35
2004,358,0,0,0,0
2004,359,0,0,0,0
2004,360,0,0,0,0
2004,361,0,0,0,0
2004,362,0,0,0,0
2004,363,0,0,0,0
2004,364,0,0,0,0
2004,365,0,1,0,0
2005,1,0,0,6.34,0
2005,2,17.78,24,21.28,4.41
2005,3,0.508,4,2.96,6.615
2005,4,0,1,2.91,1.715
2005,5,6.35,6,7.38,1.715
2005,6,1.27,1,0,11.27
2005,7,1.27,2,0,0.735
2005,8,0,0,0,0
2005,9,0,0,0,0
2005,10,0,0,0,0
2005,11,0,0,0,0
2005,12,10.668,10,10.14,0
2005,13,0,0,0,9.31
2005,14,0,0,0,0
2005,15,0,0,0,0
2005,16,0,0,0,0
2005,17,0,0,0,0
2005,18,0,1,0,0
2005,19,0,0,0,0
2005,20,0,0,0,0
2005,21,0,0,0,0
2005,22,0,0,0,0
2005,23,0,0,0,0
2005,24,0,0,0,0
2005,25,0,0,0,0
2005,26,0,0,0,0
2005,27,19.05,22,28.43,0
2005,28,1.524,1,0,33.32
2005,29,0.254,0,0,0
2005,30,5.334,8,10.89,0
2005,31,6.096,6,5.99,8.82
2005,32,10.16,10,10.33,4.655
2005,33,0,0,0,9.555
2005,34,0,0,0,0
2005,35,0,0,0,0
2005,36,0,0,0,0
2005,37,2.54,1,0,0
2005,38,0.762,1,0,2.94
2005,39,1.016,0,0,0.245
2005,40,0,0,0,0.98
2005,41,0,0,0,0
2005,42,0,0,0,0
2005,43,2.54,3,0,0
2005,44,0,0,0,1.96
2005,45,0,0,0,0.735
2005,46,0,0,0,0
2005,47,0,0,0,0
2005,48,0,0,0,0
2005,49,0.508,0,0,0
2005,50,1.016,1,0,0
2005,51,0,0,0,0.735
2005,52,0,0,0,0
2005,53,0.508,0,29.95,0
2005,54,33.528,37,16.51,23.275
2005,55,9.144,12,5.66,15.925
2005,56,0,0,0,0.98
2005,57,13.97,11,13.63,0.735
2005,58,1.27,1,0,13.23
2005,59,0,0,0,0
2005,60,0,2,11.95,0
2005,61,17.018,19,0,21.56
2005,62,0,0,0,5.635
2005,63,0,0,0,0
2005,64,0,0,0,0
2005,65,1.778,2,1.92,1.47
2005,66,0.508,1,1.77,1.715
2005,67,0,0,0,2.205
2005,68,0.254,1,0,0.49
2005,69,0,0,0,0
2005,70,0,0,0,0
2005,71,0,0,0,0
2005,72,0,0,0,0
2005,73,0,0,0,0
2005,74,1.27,0,0,0
2005,75,0,0,0,0
2005,76,0,0,0,0.735
2005,77,0,0,0,0
2005,78,1.27,2,0,0
2005,79,0.254,0,5.06,0.49
2005,80,16.764,13,3.04,2.205
2005,81,0,0,0,9.065
2005,82,0,0,0,0
2005,83,0,0,0,0
2005,84,0,3,0,0
2005,85,1.524,5,11.92,1.225
2005,86,5.588,12,0,9.31
2005,87,0,1,0,0
2005,88,0,0,0,0
2005,89,0,0,0,0
2005,90,3.048,3,0,0
2005,91,0,0,0,13.965
2005,92,0,0,0,0
2005,93,0,0,0,0
2005,94,0,0,0,0
2005,95,6.096,10,11.48,0
2005,96,0,0,0,6.125
2005,97,0,0,0,0
2005,98,0,0,0,0
2005,99,0,0,0,0
2005,100,0,3,12.31,0
2005,101,0.762,6,0,0
2005,102,0,0,0,0
2005,103,0,0,0,0
2005,104,0,0,0,0
2005,105,0,0,0,0
2005,106,0,0,0,0
2005,107,0,0,0,0
2005,108,0,0,0,0
2005,109,0,0,0,0
2005,110,0,0,0,0
2005,111,0,0,0,0
2005,112,0,0,0,0
2005,113,0,0,0,0
2005,114,1.524,1,0,0
2005,115,0.254,1,0,0.245
2005,116,0,0,0,0
2005,117,0,0,0,0
2005,118,0,0,0,0
2005,119,0,0,0,0
2005,120,2.54,4,5.72,1.715
2005,121,0,0,0,4.41
2005,122,0,0,0,0
2005,123,0,1,5.81,0
2005,124,9.144,8,8.32,4.41
2005,125,1.27,1,0,5.145
2005,126,0,0,0,0
2005,127,0,0,19.1,0
2005,128,22.86,25,17.47,19.845
2005,129,0.254,0,0,14.945
2005,130,0,0,0,0
2005,131,0,0,0,0
2005,132,0,0,0,0
2005,133,0,0,0,0
2005,134,1.524,3,0,0.735
2005,135,0,0,0,0
2005,136,0,0,0,0
2005,137,0,0,0,0
2005,138,0,0,0,0
2005,139,0,0,0,0
2005,140,0,0,0,0
2005,141,0,0,0,0
2005,142,0,0,0,0
2005,143,0,0,0,0
2005,144,0,0,0,0
2005,145,0,0,0,0
2005,146,0,2,2.62,0
2005,147,0,0,0,3.185
2005,148,39.624,31,35.56,0
2005,149,7.874,11,8.91,50.715
2005,150,24.892,14,5.1,18.62
2005,151,0,0,18.74,1.47
2005,152,13.208,17,0,18.865
2005,153,0,0,0,0
2005,154,0.254,6,0,0
2005,155,0,0,0,0
2005,156,0,0,0,0
2005,157,0,0,0,0
2005,158,0,0,0,0
2005,159,0,0,0,0
2005,160,0,0,0,0
2005,161,0,0,0,0
2005,162,0,0,0,0
2005,163,0,0,0,0
2005,164,0,0,0,0
2005,165,0.508,2,0,0
2005,166,0,0,0,0
2005,167,0,0,0,0
2005,168,0,0,0,0
2005,169,0,0,0,0
2005,170,0,0,0,0
2005,171,0,0,0,0
2005,172,0,0,0,0
2005,173,0,0,0,0
2005,174,0,0,0,0
2005,175,0,0,0,0
2005,176,0,0,0,0
2005,177,0,0,0,0
2005,178,0,0,0,0
2005,179,0,0,0,0
2005,180,0,0,0,0
2005,181,0,0,0,0
2005,182,0,2,0,0
2005,183,0.254,2,0,0
2005,184,0,0,0,0
2005,185,0,0,0,0
2005,186,0,0,0,0
2005,187,0,0,0,0
2005,188,0.762,2,2.54,0
2005,189,0,0,0,1.225
2005,190,0,0,0,0
2005,191,0,0,0,0
2005,192,7.112,6,0,0
2005,193,0.254,0,0,0.735
2005,194,0,3,0,0
2005,195,1.27,10,2.58,0
2005,196,0.508,9,4.98,7.35
2005,197,3.81,9,2.28,14.945
2005,198,5.842,2,8.15,0.245
2005,199,0.254,0,0,11.515
2005,200,0,0,0,0
2005,201,0,2,0,0
2005,202,0,1,0,0.49
2005,203,0,1,0,0
2005,204,4.572,4,3.6,0
2005,205,0,0,0,1.47
2005,206,0,0,0,0
2005,207,0,0,0,0
2005,208,0,0,0,0
2005,209,0,0,0,0
2005,210,0,0,0,0
2005,211,0,0,0,0
2005,212,0,0,0,0
2005,213,0,0,0,0
2005,214,5.842,5,13.16,0.49
2005,215,14.732,8,15.05,4.165
2005,216,0,14,14.27,2.695
2005,217,23.368,3,0,28.91
2005,218,0,0,0,0
2005,219,0,1,0.91,0
2005,220,1.016,8,14.17,10.535
2005,221,33.274,26,60.52,12.005
2005,222,151.13,52,23.8,139.895
2005,223,0,0,0,29.89
2005,224,0,0,0,0
2005,225,0,0,0,0
2005,226,0,3,0,0
2005,227,0.508,0,0,0.98
2005,228,0,0,0,1.715
2005,229,0,0,0,0
2005,230,0,0,0,0
2005,231,0,0,0,0
2005,232,0,0,0,0
2005,233,0,0,0,0
2005,234,0,0,0,0
2005,235,0,0,0,0
2005,236,0,0,0,0
2005,237,0,0,0,0
2005,238,0,0,0,0
2005,239,0,10,0,0
2005,240,0,4,0,0.98
2005,241,0,0,0,0
2005,242,0,0,0,2.45
2005,243,0,0,0,0
2005,244,0,0,0,0
2005,245,0,0,0,0
2005,246,0,0,0,0
2005,247,0,0,0,0
2005,248,0,0,0,0
2005,249,0,0,0,0
2005,250,0,0,0,0
2005,251,0,0,0,0
2005,252,0,0,0,0
2005,253,5.08,8,5.73,0
2005,254,0,0,0,3.43
2005,255,0,1,3.1,0
2005,256,0,0,0,3.185
2005,257,0,0,0,0
2005,258,0,0,0,0
2005,259,10.922,21,18.32,0
2005,260,0,0,0,22.295
2005,261,0,0,0,0
2005,262,0,0,0,0
2005,263,0,0,0,0
2005,264,0,0,0,0
2005,265,0,0,0,0
2005,266,0,0,0,0
2005,267,0,0,0,0
2005,268,0,0,0,0
2005,269,0,0,0,0
2005,270,0,0,0,0
2005,271,0,8,0,0
2005,272,0,0,0,3.675
2005,273,0,0,0,0
2005,274,0,0,0,0
2005,275,0,0,0,0
2005,276,0,0,0,1.715
2005,277,0,0,0,0
2005,278,0,0,0,0
2005,279,0,0,0,0
2005,280,0,0,0,0
2005,281,0,0,0,0
2005,282,0,0,16.19,0
2005,283,11.684,16,5.32,17.885
2005,284,0.254,1,0,3.92
2005,285,0,0,0,0
2005,286,0,0,0,0
2005,287,0,0,0,0
2005,288,0,0,0,0
2005,289,0,0,0,0
2005,290,0,0,0,0
2005,291,0,0,0,0
2005,292,0,0,0,0
2005,293,0,0,0,0
2005,294,0,0,0,0
2005,295,0,0,0,0
2005,296,0,0,0,0
2005,297,0,0,0,0
2005,298,0,0,0,0
2005,299,0,0,0,0
2005,300,0,0,0,0
2005,301,0,0,0,0
2005,302,0,0,0,0
2005,303,0,0,0,0
2005,304,17.78,2,16.19,0
2005,305,0,0,0,14.21
2005,306,0,0,0,0
2005,307,0,0,0,0
2005,308,0,0,0,0
2005,309,0,0,0,0
2005,310,0,0,0,0
2005,311,0,0,0,0
2005,312,0,0,0,0
2005,313,0,0,0,0
2005,314,0,0,0,0
2005,315,0,0,0,0
2005,316,0,0,0,0
2005,317,0,2,0,0
2005,318,0,4,0,0
2005,319,0,1,0,0
2005,320,0,0,0,0.49
2005,321,0,0,0,0
2005,322,0,0,0,0
2005,323,0,0,0,0
2005,324,0,0,0,0
2005,325,0,0,0,0
2005,326,0,0,0,0
2005,327,0,0,0,0
2005,328,0,0,0,0
2005,329,0,0,4.86,0
2005,330,3.048,20,5.85,2.205
2005,331,0,0,0,3.43
2005,332,0,0,0,0
2005,333,0,0,0,0
2005,334,0,0,0,0
2005,335,0,0,0,0
2005,336,0,0,0,0
2005,337,0,0,0,0
2005,338,0,0,0,0
2005,339,0,0,0,0
2005,340,0,0,0,0
2005,341,4.064,4,5.27,0
2005,342,0,0,0,6.37
2005,343,0,0,0,0
2005,344,0,0,0,0
2005,345,0,0,0,0
2005,346,0,0,0,0
2005,347,0,0,0,0
2005,348,1.27,3,1.19,0
2005,349,0,0,0,1.225
2005,350,0.762,1,1.12,0
2005,351,0,0,0,0.735
2005,352,0,0,0,0
2005,353,0,0,0,0
2005,354,0,1,0,0
2005,355,0,0,0,0
2005,356,0,0,0,0
2005,357,0,0,0,0
2005,358,0,0,0,0
2005,359,0,0,0,0
2005,360,0,0,0,0
2005,361,0,0,0,0
2005,362,0,0,0,0
2005,363,0,0,0,0
2005,364,0,0,0,0
2005,365,0,0,0,0
2006,1,0,0,0,0
2006,2,0,0,0,0
2006,3,0,0,0,0
2006,4,0,0,0,0
2006,5,0,0,0,0
2006,6,0,0,0,0
2006,7,0,0,0,0
2006,8,0,0,0,0
2006,9,0,1,0,0
2006,10,0,0,0,0.49
2006,11,0,0,0,0
2006,12,0,0,0,0
2006,13,0,0,0,0
2006,14,0,0,0,0
2006,15,0,0,0,0
2006,16,1.27,5,1.03,0
2006,17,0,0,0,0.735
2006,18,0,0,0,0
2006,19,0,1,0,0
2006,20,0,0,0,0
2006,21,1.27,2,7.67,0
2006,22,8.89,10,11.24,7.35
2006,23,0,0,0,8.33
2006,24,0,0,0,0
2006,25,0,0,0,0
2006,26,0,0,0,0
2006,27,0,0,12.58,0
2006,28,50.8,39,34.28,3.43
2006,29,0,0,0,34.3
2006,30,0,0,0,0
2006,31,0,0,0,0
2006,32,8.128,10,14.19,0
2006,33,0.254,0,0,18.375
2006,34,1.27,2,0,0
2006,35,0,0,0,0.49
2006,36,0,0,0,0
2006,37,0,0,0,0
2006,38,0,0,0,0
2006,39,0,0,0,0
2006,40,0,0,3.81,0
2006,41,17.018,15,13.97,3.675
2006,42,0,0,0,15.435
2006,43,0.254,0,0,0
2006,44,0,0,0,0
2006,45,0,0,0,0
2006,46,0,0,0,0
2006,47,0,0,0,0
2006,48,0,0,0,2.45
2006,49,0,1,0,0
2006,50,0.254,1,0,0
2006,51,0.508,1,1.15,0.735
2006,52,0.254,1,1.17,0.49
2006,53,0.508,0,2,0.49
2006,54,0.508,0,0,0
2006,55,2.032,3,15.63,0
2006,56,23.622,25,12.45,14.21
2006,57,1.016,0,0,11.27
2006,58,0,0,0,0
2006,59,0,0,0,0
2006,60,0,0,0,0
2006,61,0,0,0,0
2006,62,0,0,0,0
2006,63,0,0,0,0
2006,64,0,0,0,0
2006,65,0,0,0,0
2006,66,0,0,0,0
2006,67,0,3,9.07,0
2006,68,19.05,7,0,24.5
2006,69,0,0,0,0
2006,70,0,0,0,0
2006,71,0,0,5.42,0
2006,72,3.048,3,0,5.145
2006,73,0,0,0,0
2006,74,0,0,0,0
2006,75,0,0,0,0
2006,76,0,0,3.69,0
2006,77,0,4,13.6,0.98
2006,78,13.208,24,28.13,0.49
2006,79,10.414,10,0,26.46
2006,80,0,0,0,0
2006,81,0,0,2.96,0
2006,82,0.762,2,0,3.43
2006,83,0,0,0,0
2006,84,0,0,0,0
2006,85,0,0,0,0
2006,86,26.924,6,39.86,0
2006,87,25.146,43,10.63,27.195
2006,88,5.842,5,6.74,7.595
2006,89,0,0,0,6.37
2006,90,0,0,0,0
2006,91,0,0,0,0
2006,92,0,2,3.58,0
2006,93,0,0,0,9.065
2006,94,0,0,0,0
2006,95,0,0,0,0
2006,96,5.08,0,0,0
2006,97,0,0,0,0
2006,98,0,0,0,0
2006,99,0,0,0,0
2006,100,0,0,0,0
2006,101,0,0,0,0
2006,102,0,0,0,0
2006,103,0,0,0,0
2006,104,0,0,0,0
2006,105,0,0,0,0
2006,106,0,0,0,0
2006,107,0,0,0,0
2006,108,0,0,0,0
2006,109,0,5,0,0
2006,110,14.224,27,19.18,0
2006,111,4.318,4,0,38.955
2006,112,0,0,0,0
2006,113,0,0,0,0
2006,114,0,0,0,0
2006,115,9.652,3,7.8,0
2006,116,0,0,0,3.43
2006,117,0.254,0,0,0
2006,118,2.54,11,42.72,0
2006,119,25.908,25,0,69.58
2006,120,0,0,0,0
2006,121,0,0,0,0
2006,122,0,0,0,0
2006,123,0,0,0,0
2006,124,0.762,2,0,0.735
2006,125,0.508,5,73.47,3.43
2006,126,87.376,46,11.96,55.37
2006,127,0,0,4,0.49
2006,128,4.318,7,0,5.635
2006,129,0,0,0,0
2006,130,0,0,0,0
2006,131,0,0,0,0
2006,132,0,0,0,0
2006,133,0,0,4.51,0
2006,134,42.672,18,27.03,1.96
2006,135,0,0,0,25.235
2006,136,0,0,0,0
2006,137,0,0,0,0
2006,138,0,0,0,0
2006,139,0,0,0,0
2006,140,0,0,0,0
2006,141,0,0,0,0
2006,142,0,0,0,0
2006,143,0,0,0,0
2006,144,0,0,0,0
2006,145,0,0,0,0
2006,146,0,0,0,0
2006,147,0,0,0,0
2006,148,0,0,0,0
2006,149,10.16,0,0,0
2006,150,0,0,0,5.635
2006,151,0.762,3,0,0
2006,152,0,1,1.26,2.45
2006,153,0,0,0,0.735
2006,154,0,0,0,0.245
2006,155,0,0,0,0
2006,156,0,0,0,0
2006,157,0,0,0,0
2006,158,0,0,0,0
2006,159,0,0,0,0
2006,160,0,0,0,0
2006,161,0,0,0,0
2006,162,0,0,0,0
2006,163,0,0,0,0
2006,164,0,0,0,0
2006,165,0,0,0,0
2006,166,0,0,0,0
2006,167,0,2,15.53,0
2006,168,18.796,24,43.38,8.085
2006,169,34.29,28,0,48.265
2006,170,0,0,0,0
2006,171,0.508,1,4.82,1.225
2006,172,1.27,1,0,0.49
2006,173,2.286,0,0,12.495
2006,174,0,0,0,13.72
2006,175,2.032,17,7.4,0
2006,176,0,0,0,0.49
2006,177,0,0,0,0
2006,178,0,0,0,0
2006,179,0,0,0,0
2006,180,0,0,0,0
2006,181,0,0,0,0
2006,182,0,1,0,0
2006,183,22.86,3,0,0
2006,184,0,0,0,0
2006,185,0,12,12.89,0
2006,186,63.246,8,6.71,0.49
2006,187,0.254,0,0,2.94
2006,188,0,0,0,0
2006,189,0,0,0,0
2006,190,0,0,0,0
2006,191,0,0,0,0
2006,192,0,0,0,0
2006,193,0,0,0,0
2006,194,0,0,0,0
2006,195,0,0,0,0
2006,196,0,0,0,0
2006,197,0,0,0,0
2006,198,0,0,0,0
2006,199,0,0,0,0
2006,200,0,0,0,0
2006,201,0,0,0,0
2006,202,0,0,0,0
2006,203,6.096,2,0,0
2006,204,0,2,0,0.245
2006,205,0,0,0,0
2006,206,0,0,0,0
2006,207,0,0,0,0
2006,208,0,0,0,0
2006,209,0,0,0,0
2006,210,0,0,0,0
2006,211,0,0,0,0
2006,212,0,0,0,0
2006,213,0,0,0,0
2006,214,0,0,0,0
2006,215,0,0,0,0
2006,216,0,0,0,0
2006,217,0,0,0,0
2006,218,25.908,10,14.29,0
2006,219,0,3,0,24.745
2006,220,0,0,0,0
2006,221,0,0,0,0
2006,222,0,0,0,0
2006,223,0,0,0,0
2006,224,0,0,0,0
2006,225,0,0,0,0
2006,226,0,0,0,0
2006,227,0,0,0,0
2006,228,0,0,0,0
2006,229,0,0,0,0
2006,230,0,0,0,0
2006,231,0,0,0,0
2006,232,0,0,0,0
2006,233,0,0,0,0
2006,234,0,0,0,0
2006,235,0,0,0,0
2006,236,0,0,0,0
2006,237,0,0,0,0
2006,238,0,0,0,0
2006,239,0,2,0,0
2006,240,1.27,2,3.98,0
2006,241,0,1,0,0.735
2006,242,0,0,0,0
2006,243,0,0,0,0
2006,244,0,0,0,0
2006,245,0,0,0,0
2006,246,0,0,0,0
2006,247,5.08,2,5.74,0
2006,248,3.81,5,0,6.615
2006,249,0,0,0,0
2006,250,0,0,0,0
2006,251,0,0,0,0
2006,252,0,0,0,0
2006,253,0,0,0,0
2006,254,10.16,2,1.59,0
2006,255,0,0,0,1.715
2006,256,0,0,0,0
2006,257,0,0,0,0
2006,258,0,0,0,0
2006,259,0,0,0,0
2006,260,34.798,41,58.49,0
2006,261,20.574,12,0,69.335
2006,262,0,0,0,0.245
2006,263,0,0,0,0
2006,264,0,0,0,0
2006,265,0,0,0,0
2006,266,0,7,5.92,0
2006,267,0,0,0,2.695
2006,268,0,0,0,0
2006,269,0,0,0,0
2006,270,0,0,0,0
2006,271,0,0,0,0
2006,272,0,0,0,0
2006,273,0,0,0,0
2006,274,0,0,0,0
2006,275,0,0,0,0
2006,276,0,0,0,0
2006,277,0,0,0,0
2006,278,0,0,0,0
2006,279,0,0,0,0
2006,280,0,0,0,0
2006,281,0,0,0,0
2006,282,0,0,13.79,0
2006,283,28.448,41,24.29,10.045
2006,284,0.254,0,0,17.15
2006,285,0,0,0,0
2006,286,0,0,0,0.245
2006,287,0,0,0,0
2006,288,1.524,2,11.5,0
2006,289,18.796,21,17.2,4.41
2006,290,0,0,0,11.515
2006,291,1.27,7,9.69,0
2006,292,0,0,0,6.86
2006,293,0,0,0,0
2006,294,0,0,0,0
2006,295,0,0,0,0
2006,296,0,0,0,0
2006,297,0.762,2,6.12,0
2006,298,40.64,40,41.69,3.675
2006,299,4.064,6,0,40.915
2006,300,0,0,0,3.43
2006,301,0,0,0,0
2006,302,0,0,0,0
2006,303,0,0,0,0
2006,304,0,2,0,0
2006,305,0,5,3.03,0
2006,306,0,0,0,0
2006,307,0,0,0,0
2006,308,0,0,0,0
2006,309,0,2,0,0
2006,310,4.064,7,12.94,0.245
2006,311,0.254,0,0,2.695
2006,312,0,0,0,0
2006,313,0,0,0,0
2006,314,0,0,0,0
2006,315,0,0,0,0
2006,316,0,0,0,0
2006,317,0,0,0,0
2006,318,0,0,0,0
2006,319,0,0,0,0
2006,320,0,0,0,0
2006,321,0,0,0,0
2006,322,0,0,0,0
2006,323,0,0,0,0
2006,324,0,0,0,0
2006,325,0,0,0,0
2006,326,0,0,0,0
2006,327,0,0,0,0
2006,328,0,0,0,0
2006,329,0,0,0,0
2006,330,0,0,0,0
2006,331,0,0,0,0
2006,332,0,0,0,0
2006,333,0,3,9.28,0
2006,334,3.302,7,0,9.065
2006,335,0,0,0,0
2006,336,0,0,0,0
2006,337,0,0,0,0
2006,338,0,0,0,0
2006,339,0,0,0,0
2006,340,0,0,0,0
2006,341,0,0,0,0
2006,342,0,0,0,0
2006,343,0,0,0,0
2006,344,1.27,1,1.9,0
2006,345,0.508,0,0,1.715
2006,346,0,0,0,0
2006,347,0,0,0,0
2006,348,0,0,0,0
2006,349,0,0,0,0
2006,350,0,0,0,0
2006,351,0,0,0,0
2006,352,0,3,7.57,0.98
2006,353,1.27,4,6.37,0
2006,354,4.318,8,3.69,3.185
2006,355,0,1,0,1.96
2006,356,0,0,0,0
2006,357,7.62,7,15.43,0
2006,358,19.304,22,17.14,19.6
2006,359,1.524,1,2.19,16.905
2006,360,0,0,0,0.49
2006,361,0,0,0,0
2006,362,0,0,0,0
2006,363,8.382,39,39.19,0
2006,364,2.286,7,0,17.15
2006,365,0,0,0,0
2007,1,0,0,0,0
2007,2,0,0,0,0
2007,3,14.478,16,31.64,0
2007,4,14.224,12,0,32.585
2007,5,0.254,0,0,0
2007,6,1.524,9,11.64,0
2007,7,0,0,0,1.96
2007,8,0,0,0,0
2007,9,0,0,0,0
2007,10,0,0,0,0
2007,11,0,0,0,0
2007,12,0.762,2,19.94,0
2007,13,110.744,55,61.25,20.335
2007,14,8.89,8,27.12,73.255
2007,15,10.922,18,6.36,28.91
2007,16,0,2,3.58,2.205
2007,17,3.556,3,0,8.085
2007,18,0.762,2,0,1.715
2007,19,1.27,2,3.2,0
2007,20,12.954,7,10.44,1.47
2007,21,0.508,0,0,7.35
2007,22,0,0,0,0
2007,23,0.508,0,0,0
2007,24,0,0,0,0.245
2007,25,0,0,0,0
2007,26,0,0,0,0
2007,27,0,0,0,0.245
2007,28,0,0,0,0
2007,29,0,0,0,0
2007,30,0,0,0,0
2007,31,2.032,1,3.99,0
2007,32,5.334,10,7.98,1.225
2007,33,0,0,0,2.205
2007,34,0,0,0,0
2007,35,0,0,0,0
2007,36,0,0,0,0
2007,37,0,0,0,0
2007,38,0,0,0,0
2007,39,0,0,0,0
2007,40,0,0,0,0
2007,41,0,0,0,0
2007,42,0,0,0,0
2007,43,2.54,2,1.32,0.245
2007,44,0,0,0,0.49
2007,45,0,0,0,0
2007,46,0,0,0,0
2007,47,0,0,0,0
2007,48,0,0,0,0
2007,49,0,0,0,0
2007,50,0,0,0,0
2007,51,0,0,0,0
2007,52,0,0,0,0
2007,53,0,0,0,0
2007,54,0,0,1.16,0
2007,55,0.508,3,0,0.49
2007,56,0,0,0,0
2007,57,0,0,0,0
2007,58,0,0,0,0
2007,59,0,0,6.44,0
2007,60,1.524,1,0,1.96
2007,61,0,0,0,0
2007,62,0,0,0,0
2007,63,0,0,0,0
2007,64,0,0,0,0
2007,65,0,0,0,0
2007,66,0,0,0,0
2007,67,0,0,0,0
2007,68,0,0,0,0
2007,69,0,0,0,0
2007,70,36.83,40,89.69,0
2007,71,55.626,52,0,100.94
2007,72,45.466,18,15.18,0
2007,73,0.254,0,0,14.7
2007,74,0,0,0,0.49
2007,75,0,0,0,0
2007,76,0,0,0,0
2007,77,0,0,0,0
2007,78,0,0,0,0
2007,79,0,0,0,0
2007,80,0,0,0,1.225
2007,81,0,0,0,0
2007,82,0,0,0,0
2007,83,0,0,0,0
2007,84,2.032,5,6.11,0
2007,85,58.166,51,46.21,0.245
2007,86,22.352,6,0,40.915
2007,87,0,0,0,0
2007,88,5.588,44,47.56,0
2007,89,12.192,18,23.67,1.96
2007,90,1.27,1,0,5.145
2007,91,0,0,0,0
2007,92,0,0,0,0
2007,93,3.302,4,15.51,0
2007,94,0,0,0,41.405
2007,95,0,0,0,0
2007,96,0,0,0,0
2007,97,1.778,7,9.82,0
2007,98,6.35,1,0,13.23
2007,99,0,0,0.52,0
2007,100,2.032,1,0,0.98
2007,101,0,0,0,0
2007,102,0,0,0,0
2007,103,7.112,7,10.24,0
2007,104,0.508,2,0,10.29
2007,105,0,0,0,0
2007,106,0,0,0,0
2007,107,10.16,7,7.91,0
2007,108,0,0,0,5.88
2007,109,0,0,0,0
2007,110,0,0,0,0
2007,111,0,0,0,0
2007,112,0,0,0,0
2007,113,0,0,0,0
2007,114,4.064,3,14.82,0
2007,115,7.62,8,0,15.19
2007,116,0,0,0,0
2007,117,0,0,0,0
2007,118,0,0,0,0
2007,119,0,0,0,0
2007,120,3.81,9,19.04,0
2007,121,73.914,84,73.44,24.5
2007,122,52.578,49,47.21,87.465
2007,123,7.112,5,5.04,59.29
2007,124,0,0,0,0
2007,125,0,0,0,0.735
2007,126,0,0,0,0
2007,127,0,0,0,0
2007,128,0,1,0,0
2007,129,0,0,0,0
2007,130,0,6,0,0
2007,131,0,0,0,0.735
2007,132,0,0,0,6.86
2007,133,0,5,0,0
2007,134,0,0,0,0
2007,135,0,0,0,0
2007,136,0.254,0,0,0
2007,137,0.254,0,0,0
2007,138,0,0,0,0
2007,139,0,0,0,0
2007,140,0,0,0,0
2007,141,0.762,2,15.25,0
2007,142,2.54,15,0,8.33
2007,143,7.874,0,0,0
2007,144,46.99,37,37.33,0
2007,145,15.24,17,39.43,49.735
2007,146,53.34,27,57.28,44.1
2007,147,40.386,60,27.63,63.455
2007,148,13.716,14,14.07,24.01
2007,149,7.112,10,9.79,6.37
2007,150,0,0,0,8.575
2007,151,0,0,0,0
2007,152,0,0,0,0
2007,153,0,2,0,0
2007,154,0,5,0,0
2007,155,0,1,0,0
2007,156,0,0,0,0.49
2007,157,0,0,0,0
2007,158,0,0,0,0
2007,159,0,0,0,0
2007,160,0,0,0,0.49
2007,161,0,0,0,0
2007,162,0,0,0,0
2007,163,0,0,0,0
2007,164,0,0,0,0
2007,165,6.35,17,13.15,4.165
2007,166,12.446,15,21.09,9.065
2007,167,1.778,8,21.68,29.155
2007,168,7.112,24,26.3,4.655
2007,169,0,1,0,8.33
2007,170,0,1,0,0
2007,171,4.318,11,17.18,0.245
2007,172,0,2,0,38.955
2007,173,7.112,4,5.96,0
2007,174,0,3,0,6.615
2007,175,0.762,2,0,0
2007,176,6.604,9,7.2,0.735
2007,177,62.738,58,68.37,7.105
2007,178,38.608,33,22.48,73.99
2007,179,13.208,16,13.2,37.73
2007,180,1.016,2,0,4.165
2007,181,0,0,0,2.45
2007,182,0,0,0,0
2007,183,0,1,0,1.47
2007,184,16.51,17,23.13,0
2007,185,4.064,4,11.89,35.035
2007,186,23.876,36,19.78,15.925
2007,187,0,6,12.79,26.215
2007,188,4.572,1,0,1.225
2007,189,0,3,2.42,0.98
2007,190,7.366,2,0,0.735
2007,191,0,0,0,0
2007,192,0,0,0,0
2007,193,0,0,0,0
2007,194,45.974,21,44.14,0
2007,195,13.208,17,0,38.955
2007,196,0,1,0,7.84
2007,197,0,0,0,0
2007,198,0.508,2,0,0.98
2007,199,0,0,0,0.735
2007,200,0.508,5,0,0.245
2007,201,17.78,4,16.67,7.84
2007,202,1.27,5,9.69,1.47
2007,203,6.858,1,5.95,0.735
2007,204,0,1,0,1.47
2007,205,0,0,0,0
2007,206,0,2,0,0
2007,207,2.794,7,5.65,0
2007,208,0.254,6,2.31,8.085
2007,209,0,0,0,0
2007,210,10.668,4,0,0
2007,211,0.508,4,0,12.74
2007,212,0.254,6,0,0.98
2007,213,0,2,4.27,0
2007,214,8.128,11,8.94,0.49
2007,215,0,0,0,20.09
2007,216,0,0,0,0
2007,217,0,0,0,0
2007,218,0,0,0,0
2007,219,0,0,0,0
2007,220,0,0,0,0
2007,221,0,0,0,0
2007,222,0,0,0,0
2007,223,0,0,0,0
2007,224,0,0,0,0
2007,225,0,0,0,0
2007,226,0,0,0,0
2007,227,0,0,0,0
2007,228,0,0,0,0
2007,229,0,5,4.51,0
2007,230,0,0,0,0.245
2007,231,0,0,0,0
2007,232,0,0,0,0
2007,233,0,0,0,0
2007,234,0,0,0,0
2007,235,0,0,0,0
2007,236,0,0,0,0
2007,237,0,0,0,0
2007,238,0,0,0,0
2007,239,0,3,0,0
2007,240,0,0,0,5.145
2007,241,0,2,0,0
2007,242,0,0,0,6.37
2007,243,1.27,2,0,0
2007,244,0,0,0,1.715
2007,245,0,1,0,0
2007,246,3.556,7,0,0
2007,247,2.794,16,18.8,0
2007,248,21.336,39,0,11.515
2007,249,0,0,0,0
2007,250,0,0,0,0
2007,251,0,0,0,0
2007,252,0,0,0,0
2007,253,0.254,4,9.77,0
2007,254,1.778,5,0,6.86
2007,255,0,0,0,0
2007,256,0,0,0,0
2007,257,0,0,0,0
2007,258,0,0,0,0
2007,259,0,0,0,0
2007,260,0,0,0,0
2007,261,0,0,0,0
2007,262,0,0,0,0
2007,263,0,0,0,0
2007,264,0,0,0,0
2007,265,0,0,0,0
2007,266,0,0,0,0
2007,267,0,0,0,0
2007,268,0,0,0,0
2007,269,12.446,2,0,0
2007,270,3.556,0,0,0
2007,271,0,0,0,0.245
2007,272,0,1,0,0
2007,273,0,0,0,0
2007,274,0,1,0,0.245
2007,275,0,0,0,0
2007,276,0,0,0,0
2007,277,0,0,0,0
2007,278,0,0,0,0
2007,279,7.62,2,4.75,0
2007,280,0,1,0,2.94
2007,281,0,2,0,0
2007,282,0,0,0,0.49
2007,283,0,0,0,0
2007,284,0,0,0,0
2007,285,0,0,0,0
2007,286,0,0,0,0
2007,287,2.54,4,2.97,0
2007,288,27.178,13,10.16,3.43
2007,289,0,0,0,13.965
2007,290,0.254,0,0,0
2007,291,0,0,0,0
2007,292,0,0,0,0
2007,293,0,0,0,0
2007,294,0,0,9.86,0
2007,295,13.462,14,11.64,8.33
2007,296,0,0,0,8.82
2007,297,0,0,0,0
2007,298,0,0,0,0
2007,299,0,0,0,0
2007,300,0,0,0,0
2007,301,0,0,0,0
2007,302,0,0,0,0
2007,303,0,0,0,0
2007,304,0,0,0,0
2007,305,0,0,0,0
2007,306,0,0,0,0
2007,307,0,0,0,0
2007,308,0,0,0,0
2007,309,0,0,0,0
2007,310,0,0,0,0
2007,311,0,0,0,0
2007,312,0,0,0,0
2007,313,0,0,0,0
2007,314,0,0,0,0
2007,315,0,0,0,0
2007,316,0,0,0,0
2007,317,0,0,0,0
2007,318,0,1,0,0
2007,319,0,0,0,0
2007,320,0,0,0,0
2007,321,0,0,7.55,0
2007,322,0,0,0,0.98
2007,323,0,0,0,0
2007,324,0,0,0,0
2007,325,0,4,0,0
2007,326,0.508,0,4.29,0
2007,327,0,0,13.77,2.45
2007,328,53.086,0,41.02,11.515
2007,329,8.382,0,5.87,34.055
2007,330,0,1,0,2.695
2007,331,0,4,0,0
2007,332,0.254,44,0,0
2007,333,0,2,0,0
2007,334,0,0,0,0
2007,335,0,0,0,0
2007,336,0,0,0,0
2007,337,0,0,0,0
2007,338,0,0,0,0
2007,339,0,0,0,0
2007,340,0,0,0,0
2007,341,0,0,0,0
2007,342,0,0,0,0
2007,343,3.048,0,0,0
2007,344,0.254,0,0.08,0.98
2007,345,18.542,0,5.62,0.735
2007,346,7.366,0,10.13,4.9
2007,347,0,3,0,14.455
2007,348,3.302,0,10.68,0
2007,349,4.064,13,0,5.39
2007,350,0,11,0,0
2007,351,0,0,0,0
2007,352,0,12,0,0
2007,353,0,0,0,0
2007,354,0,0,0,0
2007,355,0,0,0,0
2007,356,0,0,0,0
2007,357,0,0,0,0
2007,358,0,0,0,0
2007,359,0,0,5.96,0
2007,360,6.096,0,0,5.88
2007,361,0.254,0,2.08,0
2007,362,0.508,0,0,0.245
2007,363,0,0,0,0
2007,364,0,4,0,0
2007,365,0,1,0,0
2008,1,0,0,0,0
2008,2,0,0,0,0
2008,3,0,0,0,0
2008,4,0,0,0,0
2008,5,0,0,0,0
2008,6,0,0,0,0
2008,7,0,0,1.32,0
2008,8,3.302,2,0,5.635
2008,9,0,0,0,0
2008,10,0,0,0,0
2008,11,0,0,0,0
2008,12,0,0,0,0
2008,13,0,0,0,0
2008,14,0,0,0,0
2008,15,0,0,0,0
2008,16,0,0,0,0
2008,17,0,0,0,0
2008,18,3.81,4,5.07,1.225
2008,19,0,0,0,5.39
2008,20,0,0,0,0
2008,21,5.334,3,4.81,0
2008,22,0.508,0,0,2.45
2008,23,3.048,2,2.76,0
2008,24,2.032,3,3.94,1.96
2008,25,2.286,3,4.08,2.94
2008,26,0,0,0,0.245
2008,27,0.254,0,0,0
2008,28,0,0,0,0
2008,29,0,0,0,0
2008,30,0,0,9.71,0
2008,31,7.366,9,0,7.35
2008,32,0,0,0,0
2008,33,0,0,0,0
2008,34,0,0,0,0
2008,35,0,0,0,0
2008,36,5.842,2,5.17,0
2008,37,0,0,0,3.675
2008,38,0,0,0,0
2008,39,0,0,0,0
2008,40,0,0,0,0
2008,41,0,0,0,0
2008,42,0,0,14.13,0
2008,43,10.668,10,0,0.735
2008,44,0,0,0,14.455
2008,45,0,0,0,0
2008,46,0.508,6,11.77,0
2008,47,14.224,23,32.2,1.47
2008,48,0.254,0,0,23.52
2008,49,0,0,0,0
2008,50,0,0,0,0
2008,51,0,0,2.94,0
2008,52,2.032,0,0,0.735
2008,53,0,0,0,0
2008,54,0,0,0,0
2008,55,0,0,0,0
2008,56,0,0,0,0
2008,57,0,0,0,0
2008,58,0,0,0,0
2008,59,2.54,4,0,0
2008,60,0,1,6,2.94
2008,61,2.032,1,0,1.715
2008,62,20.066,24,22.28,18.13
2008,63,0,0,9.91,10.78
2008,64,0,0,0,0
2008,65,19.558,24,0,0
2008,66,1.016,2,24.98,22.54
2008,67,0,0,0,0.735
2008,68,0,0,0,0
2008,69,21.59,30,23.86,19.845
2008,70,0.254,0,11.78,10.535
2008,71,0,0,0,0
2008,72,0,0,0,0
2008,73,0,0,0,0
2008,74,0,0,0,0
2008,75,0,0,0,0
2008,76,0,0,0,0
2008,77,29.972,35,0,0
2008,78,4.572,11,39.59,35.77
2008,79,0,0,0,0
2008,80,0,0,0,0
2008,81,0,0,0,0
2008,82,0,0,0,0
2008,83,0,0,0,0
2008,84,0,0,0,0
2008,85,0,0,0,0
2008,86,0,0,0,0
2008,87,0,0,0,0
2008,88,3.302,4,3.09,5.39
2008,89,0,0,0,0
2008,90,0,0,0,0
2008,91,0,0,1.26,0
2008,92,0,0,0,0
2008,93,0,0,0,0
2008,94,4.318,7,4.24,0.98
2008,95,0,0,4.72,0.49
2008,96,0,0,0,0
2008,97,0,0,0,0
2008,98,0,3,0,0
2008,99,0,1,0,0
2008,100,28.702,15,15.82,9.065
2008,101,0,0,0,0.735
2008,102,0,0,0,0
2008,103,0,0,0,0
2008,104,0,0,0,0
2008,105,0,0,0,0
2008,106,0,0,0,0
2008,107,22.86,17,0,0
2008,108,0,1,19.32,17.64
2008,109,0,0,0,0
2008,110,0,0,0,0
2008,111,0,0,0,0
2008,112,0,0,0,0
2008,113,8.382,18,0,0
2008,114,0,0,17.27,1.47
2008,115,2.794,9,0,0
2008,116,0.254,0,10.98,16.66
2008,117,4.572,12,10.01,1.96
2008,118,0,3,8.21,5.145
2008,119,0,0,0,0
2008,120,0,0,0,0
2008,121,0,0,0,0
2008,122,0.508,1,0,0
2008,123,0.254,0,0,0
2008,124,0,0,0,0
2008,125,7.112,13,0,0
2008,126,0.254,0,12.35,11.025
2008,127,11.938,5,0,0
2008,128,0,0,9.86,4.165
2008,129,0,13,0,0.49
2008,130,0,0,0,0
2008,131,0,0,0,0
2008,132,0,0,0,0
2008,133,8.382,17,0,2.45
2008,134,59.436,44,49.84,23.765
2008,135,0,2,22.6,41.895
2008,136,0.254,0,0,0
2008,137,0,0,0,0
2008,138,0,0,0,0
2008,139,0,0,0,0
2008,140,0,0,0,0
2008,141,0,0,0,0
2008,142,0,0,0,0
2008,143,0,0,0,0
2008,144,0,0,0,0
2008,145,0,0,0,0
2008,146,0.508,0,0,0
2008,147,14.732,14,0,12.005
2008,148,0,1,15.08,10.045
2008,149,0,1,0,0
2008,150,0,4,0,0
2008,151,0,2,0,0
2008,152,0,0,0,0
2008,153,0,3,0,0
2008,154,0,2,0,0
2008,155,0,0,0,0
2008,156,0,0,0,0
2008,157,2.54,0,0,4.41
2008,158,0,0,0,1.715
2008,159,0,0,0,0.735
2008,160,0,0,0,0
2008,161,0,0,0,0.49
2008,162,0,0,0,0
2008,163,0,0,0,0
2008,164,0,0,0,0
2008,165,0,0,0,0
2008,166,0,0,0,0
2008,167,0,0,0,0
2008,168,0,0,0,0
2008,169,0,0,0,0
2008,170,0.508,3,0,0
2008,171,0,1,3.22,0.245
2008,172,0,0,0,0
2008,173,0,1,0,0
2008,174,0,0,0,0
2008,175,0,0,0,0
2008,176,0,0,0,0
2008,177,0,0,0,0
2008,178,0,0,0,0
2008,179,0,1,0,0
2008,180,0.508,2,0,0
2008,181,0,0,0,0.49
2008,182,0,1,0,0
2008,183,0,0,0,0
2008,184,0,0,0,0
2008,185,0,0,0,0
2008,186,0,1,0,0
2008,187,0,0,0,0
2008,188,0,0,0,0
2008,189,4.572,2,0,0
2008,190,0.254,0,0,2.205
2008,191,0,0,0,0
2008,192,0,0,0,0
2008,193,0,0,0,0
2008,194,0,3,0,0
2008,195,0,2,0,0
2008,196,7.874,6,0,0
2008,197,0,6,10.91,5.88
2008,198,0,0,0,0
2008,199,0,0,0,0
2008,200,0,0,0,0
2008,201,0,0,0,0
2008,202,0,0,0,0
2008,203,0,0,0,0
2008,204,0,1,0,0
2008,205,0,1,0,0
2008,206,0,0,0,0
2008,207,0,0,0,0
2008,208,0,0,0,0
2008,209,0,0,0,0
2008,210,0,0,0,0
2008,211,0,0,0,0
2008,212,0,2,0,0.98
2008,213,0,0,0,0
2008,214,0,0,0,0
2008,215,0.508,2,0,0
2008,216,0,0,0,0
2008,217,11.43,9,0,0
2008,218,2.794,2,16.43,7.105
2008,219,0,0,0,0
2008,220,0,2,0,0
2008,221,0,0,0,0
2008,222,0,0,0,0
2008,223,5.588,6,0,0
2008,224,24.892,7,18.42,3.675
2008,225,0,0,11.29,9.31
2008,226,0,0,0,0
2008,227,0,1,0,0
2008,228,0,0,0,0.49
2008,229,0,0,0,0
2008,230,29.972,72,0,0
2008,231,28.194,43,80.06,93.1
2008,232,0.254,2,52.84,44.59
2008,233,0,10,0,0.49
2008,234,0,0,0,2.695
2008,235,9.398,0,0,0
2008,236,0,0,0,5.88
2008,237,0,1,0,0
2008,238,0,0,0,0
2008,239,0,0,0,0
2008,240,0,0,0,0
2008,241,0,2,0,0
2008,242,0,1,0,0
2008,243,0,1,0,0
2008,244,0,0,0,0
2008,245,0,0,0,0
2008,246,0,0,0,0
2008,247,0,0,0,0
2008,248,0,0,0,0
2008,249,0,0,0,0
2008,250,0,0,0,0
2008,251,7.874,9,0,0
2008,252,7.112,2,8.55,12.25
2008,253,0,2,0,0
2008,254,0,0,0,0
2008,255,0,0,0,0
2008,256,8.128,20,0,0
2008,257,0,2,19.94,5.88
2008,258,0,0,0,0
2008,259,0,0,0,0
2008,260,0,0,0,0
2008,261,0,1,0,0
2008,262,0,0,0,0
2008,263,0,0,0,0
2008,264,0,0,0,0
2008,265,0,0,0,0
2008,266,0,0,0,0
2008,267,0,0,0,0
2008,268,0,0,0,0
2008,269,0,0,0,0
2008,270,0,0,0,0
2008,271,0,0,0,0
2008,272,0,0,0,0
2008,273,0,0,0,0
2008,274,0,0,0,0
2008,275,0,0,0,0
2008,276,0,0,0,0
2008,277,0,0,0,0
2008,278,0,0,0,0
2008,279,29.464,38,0,0
2008,280,2.286,2,32.72,19.355
2008,281,0,0,0,0
2008,282,0,0,0,0
2008,283,0,0,0,0
2008,284,0,0,0,0
2008,285,0,0,0,0
2008,286,0,0,0,0
2008,287,3.048,2,0,0
2008,288,3.302,14,3.17,2.45
2008,289,0.762,0,28.77,9.8
2008,290,0.254,0,0,0
2008,291,0,0,0,0
2008,292,0,0,0,0
2008,293,0,0,0,0
2008,294,0,0,0,0
2008,295,0,0,0,0
2008,296,0,0,0,0
2008,297,0,0,0,0
2008,298,0,0,0,0
2008,299,0,0,0,0
2008,300,0,0,0,0
2008,301,0,0,0,0
2008,302,0,0,0,0
2008,303,0,0,0,0
2008,304,0,0,0,0
2008,305,0,0,0,0
2008,306,0,0,0,0
2008,307,0,2,0,0
2008,308,0,0,0,0
2008,309,0,0,0,0
2008,310,1.778,2,2.04,0
2008,311,0,0,0,0
2008,312,0,0,0,0
2008,313,0,0,0,0
2008,314,0,2,0,0
2008,315,16.764,2,0,0.98
2008,316,0.254,0,15.97,18.375
2008,317,0.254,0,0,0
2008,318,0,0,0,0
2008,319,0,0,0,0
2008,320,0,0,0,0
2008,321,0,0,0,0
2008,322,0,0,0,0
2008,323,0,0,0,0
2008,324,0,0,0,0
2008,325,0,0,0,0
2008,326,0,0,0,0
2008,327,0,0,0,0
2008,328,0,0,0,0.245
2008,329,0,0,0,0
2008,330,0,0,0,0
2008,331,0,0,0,0
2008,332,2.54,10,0,0
2008,333,0,0,4.79,5.635
2008,334,0,0,0,0
2008,335,0,0,0,0
2008,336,0,1,0,0
2008,337,0,0,0,0
2008,338,0,0,0,0.735
2008,339,0,0,0,0
2008,340,0,0,0,0
2008,341,0,0,0,0
2008,342,0,0,0,0
2008,343,17.78,12,6.92,1.225
2008,344,0,0,7.12,4.655
2008,345,0,0,0,0
2008,346,0,0,0,0
2008,347,0,0,0,0
2008,348,0,0,0,0
2008,349,0,0,0,0
2008,350,0,0,0,0
2008,351,0,0,0,0
2008,352,3.556,5,2.72,1.715
2008,353,0.254,0,4.21,2.695
2008,354,0,0,0,0
2008,355,0,0,0,0
2008,356,0,0,0,0
2008,357,0.762,0,0.47,0.245
2008,358,0.254,0,1.07,1.225
2008,359,0,0,0,0
2008,360,0,0,0,0
2008,361,5.08,4,0,0
2008,362,0,0,2.99,6.37
2008,363,0,0,0,0
2008,364,0,0,0,0
2008,365,0,0,0,0
2009,1,0,0,0,0
2009,2,0,0,0,0
2009,3,0,0,0,0
2009,4,0,0,0,0
2009,5,8.636,7,10.51,0.98
2009,6,6.096,6,0,11.025
2009,7,0,0,0,2.205
2009,8,0,0,0,0
2009,9,0,0,0,0
2009,10,0,0,0,2.695
2009,11,0,0,0,0
2009,12,0,0,0,0
2009,13,0,0,0,0
2009,14,0,0,0,0
2009,15,0,0,0,0
2009,16,0,0,0,0
2009,17,0,0,0,0
2009,18,0,0,0,0
2009,19,0,0,0,0
2009,20,0,0,0,0
2009,21,0,0,0,0
2009,22,0,0,0,0
2009,23,0,0,0,0
2009,24,0,0,0,0
2009,25,0,0,0,0
2009,26,1.27,1,2.34,0
2009,27,0.254,2,8.27,1.715
2009,28,2.54,2,0,2.45
2009,29,0,0,0,0
2009,30,0,0,0,0
2009,31,0,0,0,0
2009,32,1.778,1,0,0.49
2009,33,0,0,0,0
2009,34,0,0,0,0
2009,35,0,0,0,0
2009,36,0,0,0,0
2009,37,0,0,0,0
2009,38,0,0,0,0
2009,39,0,0,12.52,0
2009,40,29.718,21,13.06,5.635
2009,41,15.24,13,15.35,13.475
2009,42,0,0,0,16.415
2009,43,0,0,0,0
2009,44,0,0,0,0
2009,45,0,0,0,0
2009,46,0,0,0,0
2009,47,1.016,0,0.67,0
2009,48,0,0,0.45,0
2009,49,0.254,0,0,0.49
2009,50,0,0,0,0
2009,51,0,0,0,0
2009,52,0,0,0.87,0
2009,53,0,0,0,0.49
2009,54,0,0,0,0
2009,55,0,0,0,0
2009,56,0,0,0,0
2009,57,0,0,0,0
2009,58,0,0,0,0
2009,59,0,0,0,0
2009,60,0,0,0,0
2009,61,0,0,0,0
2009,62,0,0,0,0
2009,63,0,0,0,0
2009,64,0,0,0,0
2009,65,0,0,0,0
2009,66,0,0,0,0
2009,67,0,0,0,0
2009,68,0,0,0,0
2009,69,0,0,6.08,0
2009,70,65.786,50,56.34,10.045
2009,71,9.906,11,5.46,33.81
2009,72,40.894,32,25.02,7.595
2009,73,0.508,0,0,10.535
2009,74,0,0,0,0
2009,75,0.254,0,0,0
2009,76,0,0,0,0
2009,77,0,0,0,0
2009,78,0,0,0,0
2009,79,0,0,0,0
2009,80,0,0,0,0
2009,81,0,0,0,0
2009,82,0,0,0,0
2009,83,12.7,8,12.21,0
2009,84,15.24,11,11.93,11.025
2009,85,0,0,1.51,13.23
2009,86,7.366,1,5.48,0.49
2009,87,0,0,0,4.655
2009,88,0,0,0,0
2009,89,0,0,1.46,0
2009,90,1.27,1,0,1.47
2009,91,0,0,11.7,0
2009,92,18.288,10,0,10.045
2009,93,0,0,0,0
2009,94,0,0,0,0
2009,95,0,0,0,0
2009,96,0,0,0,0
2009,97,0,0,0,0
2009,98,0,0,0,0
2009,99,0,0,0,0
2009,100,0,0,0,0
2009,101,0,1,22.62,0
2009,102,20.32,27,7.8,15.925
2009,103,0,0,0,6.37
2009,104,0,0,0,0
2009,105,0,0,0,0
2009,106,0,2,0,0
2009,107,34.798,36,44.65,0
2009,108,12.192,24,19.99,60.76
2009,109,0,0,0,20.58
2009,110,0,0,0,0
2009,111,0,0,0,0
2009,112,0,0,0,0
2009,113,0,0,0,0
2009,114,0,0,0,0
2009,115,0,2,0,0
2009,116,0,0,5.58,0
2009,117,25.4,28,37.67,2.695
2009,118,33.528,74,43.23,12.74
2009,119,0,1,4.5,23.765
2009,120,0.254,0,0,0
2009,121,0,0,0,0
2009,122,0,0,14.99,0
2009,123,10.16,12,0,11.27
2009,124,0,0,0,0
2009,125,0,0,0,0
2009,126,0,0,0,0
2009,127,0,0,0,0
2009,128,0,0,0,0
2009,129,0,0,0,0
2009,130,0,1,0,0
2009,131,0,0,0,0
2009,132,0,0,0,0
2009,133,0,0,1.52,0
2009,134,3.302,2,1.31,3.43
2009,135,0,1,0,1.225
2009,136,50.8,26,30.11,0
2009,137,0,0,0,19.11
2009,138,0,0,0,0
2009,139,0,0,0,0
2009,140,0,0,0,0
2009,141,0,0,0,0
2009,142,0,0,0,0
2009,143,0,0,2.6,0
2009,144,0,4,5.09,2.695
2009,145,0,0,0,13.965
2009,146,0,0,0,0
2009,147,1.778,1,0,0
2009,148,0,0,0,0
2009,149,0,0,0,0
2009,150,0,0,0,0
2009,151,0,0,0,0
2009,152,0,0,0,0
2009,153,0,0,0,0
2009,154,0,1,0,0.245
2009,155,0,0,0,0
2009,156,0,0,0,0
2009,157,0,0,0,0
2009,158,0,0,0,0
2009,159,0,0,0,0
2009,160,0,0,0,0
2009,161,0,2,0,0
2009,162,0,0,0,0
2009,163,0,0,0,0
2009,164,0,0,0,0
2009,165,0,0,0,0
2009,166,0,0,0,0
2009,167,0,0,0,0
2009,168,0,0,0,0
2009,169,0,0,0,0
2009,170,0,0,0,0
2009,171,0,0,0,0
2009,172,0,0,0,0
2009,173,0,0,0,0
2009,174,0,0,0,0
2009,175,0,0,0,0
2009,176,0,0,0,0
2009,177,0,0,0,0
2009,178,0,0,0,0
2009,179,0,0,0,0
2009,180,0.508,0,3.26,0
2009,181,53.34,8,17.06,0.49
2009,182,0.254,0,0,5.145
2009,183,0,0,0,0.245
2009,184,0,0,0,0
2009,185,0,0,0,0
2009,186,0.254,10,15.09,0
2009,187,22.098,30,14.87,6.615
2009,188,0.254,0,0,4.165
2009,189,0,0,0,0
2009,190,0,0,0,0
2009,191,0,0,0,0
2009,192,0,0,0,0
2009,193,0,0,0,0
2009,194,0,0,0,0
2009,195,0,0,0,0
2009,196,0,0,0,0
2009,197,0,0,0,0
2009,198,0,1,0,0
2009,199,0,0,0,0
2009,200,0,0,0,0
2009,201,0,1,2.5,0.245
2009,202,0,0,0,0
2009,203,0,0,0,0
2009,204,0,0,0,0
2009,205,0,0,0,0
2009,206,0,0,0,0
2009,207,0,0,0,0
2009,208,0,2,0,0
2009,209,0,0,0,0
2009,210,0,0,16.3,0
2009,211,29.21,27,14.76,5.39
2009,212,0,2,3.32,25.235
2009,213,2.54,3,0,1.47
2009,214,0,0,0,0
2009,215,0,0,0,0
2009,216,0,0,0,0
2009,217,0,0,0,0
2009,218,0,0,0,0
2009,219,0,0,0,0
2009,220,0,0,0,0
2009,221,0,0,0,0
2009,222,0,0,0,0.735
2009,223,0,0,0,0
2009,224,0,2,0,0
2009,225,0,0,0,1.225
2009,226,0,0,0,0.245
2009,227,0,0,0,0
2009,228,0,0,0,0
2009,229,0,0,0,0
2009,230,0,1,0,0
2009,231,0,0,0,0
2009,232,0,0,0,0
2009,233,0,1,0,0
2009,234,0,1,0,0
2009,235,0,8,0,0
2009,236,0,0,0,4.9
2009,237,0,0,0,0
2009,238,1.524,3,0,0.735
2009,239,0,0,0,4.165
2009,240,0,2,0,0
2009,241,0,0,0,0
2009,242,0,0,0,0
2009,243,0,0,0,0
2009,244,0,0,0,0
2009,245,0,0,0,0
2009,246,0,1,21.17,0
2009,247,38.354,21,0,30.87
2009,248,0.508,3,6.48,11.27
2009,249,0,0,0,2.695
2009,250,0,0,0,0
2009,251,0,0,0,0
2009,252,7.62,0,0,0
2009,253,24.892,17,16.43,0.245
2009,254,26.67,46,35.51,14.455
2009,255,33.782,33,51.23,56.595
2009,256,56.134,30,26.8,50.96
2009,257,7.366,17,3.5,16.17
2009,258,0,1,0,1.225
2009,259,0.508,0,0.57,0
2009,260,7.112,7,5.43,0.735
2009,261,0,0,0,3.43
2009,262,0,0,0,0
2009,263,0,0,0,0
2009,264,25.4,21,31.83,0
2009,265,6.604,15,8.72,29.155
2009,266,4.064,3,3.32,3.675
2009,267,1.524,1,1.21,3.185
2009,268,0,0,0,0.735
2009,269,0,0,0,0
2009,270,0,0,0,0
2009,271,0,0,0,0
2009,272,0,7,0,14.945
2009,273,0,0,0,0
2009,274,24.384,11,13.47,0
2009,275,0,0,0,4.9
2009,276,0.762,16,18.66,0
2009,277,24.892,31,30.51,7.84
2009,278,0.254,0,0,65.17
2009,279,0,0,0,0
2009,280,0,0,0,0
2009,281,0,0,19.35,0
2009,282,33.782,40,23.15,18.865
2009,283,0,0,6.89,18.62
2009,284,10.16,16,17.2,0.245
2009,285,10.16,1,5.21,18.62
2009,286,31.496,27,27.06,0.49
2009,287,0,0,0,16.17
2009,288,0,0,0,0
2009,289,0,0,0,0
2009,290,0,0,0,0
2009,291,0,0,0,0
2009,292,0,0,0,0
2009,293,0,0,1.74,0
2009,294,17.526,24,46.01,0.98
2009,295,33.274,36,14.95,54.635
2009,296,0,0,0,0.49
2009,297,0,0,0,0
2009,298,0,2,47.3,0
2009,299,55.118,67,26.22,50.715
2009,300,0.762,0,0,26.46
2009,301,5.08,2,3.3,0
2009,302,6.35,6,7.28,1.225
2009,303,0,0,0,9.555
2009,304,0,0,0,0
2009,305,0,0,0,0
2009,306,0,0,0,0
2009,307,0,0,0,0
2009,308,0,0,0,0
2009,309,0,0,0,0
2009,310,0,0,0,0
2009,311,0,0,0,0
2009,312,1.778,1,2.19,0
2009,313,0,0,0,0.98
2009,314,0,0,0,0
2009,315,0,0,0,0
2009,316,0,0,0,0
2009,317,0,0,0,0
2009,318,0,0,0,0
2009,319,0,0,0,0
2009,320,0,0,0,0
2009,321,0,0,0,0
2009,322,0,0,0,0
2009,323,0,0,10.27,0
2009,324,29.972,30,40.53,8.33
2009,325,13.716,14,6.05,28.665
2009,326,0,0,0,1.47
2009,327,0.762,0,0,0
2009,328,0.762,0,0,1.225
2009,329,0,0,0,0
2009,330,0,0,0,0
2009,331,0,0,0,0
2009,332,0,0,0,0
2009,333,3.556,9,8.51,0
2009,334,0,0,0,12.005
2009,335,14.986,21,19.46,0
2009,336,0.254,0,4.3,15.68
2009,337,0,0,0,0
2009,338,0,0,0,0
2009,339,0,0,0,0
2009,340,2.54,2,2.45,0
2009,341,1.27,2,2.53,2.695
2009,342,1.27,1,0,1.96
2009,343,0.254,0,0,0
2009,344,0,0,0,0
2009,345,0,0,4.52,0
2009,346,9.144,6,1.66,6.86
2009,347,0,0,0,0.49
2009,348,0.254,0,0,0
2009,349,0,0,0,0
2009,350,0,0,0,0
2009,351,0,0,0,0.49
2009,352,0,0,0,1.225
2009,353,0,0,0,0
2009,354,0,0,0,0
2009,355,0,0,0,0
2009,356,0,0,0,0
2009,357,0,0,5.38,0
2009,358,2.54,5,0,4.41
2009,359,0,0,0,0
2009,360,0,0,0,0
2009,361,0,0,0,0
2009,362,0,0,0,0
2009,363,5.842,6,5.6,0
2009,364,0.508,0,0,5.635
2009,365,0.508,1,2,0
2010,1,0,0,0,0
2010,2,0,0,0,0
2010,3,0.508,0,0.62,0
2010,4,0,0,0,0.49
2010,5,0,0,0,0
2010,6,0.508,0,1.43,0
2010,7,0.254,0,0,0.735
2010,8,0,0,0,0
2010,9,0,0,0,0
2010,10,0,0,0,0
2010,11,0,0,0,0
2010,12,0,0,0,0
2010,13,0,0,0,0
2010,14,8.89,6,5.51,0
2010,15,13.208,17,15.86,5.39
2010,16,7.366,0,0,12.005
2010,17,0.254,0,0,0
2010,18,0,0,0,0
2010,19,0,0,0,0
2010,20,0,0,0,0
2010,21,0,0,0,0
2010,22,0,0,0,0
2010,23,0,0,0,0
2010,24,0,0,0,0
2010,25,0,0,0,0
2010,26,0,0,0,0
2010,27,0,0,0,0
2010,28,38.1,64,62.41,0
2010,29,20.32,11,8.15,52.185
2010,30,0,0,0,8.575
2010,31,0,0,0,0
2010,32,0,0,0,0
2010,33,0,0,0,0.735
2010,34,3.556,18,16.3,0
2010,35,26.416,36,34.47,9.8
2010,36,0,0,0,20.335
2010,37,0,0,0,0
2010,38,0,0,5.98,0
2010,39,10.414,10,15.2,0.245
2010,40,0.254,0,0,11.515
2010,41,0,3,5.01,0
2010,42,16.51,22,18.43,4.165
2010,43,6.096,0,0,16.17
2010,44,0,0,0,0.245
2010,45,0.254,0,0,0
2010,46,0,0,0,0
2010,47,0,0,0,0
2010,48,0,0,0,0
2010,49,0,0,0,0
2010,50,0,0,0,0
2010,51,0,1,1.31,0
2010,52,1.778,0,0,0.98
2010,53,0,2,1.55,0
2010,54,11.684,11,9.5,1.715
2010,55,0.254,0,0,9.555
2010,56,0,0,0,0
2010,57,0,0,0,0
2010,58,0,0,0,0
2010,59,0,13,13.84,0
2010,60,16.002,6,7.94,12.005
2010,61,0,0,0,4.9
2010,62,0,0,0,0
2010,63,0,0,0,0
2010,64,0,0,0,0
2010,65,0,0,0,0
2010,66,0,1,2.94,0
2010,67,15.24,13,33.59,1.225
2010,68,10.16,0,0,37.975
2010,69,1.778,0,0,0
2010,70,0,0,0,0
2010,71,0,0,0,0
2010,72,0,0,0,0
2010,73,0,0,0,0
2010,74,0,3,1.87,0
2010,75,5.842,2,3.41,3.43
2010,76,0,0,0,4.165
2010,77,0,0,0,0.245
2010,78,0,2,0,0
2010,79,16.764,12,16.14,0
2010,80,0,0,0,12.985
2010,81,0,0,0,0
2010,82,0,0,0,0
2010,83,21.59,23,22.99,0
2010,84,0,0,0,19.845
2010,85,0,0,0,0
2010,86,0,0,0,0
2010,87,0,0,0,0
2010,88,0,0,0,0
2010,89,0,0,0,0
2010,90,0,0,0,0
2010,91,0,0,0,0
2010,92,0.508,0,2.81,0
2010,93,0,0,0,1.47
2010,94,0,0,0,0
2010,95,0,0,0,0
2010,96,0,0,0,0
2010,97,0,0,0,0
2010,98,0,0,0,0
2010,99,0,0,0,0
2010,100,0,0,0,0
2010,101,0,0,0,0
2010,102,0,0,0,0
2010,103,0,0,0,0
2010,104,0,0,0,0
2010,105,0,0,2.42,0.49
2010,106,0,0,0,1.47
2010,107,33.782,22,36.49,0.245
2010,108,1.27,2,4.3,25.235
2010,109,0.254,0,0,2.205
2010,110,0,0,0,0
2010,111,0,0,0,0
2010,112,0,2,3.58,0
2010,113,17.018,29,25.34,4.655
2010,114,14.986,0,0,9.065
2010,115,0,0,0,0
2010,116,0,0,0,0
2010,117,0,0,0,2.45
2010,118,0,0,0,0
2010,119,0,0,0,0
2010,120,2.54,0,0,0
2010,121,0,0,0,0
2010,122,0,0,0,0
2010,123,0.762,2,0.71,0
2010,124,0.508,0,0,0.735
2010,125,0,0,0,0
2010,126,0,0,0,0
2010,127,0,0,0,0
2010,128,0,0,0,0
2010,129,0,0,0,0
2010,130,0,0,0,0
2010,131,0,0,0,0
2010,132,0,0,0,0
2010,133,0,0,0,0
2010,134,1.778,3,12.78,0
2010,135,0.254,0,0,4.41
2010,136,0,0,0,0
2010,137,6.858,2,16.4,0
2010,138,0.254,0,0,26.46
2010,139,0,0,0,0
2010,140,1.27,10,11,0
2010,141,0,0,0,5.88
2010,142,0,0,0,0
2010,143,0,0,0,0
2010,144,0,0,0,0
2010,145,0,0,0,0
2010,146,0,0,0,0
2010,147,0,0,0,0
2010,148,0,0,0,0
2010,149,0,0,0,0
2010,150,0,0,0,0
2010,151,0,0,0,0
2010,152,0,0,0,0
2010,153,53.848,37,29.36,0
2010,154,8.636,5,15.99,26.46
2010,155,0,0,0,9.065
2010,156,0,0,0,0
2010,157,0,0,0,0
2010,158,0.254,0,0,0
2010,159,1.524,5,0,0
2010,160,17.78,39,58.37,4.655
2010,161,5.334,0,0,32.095
2010,162,0,0,0,0
2010,163,0,0,0,0
2010,164,0,0,0,0
2010,165,0,0,0,0
2010,166,0,0,0,0
2010,167,0,0,0,0
2010,168,0,0,0,0
2010,169,0,0,0,6.615
2010,170,0,0,0,0
2010,171,0,0,0,0
2010,172,0,0,0,0
2010,173,0,0,0,0
2010,174,0,1,0,0
2010,175,0.762,0,0,1.715
2010,176,0,0,0,0.245
2010,177,0,0,0,0
2010,178,0,0,0,0
2010,179,0,0,0,0
2010,180,5.08,6,12.49,0
2010,181,1.27,10,6.03,14.945
2010,182,0.762,6,10.27,1.715
2010,183,6.858,2,20.19,5.635
2010,184,3.048,1,4.41,12.495
2010,185,0,0,0,2.205
2010,186,0,0,0,0
2010,187,0,0,0,0
2010,188,15.24,17,0,0.735
2010,189,15.748,11,11.96,0.735
2010,190,3.81,2,8.47,4.9
2010,191,0,0,0,10.535
2010,192,0,0,0,0
2010,193,0,0,0,0
2010,194,0,0,0,0
2010,195,0,0,0,0
2010,196,0,0,0,0
2010,197,0,0,0,0
2010,198,0,0,0,0
2010,199,10.922,4,0,0
2010,200,0,0,0,0.735
2010,201,0.254,2,0,0
2010,202,0,0,0,0
2010,203,0,0,0,0
2010,204,0,0,0,0
2010,205,0,0,0,0
2010,206,0,0,0,0.49
2010,207,51.054,50,48.15,0
2010,208,0.254,0,0,64.68
2010,209,4.572,5,8.91,0.245
2010,210,0,0,0,3.92
2010,211,0,0,0,0
2010,212,0,0,0,0
2010,213,0,0,0,0
2010,214,0,0,0,0
2010,215,0,0,0,0
2010,216,0,0,0,0
2010,217,0,0,0,0
2010,218,0,0,0,0
2010,219,0,0,0,0
2010,220,0,0,0,0
2010,221,0,0,0,0
2010,222,0,0,0,0
2010,223,0,1,0,0
2010,224,0,0,0,0
2010,225,0,0,0,0
2010,226,0,0,0,0
2010,227,0,0,0,0
2010,228,2.54,13,3.34,0
2010,229,0,0,0,2.45
2010,230,0,2,0,0
2010,231,0,0,0,0
2010,232,0,0,0,0
2010,233,0,0,0,0
2010,234,0,0,0,0
2010,235,0,0,0,0
2010,236,0,6,0,0
2010,237,0,0,0,0
2010,238,0,0,0,0
2010,239,0,0,0,0
2010,240,0,0,0,0
2010,241,0,0,0,0
2010,242,0,0,0,0
2010,243,0,0,0,0
2010,244,0.762,6,11.02,0
2010,245,0.254,4,9.26,0
2010,246,0,0,0,7.84
2010,247,0,0,0,0.49
2010,248,0,0,0,0
2010,249,0,22,29.43,0
2010,250,48.26,66,66.89,6.86
2010,251,74.676,62,30.19,49.98
2010,252,1.016,1,5.98,23.765
2010,253,0,0,0,2.94
2010,254,0,0,0,0
2010,255,0,0,0,0
2010,256,0,0,0,0
2010,257,0,0,0,0
2010,258,0,0,0,0
2010,259,0,0,0,0
2010,260,0,0,0,0
2010,261,0,0,0,0
2010,262,0,0,0,0
2010,263,5.08,2,0,0
2010,264,0,1,0,0.735
2010,265,0,0,0,0
2010,266,0,0,0,0
2010,267,0,0,0,0
2010,268,1.778,2,0,0.49
2010,269,0.254,0,0,28.175
2010,270,0,0,0,0
2010,271,0,0,0,0
2010,272,0,0,0,0
2010,273,0,0,0,0
2010,274,0,0,0,0
2010,275,0,0,0,0
2010,276,0,0,0,0
2010,277,0,0,0,0
2010,278,0,0,0,0
2010,279,0,0,0,0
2010,280,0,0,0,0
2010,281,0,0,0,0
2010,282,0,0,0,0
2010,283,0,0,0,0
2010,284,4.064,20,9.79,0
2010,285,0.254,0,0,2.695
2010,286,0,0,0,0
2010,287,0,0,0,0
2010,288,0,0,0,0
2010,289,0,0,0,0
2010,290,0,0,0,0
2010,291,0,0,0,0
2010,292,0,0,0,0
2010,293,0,0,0,0
2010,294,0,0,0,0
2010,295,0,0,0,0
2010,296,38.1,40,27.08,0
2010,297,3.048,0,0,20.09
2010,298,0,0,0,2.205
2010,299,0,0,0,0
2010,300,0,0,0,0
2010,301,0,0,0,0
2010,302,0,0,0,0
2010,303,0,0,0,0
2010,304,0,0,0,0
2010,305,8.382,5,0,0
2010,306,7.62,12,10.6,4.165
2010,307,1.27,1,2.87,7.84
2010,308,0,0,0,1.715
2010,309,0,0,0,0
2010,310,0,0,0,0
2010,311,0,0,0,0
2010,312,0,0,0,0
2010,313,0,0,0,0
2010,314,0,0,0,0
2010,315,2.54,1,0,0
2010,316,1.524,4,6.32,0
2010,317,0,0,0,1.47
2010,318,0,0,0,0
2010,319,0,0,0,0
2010,320,0,0,0,0.245
2010,321,0,0,0,0
2010,322,0,0,0,0
2010,323,0,0,0,0
2010,324,0,0,0,0
2010,325,0,0,0,0
2010,326,0,0,0,0
2010,327,0,0,0,0
2010,328,0,0,0,0
2010,329,0,0,0,0
2010,330,0,0,0,0
2010,331,0,0,0,0
2010,332,0,0,0,0
2010,333,0.762,3,0,0.735
2010,334,0,0,0,0.245
2010,335,0,0,0,0
2010,336,0,0,0,0
2010,337,0,0,0,0
2010,338,0,0,0,0
2010,339,0,0,0,0
2010,340,0,0,0,0
2010,341,0,0,0,0
2010,342,0.508,0,0,0
2010,343,0,0,0,0
2010,344,0,0,0,0
2010,345,0,0,0,0
2010,346,0,0,0,0
2010,347,0,0,0,0
2010,348,0,0,0,0
2010,349,0,0,0,0
2010,350,0,0,0,0
2010,351,0,0,0,0
2010,352,0,0,0,0
2010,353,0,0,0,0
2010,354,0,0,0,0
2010,355,0,0,0,0
2010,356,0,0,0,0
2010,357,0,0,0,0
2010,358,17.78,21,15.1,0
2010,359,0,0,0,10.045
2010,360,0,0,0,0
2010,361,0,0,0,0
2010,362,2.286,7,6.94,0
2010,363,3.048,2,1.73,9.31
2010,364,0,0,0,2.94
2010,365,0,0,0,0
2011,1,0,0,0,0
2011,2,0,0,0,0
2011,3,0,0,0,0
2011,4,0.254,0,0,0
2011,5,0,0,0,0.245
2011,6,0,0,0,0
2011,7,0,0,0,0
2011,8,0,0,49.87,0
2011,9,57.404,61,24.31,45.08
2011,10,0,1,0,18.62
2011,11,0,0,0,0
2011,12,0,0,0,0
2011,13,0,0,0,0
2011,14,0,0,1.45,0
2011,15,15.748,19,33.72,1.47
2011,16,41.91,30,18.15,41.16
2011,17,0.254,1,9.18,14.7
2011,18,0.254,0,0,0
2011,19,0,0,0,0
2011,20,0.254,0,0,0
2011,21,0,0,0,0
2011,22,0,0,0,0
2011,23,0,0,0,0
2011,24,0,0,0,0
2011,25,0,0,0,0
2011,26,0,0,0,0
2011,27,0,0,0,0
2011,28,0,0,0,0
2011,29,0,0,0,0
2011,30,0,0,0,0
2011,31,0,0,16.88,1.47
2011,32,11.684,20,0,17.885
2011,33,0,0,0,0
2011,34,0,1,16.02,0
2011,35,5.588,5,0,12.74
2011,36,0,0,0,0
2011,37,0,0,0,0
2011,38,0,0,0,0
2011,39,0,0,4.42,0
2011,40,3.81,5,0,2.205
2011,41,0,0,0,1.47
2011,42,0.254,0,0,0
2011,43,0,0,0,0
2011,44,0,0,0,0
2011,45,0,0,0,0.245
2011,46,0,0,0,0
2011,47,0,0,0,0
2011,48,0,0,0,0
2011,49,0,0,0,0
2011,50,0,0,0,0
2011,51,0,0,0,0
2011,52,0,0,0,0
2011,53,0,0,0,0
2011,54,0,0,0,0
2011,55,13.97,11,8.23,0.245
2011,56,0,0,0,6.615
2011,57,0,0,0,0
2011,58,0,0,9.1,0
2011,59,10.668,4,0,3.185
2011,60,0,0,0,0
2011,61,0,0,0,0
2011,62,0,0,0,0
2011,63,0,0,0,0
2011,64,4.064,2,2.12,0.49
2011,65,0,0,0,2.205
2011,66,0,0,0,0
2011,67,0.254,1,0,0.735
2011,68,0,0,0,3.43
2011,69,0,0,0,0
2011,70,0,0,0,0
2011,71,0,0,0,0
2011,72,0,0,0,0
2011,73,2.032,1,0,2.94
2011,74,0,0,0,0
2011,75,0,0,0,0
2011,76,0,0,0,0
2011,77,0,0,0,0
2011,78,0,0,0,0
2011,79,0,0,0,0
2011,80,0,0,0,0
2011,81,0,0,0,0
2011,82,0,0,0,0
2011,83,0,0,0,0
2011,84,0,0,0,0
2011,85,0,0,0,0
2011,86,0,0,0,14.945
2011,87,0,0,0,0
2011,88,0,0,0,0
2011,89,0,0,0,0
2011,90,0,0,0,0
2011,91,0,0,0,0
2011,92,0,0,0,0
2011,93,0,0,0,0
2011,94,2.286,2,2.01,0
2011,95,0,0,0,1.225
2011,96,0,0,0,0
2011,97,0,0,0,0
2011,98,0,0,0,0
2011,99,0,0,0,0
2011,100,0,0,7.95,0
2011,101,9.144,6,0,6.615
2011,102,0,0,0,0
2011,103,0,0,0,0
2011,104,0,0,0,0
2011,105,0,1,0,0
2011,106,0,0,0,0
2011,107,0,0,0,0
2011,108,0,0,0,0
2011,109,0,0,0,0
2011,110,0,0,0,0
2011,111,0,0,0,0
2011,112,0,0,0,0
2011,113,0,0,0,0
2011,114,0,0,0,0
2011,115,1.27,2,8.81,0
2011,116,12.446,16,20.46,0.245
2011,117,0.254,0,0,2.45
2011,118,0,0,0,0
2011,119,0,0,0,0
2011,120,0,0,0,0
2011,121,0,0,0,0
2011,122,3.302,5,4.77,0
2011,123,0,0,0,2.695
2011,124,0,0,0,0
2011,125,0,0,0,0
2011,126,0,0,0,0
2011,127,0,0,0,0
2011,128,0,0,0,0
2011,129,0,0,0,0
2011,130,0,0,0,0
2011,131,57.15,43,46.52,0
2011,132,7.62,6,19.41,32.34
2011,133,0,0,0,19.6
2011,134,0,0,0,0
2011,135,0,0,0,0
2011,136,0,0,0,0
2011,137,0,0,0,0
2011,138,0,0,0,0
2011,139,0,0,0,0
2011,140,4.318,11,12.35,0
2011,141,0,3,0,9.555
2011,142,0,0,0,0
2011,143,0,0,0,0
2011,144,0,0,0,0
2011,145,0,3,0,0
2011,146,0,0,0,0
2011,147,0,0,0,0
2011,148,0,0,0,0
2011,149,0,0,0,0
2011,150,0,0,0,0
2011,151,0,0,0,0
2011,152,0,0,0,0
2011,153,0,0,0,0
2011,154,0,0,0,0
2011,155,0,0,0,0
2011,156,0,0,0,0
2011,157,0,0,0,0.49
2011,158,0,0,0,0
2011,159,0,0,0,0
2011,160,0,0,0,0
2011,161,0,0,0,0
2011,162,0,0,0,0
2011,163,0,0,0,0
2011,164,0,0,0,0
2011,165,0,0,0,0
2011,166,0,0,0,0
2011,167,0,0,0,0
2011,168,0,0,0,0
2011,169,0,0,0,0
2011,170,0,0,0,0
2011,171,0,0,0,0
2011,172,49.276,14,44.19,0
2011,173,17.526,24,0,35.035
2011,174,0.254,0,0,0
2011,175,0,0,0,0
2011,176,0,0,0,0
2011,177,0,0,0,0
2011,178,0,0,0,0
2011,179,0,0,0,0
2011,180,0,0,0,0
2011,181,0,0,0,0
2011,182,0,0,0,0
2011,183,0,0,0,0
2011,184,0,0,0,0
2011,185,0,0,0,0
2011,186,0,0,0,0
2011,187,0,0,0,0
2011,188,0,0,0,0
2011,189,0,0,0,0
2011,190,0,0,0,0
2011,191,0,0,0,0
2011,192,0,0,0,0
2011,193,0,0,0,0
2011,194,0,0,0,0
2011,195,0,0,0,0
2011,196,0,0,0,0
2011,197,0,0,0,0
2011,198,0,0,0,0
2011,199,0,4,3.34,0
2011,200,0,0,0,3.675
2011,201,0,0,0,0
2011,202,0,0,0,0
2011,203,0,0,0,0
2011,204,0,0,0,0
2011,205,0,0,0,0
2011,206,0,0,0,0
2011,207,0,0,0,0
2011,208,0,0,0,0
2011,209,0,0,0,0
2011,210,0,0,0,0
2011,211,0,0,0,0
2011,212,0,0,0,0
2011,213,0,0,0,0
2011,214,0,0,0,0
2011,215,0,0,0,0
2011,216,0,0,0,0
2011,217,0,0,0,0
2011,218,0,0,0,0
2011,219,0,0,0,0
2011,220,0,0,0,0
2011,221,0,0,0,0
2011,222,0,0,0,0
2011,223,0,0,0,0
2011,224,0,0,0,0
2011,225,0,0,0,0
2011,226,0,1,0,0
2011,227,0,0,0,3.675
2011,228,0,0,0,0
2011,229,0,0,0,0
2011,230,0,0,0,0
2011,231,0,0,0,0
2011,232,0,0,0,0
2011,233,0,0,0,0
2011,234,0,0,0,0
2011,235,0,0,0,0
2011,236,0,1,0,0
2011,237,0,0,0,0.98
2011,238,0,0,0,0
2011,239,0,0,0,0
2011,240,0,0,0,0
2011,241,0,0,0,0
2011,242,0,0,0,0
2011,243,0,0,0,0
2011,244,0,0,0,0
2011,245,0,0,0,0
2011,246,0,0,0,0
2011,247,0,0,0,0
2011,248,0,0,0,0
2011,249,0,0,0,0
2011,250,0,0,0,0
2011,251,0,0,0,0
2011,252,0,0,0,0
2011,253,0,0,0,0
2011,254,0,0,0,0
2011,255,0,0,0,0
2011,256,0,0,0,0
2011,257,0,0,0,0
2011,258,0,0,0,0
2011,259,0,0,0,0
2011,260,0,3,0,0
2011,261,59.69,5,43.76,0.245
2011,262,1.27,32,0,27.44
2011,263,0,0,0,0
2011,264,0,0,0,0
2011,265,0,0,0,0
2011,266,0,0,0,0
2011,267,0,0,0,0
2011,268,0,0,0,0
2011,269,0,2,0,0
2011,270,0,0,0,0.735
2011,271,0,0,0,0
2011,272,0,0,0,0
2011,273,0,4,0,0
2011,274,0,0,0,0
2011,275,0,0,0,0
2011,276,0,0,0,0
2011,277,0,0,0,0
2011,278,0,0,0,0
2011,279,0,0,0,0
2011,280,0,0,0,0
2011,281,0,0,48.59,0
2011,282,20.066,52,34.05,9.065
2011,283,0.254,0,0,17.885
2011,284,0,0,0,0
2011,285,0,5,6.77,0
2011,286,0,0,0,16.66
2011,287,0,0,0,0
2011,288,0,0,0,0
2011,289,0,0,0,0
2011,290,0,0,0,0
2011,291,0,0,0,0
2011,292,0,0,0,0
2011,293,0,0,0,0
2011,294,0,0,0,0
2011,295,0,0,0,0
2011,296,0,2,0,0
2011,297,0,0,0,0
2011,298,0,0,0,0
2011,299,0,0,0,0
2011,300,3.302,5,3.78,0
2011,301,0,0,0,2.94
2011,302,0,0,0,0
2011,303,0,0,0,0
2011,304,0,0,0,0
2011,305,0,0,0,0
2011,306,0,0,0,0
2011,307,0,0,0,0
2011,308,0,0,0,0
2011,309,0,0,0,0
2011,310,0,0,0,0
2011,311,0,0,0,0
2011,312,2.286,7,5.66,0
2011,313,0,0,0,2.94
2011,314,0,0,0,0
2011,315,0,0,0,0
2011,316,0,0,0,0
2011,317,0,0,0,0
2011,318,0,0,0,0
2011,319,0,6,1.89,0
2011,320,0,0,0,2.45
2011,321,0,0,0,0
2011,322,0,0,0,0
2011,323,0,0,0,0
2011,324,0,1,0,0
2011,325,0.508,1,23.37,0.245
2011,326,37.338,24,0,14.21
2011,327,0.254,0,0,0
2011,328,0,0,0,0
2011,329,0.254,0,17.17,0
2011,330,22.352,16,0,21.805
2011,331,0,0,0,1.96
2011,332,0,0,0,0
2011,333,0,0,0,0
2011,334,0,0,0,0
2011,335,0,0,0,0
2011,336,0.254,5,10.15,0.49
2011,337,2.794,3,22.14,1.715
2011,338,26.924,39,48,21.315
2011,339,27.178,20,0,45.815
2011,340,0,0,0,0.245
2011,341,0,0,0,0
2011,342,0,0,0,0
2011,343,0,0,0,0
2011,344,0,0,0,0
2011,345,0,0,0,0
2011,346,0,0,0,0
2011,347,0.254,1,0,0
2011,348,1.27,2,16.09,0.98
2011,349,29.464,47,26,5.145
2011,350,0.254,2,0,25.235
2011,351,0,0,0,0
2011,352,0,0,0,0
2011,353,17.272,14,20.79,0
2011,354,0.254,1,0,23.275
2011,355,1.778,2,11.27,0
2011,356,9.652,10,0,13.965
2011,357,0,0,0,0
2011,358,9.398,8,9.86,0
2011,359,1.016,1,2.27,9.065
2011,360,1.778,1,0,1.715
2011,361,0,0,0,0.49
2011,362,0,0,0,0
2011,363,0,0,0,0
2011,364,0,0,0,0
2011,365,0,0,0,0
2012,1,0,0,0,0
2012,2,0,0,0,0
2012,3,0,0,0,0
2012,4,0,0,0,0
2012,5,0,0,0,0
2012,6,0,0,0,0
2012,7,0,0,0,0
2012,8,0.254,1,13.03,0
2012,9,30.48,38,21.62,15.925
2012,10,0.254,0,0,15.435
2012,11,0,0,0,0
2012,12,0,0,0,0
2012,13,0,0,0,0
2012,14,0,0,0,0
2012,15,0,0,0,0
2012,16,0,0,0,0
2012,17,0.762,0,0,0
2012,18,0,0,0,0
2012,19,0,0,0,0
2012,20,0,0,0,0
2012,21,0,0,0,0
2012,22,0,0,0,0
2012,23,0,0,0,0
2012,24,7.874,19,49,0
2012,25,61.214,49,16.27,52.675
2012,26,0.762,0,0,11.025
2012,27,0,0,0,0
2012,28,0,0,0,0
2012,29,0,0,0,0
2012,30,0.254,1,0,0
2012,31,0,0,0,0.735
2012,32,0.254,0,0,0
2012,33,0,0,3.6,0
2012,34,5.334,4,13.44,0
2012,35,3.81,12,0,24.255
2012,36,0,0,0,0
2012,37,0,0,0,0
2012,38,0,0,0,0
2012,39,0,0,0,0
2012,40,0,0,2.91,0
2012,41,3.302,3,0,1.225
2012,42,0,0,0,0
2012,43,0,3,6.09,0
2012,44,14.478,7,6.24,4.165
2012,45,0.254,0,2.25,4.655
2012,46,0.762,1,0,0.49
2012,47,0,0,4.71,0
2012,48,15.24,16,51.45,2.94
2012,49,65.278,48,11.85,57.575
2012,50,0,0,0,15.435
2012,51,0.254,0,0,0
2012,52,0,0,0,0
2012,53,0,0,0,0
2012,54,0,0,0,0
2012,55,0,0,0,0
2012,56,0,0,0,0
2012,57,0,0,0,0
2012,58,0,0,0,0
2012,59,1.016,0,0,0
2012,60,0,0,0,0
2012,61,0,0,0,0
2012,62,0,0,0,0
2012,63,0,0,0,0
2012,64,0,0,0,0
2012,65,0,0,0,0
2012,66,0,0,0,0
2012,67,17.272,16,0,0.49
2012,68,13.462,14,15.3,20.825
2012,69,24.384,27,15.36,13.965
2012,70,5.842,7,27.72,28.175
2012,71,0,0,6.58,7.84
2012,72,0,0,0,0
2012,73,0,0,0,0
2012,74,0,0,0,0
2012,75,0,0,0,0
2012,76,0,0,0,0
2012,77,0.508,0,0,0
2012,78,9.652,28,0,0
2012,79,70.612,82,109.22,75.95
2012,80,0,0,13.43,8.33
2012,81,0,0,0,0
2012,82,0,0,0,0
2012,83,0,0,0,0
2012,84,0,0,0,0
2012,85,0,0,0,0
2012,86,0,0,0,0
2012,87,5.334,7,0,0
2012,88,1.778,17,9.11,17.395
2012,89,0,0,14.91,31.85
2012,90,0.254,0,0,0
2012,91,0,0,0,0
2012,92,0.508,0,0,0
2012,93,13.716,6,0,0
2012,94,0.508,4,10.22,6.37
2012,95,0,0,0,0
2012,96,0,0,0,0
2012,97,0,0,0,0
2012,98,3.556,8,0,0
2012,99,0.254,0,7.93,0
2012,100,0,0,0,0
2012,101,0,0,0,0
2012,102,0,0,0,0
2012,103,0,0,0,0
2012,104,0,0,0,0
2012,105,8.128,7,0,0
2012,106,0,0,4.77,4.9
2012,107,0.508,0,0,0
2012,108,0,0,0,0
2012,109,0,0,0,0
2012,110,0.762,0,0,0
2012,111,0,0,0,0.98
2012,112,0,0,0,0
2012,113,0,0,0,0
2012,114,0,0,0,0
2012,115,0,0,0,0
2012,116,0,0,0,0
2012,117,0,0,0,0
2012,118,0,0,0,0
2012,119,0,0,0,0
2012,120,0,0,0,0
2012,121,0,0,0,0
2012,122,0,0,0,0
2012,123,0,0,0,0
2012,124,0,0,0,0
2012,125,0,0,0,0
2012,126,0,0,0,0
2012,127,27.94,10,0,0
2012,128,5.08,4,12.83,6.615
2012,129,0,0,4.81,2.45
2012,130,12.954,7,0,0
2012,131,7.874,15,18.7,18.13
2012,132,0,0,7.21,0.49
2012,133,0,0,0,0
2012,134,0,1,0,0
2012,135,29.718,32,5.97,6.86
2012,136,0,0,20.91,26.95
2012,137,0,0,0,0
2012,138,0,0,0,0
2012,139,0,0,0,0
2012,140,0,0,0,0
2012,141,0,0,0,0
2012,142,0,0,0,0
2012,143,0,0,0,0
2012,144,0,0,0,0
2012,145,0,0,0,0
2012,146,0,0,0,0
2012,147,0,0,0,0
2012,148,0,0,0,0
2012,149,0,0,0,0
2012,150,0,0,0,0
2012,151,41.148,15,0,0.245
2012,152,0,0,27.67,7.35
2012,153,0,0,0,0
2012,154,0,0,0,0
2012,155,0,0,0,0
2012,156,0,0,0,0
2012,157,10.668,1,0,0
2012,158,37.338,38,39.26,20.09
2012,159,7.62,2,7.47,3.92
2012,160,0,0,0,0.245
2012,161,0,0,0,0
2012,162,0,0,0,0
2012,163,0,2,0,0
2012,164,0,0,3.82,1.715
2012,165,0,0,0,0
2012,166,0,0,0,0
2012,167,0,0,0,0
2012,168,0,0,0,0
2012,169,0,0,0,0
2012,170,0,0,0,0
2012,171,2.286,14,0,0
2012,172,0,0,13.36,6.125
2012,173,0,0,0,0.98
2012,174,0,0,0,0
2012,175,0,0,0,0
2012,176,0,0,0,0
2012,177,0,0,0,0
2012,178,0,0,0,0
2012,179,0,0,0,0
2012,180,0,0,0,0
2012,181,0,0,0,0
2012,182,1.778,0,0,0
2012,183,0,0,0,0
2012,184,0,0,0,0
2012,185,0,0,0,0
2012,186,0,0,0,0
2012,187,0,0,0,0
2012,188,4.064,12,0,0
2012,189,2.286,4,11.66,44.1
2012,190,21.336,22,24.18,0.49
2012,191,0.508,2,12.02,14.945
2012,192,1.778,10,0,0.735
2012,193,0,0,17.38,13.475
2012,194,0,0,0,0
2012,195,0,0,0,0
2012,196,2.032,21,0,0
2012,197,0,0,10.45,6.615
2012,198,0,0,0,0
2012,199,0,0,0,0
2012,200,0,0,0,0
2012,201,0,0,0,0
2012,202,0,0,0,0
2012,203,2.032,1,0,2.205
2012,204,0,0,0,0.49
2012,205,0,0,0,0
2012,206,0,0,0,0
2012,207,0,0,0,0
2012,208,0,0,0,0
2012,209,0,0,0,0
2012,210,0,0,0,0
2012,211,0,0,0,0
2012,212,0,0,0,0
2012,213,0,0,0,0
2012,214,0,0,0,0
2012,215,0,0,0,0
2012,216,0,0,0,0
2012,217,0,0,0,0
2012,218,0,0,0,0
2012,219,0,0,0,0
2012,220,0,1,0,0
2012,221,0,0,0,0
2012,222,0,0,0,0
2012,223,0,0,0,0
2012,224,0,0,0,0
2012,225,0,0,0,0
2012,226,0,0,0,0
2012,227,0,0,0,0
2012,228,0,0,0,0
2012,229,0,0,0,0
2012,230,69.596,47,0,2.695
2012,231,0.254,5,64.35,23.03
2012,232,0,0,0,0
2012,233,1.778,2,0,0
2012,234,0,0,0,1.47
2012,235,0,0,0,0
2012,236,0,0,0,0
2012,237,0,1,0,0
2012,238,0,2,0,0
2012,239,0.508,0,2.86,1.715
2012,240,0,5,4.23,0.49
2012,241,0,0,0,0
2012,242,0,0,0,0
2012,243,0,0,0,0
2012,244,0,0,0,0
2012,245,0,0,0,0
2012,246,0,0,0,0
2012,247,0,0,0,0
2012,248,0,0,0,0
2012,249,0,0,0,0
2012,250,0,0,0,0
2012,251,0,0,0,0
2012,252,0,0,0,0
2012,253,0,0,0,0
2012,254,0,0,0,0
2012,255,0,0,0,0
2012,256,2.032,34,0,0
2012,257,0.508,11,36.61,16.17
2012,258,0,0,15.97,0.245
2012,259,10.668,8,0,0.49
2012,260,0.254,0,10.67,9.31
2012,261,0,0,1.49,0.49
2012,262,0,0,0,0
2012,263,0,0,0,0
2012,264,0,0,0,0
2012,265,0,0,0,0
2012,266,0,0,0,0
2012,267,0,0,0,0
2012,268,0,0,0,0
2012,269,0,0,0,0
2012,270,0,0,0,0
2012,271,0,0,0,0
2012,272,90.17,70,10.24,19.355
2012,273,2.54,2,77.89,72.03
2012,274,0,0,3.34,0.49
2012,275,0,0,0,0
2012,276,0,0,0,0
2012,277,0,0,0,0
2012,278,0,0,0,0
2012,279,0,0,0,0
2012,280,0,0,0,0
2012,281,0,0,0,0.49
2012,282,0,0,0,0
2012,283,0,0,0,0
2012,284,1.524,1,0,0
2012,285,0,0,0,1.47
2012,286,0,0,0,0
2012,287,0.508,3,0,1.715
2012,288,0,4,0,0
2012,289,1.778,0,0,0
2012,290,0,0,0,0.98
2012,291,0,0,0,0
2012,292,0,0,0,0
2012,293,0,0,0,0
2012,294,0,0,0,0
2012,295,0,1,0,0
2012,296,0,0,0,3.675
2012,297,0,0,0,0
2012,298,0,0,0,0
2012,299,0,0,0,0
2012,300,0,0,0,0
2012,301,0,0,0,0
2012,302,0,0,0,0
2012,303,0,0,0,0
2012,304,0,0,0,0
2012,305,0,0,0,0
2012,306,0,0,0,0
2012,307,0,2,0,0
2012,308,0,0,0,7.595
2012,309,0,0,0,0
2012,310,0,0,0,0
2012,311,0,0,0,0
2012,312,0,0,0,0
2012,313,0,0,0,0
2012,314,0,0,0,0
2012,315,1.016,2,0,0
2012,316,0,0,0,5.39
2012,317,0.254,0,0,0
2012,318,0,0,0,0
2012,319,0,0,0,0
2012,320,0,0,0,0
2012,321,0,0,0,0
2012,322,0,0,0,0
2012,323,0,0,0,0
2012,324,0,0,0,0
2012,325,0,0,0,0
2012,326,0,0,0,0
2012,327,0,0,0,0
2012,328,0,0,0,0
2012,329,0,0,0,0
2012,330,0,0,0,0
2012,331,0,0,0,0
2012,332,0,0,0,0
2012,333,0,0,0,0
2012,334,0,0,0,0
2012,335,0,0,0,0
2012,336,0,0,0,0
2012,337,0,0,0,0
2012,338,0,0,0,0
2012,339,0,0,0,0
2012,340,0,0,0,0
2012,341,0,0,0,0
2012,342,0,0,0,0
2012,343,0,1,0,0
2012,344,0,0,0,0
2012,345,0,0,0,0
2012,346,0,0,0,0
2012,347,0,0,0,0
2012,348,0,0,0,0
2012,349,6.35,8,7.03,4.165
2012,350,0,0,0,0.49
2012,351,0,0,0,0.735
2012,352,0,0,0,0
2012,353,0.762,0,0,0
2012,354,0,0,0,4.655
2012,355,0,0,0,0
2012,356,0,0,0,0
2012,357,0,0,0,0
2012,358,0,0,0,0
2012,359,10.922,16,14.6,1.225
2012,360,0,0,11.16,5.145
2012,361,0,0,0,0
2012,362,4.064,3,4.19,0.98
2012,363,0,0,0,0
2012,364,0,1,0,0
2012,365,4.318,3,2.03,1.47
2013,1,2.54,2,0,6.615
2013,2,0,0,0,0.245
2013,3,0,0,0,0
2013,4,2.794,3,19.7,0.98
2013,5,0.254,0,0,2.45
2013,6,0.254,0,0,0.735
2013,7,0,0,10.46,0
2013,8,39.37,26,79.28,0.735
2013,9,84.836,88,47.09,75.95
2013,10,0.254,0,0,32.585
2013,11,0,0,0,0
2013,12,0.508,0,3.07,0
2013,13,0,0,0,0.735
2013,14,0,0,2.93,0
2013,15,4.572,4,0,2.45
2013,16,0,0,0,0.49
2013,17,0,0,0,0
2013,18,0,0,0,0
2013,19,0.254,0,0,0
2013,20,0,0,0,0
2013,21,0,0,0,0
2013,22,0,0,0,0
2013,23,0,0,0,0
2013,24,0,0,0,0
2013,25,0,0,0,0
2013,26,0,0,0,0
2013,27,0,0,0,0
2013,28,0,0,0,0
2013,29,2.794,12,8.24,0
2013,30,0,0,0,18.62
2013,31,0,0,0,0
2013,32,0,0,0,0
2013,33,0.254,0,0,0
2013,34,0,0,0,0
2013,35,0,0,0,0
2013,36,0,0,0,0
2013,37,10.16,1,6.88,1.225
2013,38,0.254,0,0,1.225
2013,39,0,0,0,1.225
2013,40,0.254,0,22.17,0
2013,41,21.844,25,0,43.365
2013,42,9.144,8,8.9,0
2013,43,3.302,4,2.67,5.88
2013,44,0,0,0,1.47
2013,45,0,0,0,0
2013,46,0,0,0,0
2013,47,0,0,0,0
2013,48,0,0,0,0
2013,49,0,0,0,0
2013,50,0,0,0,0
2013,51,0,1,5.98,0.245
2013,52,8.128,7,8.78,3.185
2013,53,0,0,0,3.43
2013,54,0,0,0,0
2013,55,0,0,0,0
2013,56,0.254,0,0,0
2013,57,0,0,0,0
2013,58,0,0,0,0
2013,59,0,0,0,0
2013,60,0.508,0,0,0
2013,61,0,0,0,0
2013,62,0,0,0,0
2013,63,0,0,0,0
2013,64,0,0,0,0
2013,65,0,0,0,0
2013,66,0,0,0,0
2013,67,0.254,1,9.87,0
2013,68,2.794,8,52.03,0.98
2013,69,29.718,34,0,39.2
2013,70,0.254,0,0,0
2013,71,0,0,0,0
2013,72,0,0,0,0
2013,73,0,0,0,0
2013,74,0,0,0,0
2013,75,0,0,0,0
2013,76,0,0,0,0
2013,77,0,0,0,0
2013,78,7.366,2,8.04,0
2013,79,3.556,7,0,12.74
2013,80,0,0,0,0
2013,81,0,0,0,0
2013,82,2.54,0,0,0
2013,83,0,0,0,0
2013,84,0,0,0,0
2013,85,0,0,0,0
2013,86,0,0,0,0
2013,87,0,0,0,0
2013,88,0,0,0,0
2013,89,0,0,0,0
2013,90,0,0,0,0
2013,91,0,0,0,0
2013,92,0,1,5.48,0
2013,93,3.048,3,0,4.41
2013,94,0.254,0,0,0
2013,95,0,0,0,0
2013,96,0,0,0,0
2013,97,0,0,0,0
2013,98,0,0,0,0
2013,99,0,0,2.89,0
2013,100,14.224,9,8.09,0.245
2013,101,3.556,3,0,8.33
2013,102,0,0,0,0
2013,103,0,1,0,0
2013,104,0,0,0,0
2013,105,0,0,0,0
2013,106,0,0,0,0
2013,107,0,0,0,0
2013,108,7.62,21,18.59,0
2013,109,0,0,0,18.62
2013,110,0,0,0,0
2013,111,0,0,0,0
2013,112,0,0,0,0
2013,113,0.508,1,1.73,0
2013,114,0,0,0,1.47
2013,115,0.762,0,0,0
2013,116,0,0,0,0.49
2013,117,1.016,0,0,0.245
2013,118,0,0,0,0
2013,119,0,0,0,0
2013,120,0,0,0,0
2013,121,0,0,0,0
2013,122,0.762,0,0,0
2013,123,0,0,0,0
2013,124,0,0,0,0
2013,125,0,0,0,0
2013,126,0,0,0,0
2013,127,0,0,0,0
2013,128,0,0,0,0
2013,129,17.78,20,18.36,0
2013,130,0.762,3,2.81,33.81
2013,131,0,0,0,4.41
2013,132,0,0,0,0
2013,133,0,0,0,0
2013,134,0,0,5.73,0
2013,135,16.764,5,18.11,1.47
2013,136,5.08,18,0,18.865
2013,137,0,0,0,0
2013,138,0,0,0,0
2013,139,0,0,0,0
2013,140,0,0,0,0
2013,141,1.778,17,11.67,0
2013,142,0,0,0,31.605
2013,143,0,0,0,0
2013,144,14.478,28,21.37,0
2013,145,3.048,3,0,12.74
2013,146,0,0,0,3.185
2013,147,0,0,0,0
2013,148,0,0,0,0
2013,149,5.842,5,4.37,0
2013,150,0,0,0,3.43
2013,151,0,0,0,0
2013,152,0,0,8.23,0
2013,153,9.652,10,0,7.105
2013,154,0,0,0,0
2013,155,0,0,0,0
2013,156,0,0,0,0
2013,157,0,1,0,0
2013,158,0,0,0,0
2013,159,0,0,0,0
2013,160,0.762,10,10.32,0
2013,161,0,0,0,2.45
2013,162,0,0,0,0
2013,163,0,0,0,0
2013,164,0,0,0,0
2013,165,0,0,0,0
2013,166,0,0,0,0
2013,167,0,0,0,0
2013,168,0,0,6.45,1.715
2013,169,4.572,3,0,3.675
2013,170,0,1,0,0.735
2013,171,0,0,0,0
2013,172,0,0,0,0
2013,173,0,0,0,0
2013,174,0,0,0,0
2013,175,0,0,0,0
2013,176,0,0,0,0
2013,177,0,0,0,0
2013,178,0,0,0,0
2013,179,0,0,0,0
2013,180,0,0,0,0
2013,181,0,0,0,0
2013,182,0,0,0,0
2013,183,0,0,0,0
2013,184,0,0,0,0
2013,185,0,0,0,0
2013,186,0,0,0,0
2013,187,0,0,0,0
2013,188,0,0,0,0
2013,189,2.54,0,0,0
2013,190,0,0,0,0.98
2013,191,0,0,0,0
2013,192,0,0,0,0
2013,193,0,0,0,0
2013,194,0,0,0,0
2013,195,32.258,38,69.48,0
2013,196,46.736,57,17.87,45.57
2013,197,0.508,3,4.84,21.56
2013,198,1.27,1,0,1.225
2013,199,0,0,0,1.225
2013,200,0,0,0,0
2013,201,27.94,2,0,0
2013,202,0,0,0,0.98
2013,203,0,0,0,0
2013,204,0,0,0,0
2013,205,0,0,0,0
2013,206,0,0,0,0
2013,207,3.048,15,10.51,0
2013,208,0,0,0,11.27
2013,209,0,0,0,0
2013,210,0,0,0,0
2013,211,0,0,0,0
2013,212,0,0,0,0
2013,213,0,0,0,0
2013,214,0,0,0,0
2013,215,0,0,0,0
2013,216,0,0,0,0
2013,217,0,0,0,0
2013,218,0,0,0,0
2013,219,0,0,0,0
2013,220,0,0,0,0
2013,221,0,0,0,0
2013,222,0,0,0,0
2013,223,0,0,0,0.49
2013,224,0,0,0,0
2013,225,0,0,0,0
2013,226,5.842,16,10.1,0
2013,227,0,0,0,3.43
2013,228,0,0,0,0.245
2013,229,0,0,0,0
2013,230,0,0,0,0
2013,231,0,0,0,0
2013,232,0,0,0,0
2013,233,0,0,0,0
2013,234,0,0,0,0
2013,235,0,0,0,0
2013,236,0,0,0,2.45
2013,237,0,0,0,0
2013,238,0,0,0,0
2013,239,0,0,0,0
2013,240,0,0,0,0
2013,241,0,0,0,0
2013,242,0,0,0,0
2013,243,0,0,0,0
2013,244,2.032,0,0,0
2013,245,12.7,0,0,0
2013,246,0,0,0,2.205
2013,247,36.068,0,0,0.49
2013,248,0,0,0,0
2013,249,0,0,0,1.96
2013,250,0,0,0,0
2013,251,0,0,0,0
2013,252,0,3,0,0
2013,253,0,0,0,1.96
2013,254,0,0,0,0.98
2013,255,0,0,0,0
2013,256,0,0,0,0
2013,257,0,0,0,0
2013,258,0,0,0,0
2013,259,0,0,0,0
2013,260,0,0,0,0
2013,261,0,0,0,0.49
2013,262,41.402,11,49.73,0
2013,263,56.896,76,96.75,8.575
2013,264,0,0,0,67.865
2013,265,0,0,0,0
2013,266,0,0,0,0
2013,267,0,0,0,0
2013,268,0,0,0,0
2013,269,0,0,0,0
2013,270,0,0,0,0
2013,271,54.864,32,46.13,0
2013,272,1.016,1,0,40.915
2013,273,0,0,0,0
2013,274,0,0,0,0
2013,275,0,2,0,0
2013,276,0,0,0,1.225
2013,277,0,0,0,0
2013,278,0,0,0,0
2013,279,0,0,0,0
2013,280,0,0,0,0
2013,281,0,0,0,0
2013,282,0,0,0,0
2013,283,0,0,0,0
2013,284,0.508,2,0,0
2013,285,61.214,39,48.2,0.245
2013,286,7.366,13,3.01,46.55
2013,287,6.096,5,4.85,1.715
2013,288,9.398,18,48.22,4.165
2013,289,31.242,25,11.67,23.52
2013,290,0,0,0,4.9
2013,291,0,0,0,0
2013,292,0,0,0,0
2013,293,0,0,0,0
2013,294,0,0,0,0
2013,295,0,0,0,0.245
2013,296,0,0,0,0
2013,297,0,0,0,0
2013,298,0,0,0,0
2013,299,50.292,29,61.81,0
2013,300,10.414,42,0,88.69
2013,301,0.254,0,0,0
2013,302,0,0,9.65,0
2013,303,69.088,35,75.24,6.615
2013,304,3.556,5,0,159.25
2013,305,0,0,0,0
2013,306,0,0,0,0
2013,307,0,0,0,0
2013,308,21.59,16,18.03,0
2013,309,1.778,1,2.49,18.62
2013,310,1.778,2,1.92,7.84
2013,311,0,0,0,2.695
2013,312,0.254,0,0,0
2013,313,0,0,0,0
2013,314,0,0,0,0
2013,315,0,0,0,0
2013,316,0,0,0,0
2013,317,0,0,0,0
2013,318,0,0,0,0
2013,319,0,0,0,0
2013,320,0,0,0,0
2013,321,0,0,0,0
2013,322,0,0,0,0
2013,323,0,0,0,0
2013,324,0,0,2.22,0
2013,325,1.27,3,16.13,0.245
2013,326,14.732,27,24.34,19.11
2013,327,7.112,11,3.53,28.175
2013,328,1.524,4,13.24,1.47
2013,329,16.764,12,8.43,11.27
2013,330,0,0,0,9.065
2013,331,0,0,0,0
2013,332,0,0,0,0
2013,333,0,0,0,0
2013,334,0,0,0,0
2013,335,0,0,0,0
2013,336,0,0,0,0
2013,337,0,0,0,0
2013,338,0,0,0,0
2013,339,0,0,4.34,0
2013,340,5.588,5,0,2.94
2013,341,0,0,0,3.43
2013,342,1.016,0,0,0
2013,343,0,0,0,0
2013,344,0,0,0,0
2013,345,0,0,0,0
2013,346,0.508,0,0,0
2013,347,3.302,18,11.56,0
2013,348,0,0,0,14.21
2013,349,0,0,0,0
2013,350,0,0,0,0
2013,351,0,0,0,0
2013,352,0,0,0,0
2013,353,0,0,0,0
2013,354,0,0,12.89,0
2013,355,25.654,21,14.3,10.535
2013,356,0.254,0,0,5.635
2013,357,0,0,0,0
2013,358,0,0,0,0
2013,359,0,0,0,0
2013,360,0,0,0,0
2013,361,0,0,0,0
2013,362,0,0,0,0
2013,363,0,0,0,0
2013,364,0,0,0,0
2013,365,0,0,0,0
2014,1,0,0,0,0
2014,2,0,0,0,0
2014,3,0,0,0,0
2014,4,0,0,0,0
2014,5,0,0,0,0
2014,6,0,0,0,0
2014,7,0,0,0,0
2014,8,2.54,3,3.15,0
2014,9,1.27,3,2.35,3.675
2014,10,14.478,8,0,2.94
2014,11,0,0,0,14.945
2014,12,0,0,0,0
2014,13,0,0,0,0
2014,14,0,0,0,0
2014,15,0,0,0,0
2014,16,0,0,0,0
2014,17,0,0,0,0
2014,18,0,0,0,0
2014,19,0,0,0,0
2014,20,0,0,0,0
2014,21,0,0,0,0
2014,22,0,0,0,0
2014,23,0,1,0.87,0
2014,24,0,0,0,1.715
2014,25,0,0,0,0
2014,26,0,0,0,0
2014,27,0,0,0,0
2014,28,0,0,0,0.49
2014,29,0,0,0,0
2014,30,0,0,0,0
2014,31,0,0,0,0
2014,32,0.254,0,0,0
2014,33,3.81,2,1.58,0
2014,34,0,6,5.25,1.47
2014,35,5.588,1,2.3,5.39
2014,36,0.254,0,0,0.245
2014,37,0,0,0,0
2014,38,0,0,2.02,0
2014,39,0.254,0,0,1.47
2014,40,0,0,0,0
2014,41,0,0,0,0
2014,42,5.08,6,3.72,0
2014,43,0.762,0,0,5.145
2014,44,0,0,0,0
2014,45,0,0,0,0
2014,46,0,0,0,0
2014,47,0,0,0,0
2014,48,0,0,0,0
2014,49,0,0,0,0
2014,50,0,0,0,0
2014,51,0,0,0,0
2014,52,0,0,0,0
2014,53,0,0,0,0
2014,54,0,0,0,0
2014,55,0,0,0,0
2014,56,1.778,7,7.41,0
2014,57,0,0,0,7.595
2014,58,0,0,0,0
2014,59,0,0,0,0
2014,60,0,1,2.79,0
2014,61,16.51,15,2.99,1.715
2014,62,0.762,0,0,6.37
2014,63,0.762,0,0,1.47
2014,64,0,0,0.48,0.245
2014,65,0,0,0,0
2014,66,0,0,0,0
2014,67,6.858,8,13.51,0
2014,68,0,0,0,14.945
2014,69,0,0,0,0
2014,70,0,0,0,0
2014,71,0,0,0,0
2014,72,0,0,0,0
2014,73,0,0,0,0
2014,74,2.032,6,6.67,0
2014,75,0,0,0,0.98
2014,76,0,0,0,0
2014,77,0,0,0,0
2014,78,0,0,0,0
2014,79,0,0,0,0
2014,80,0,0,0,0
2014,81,0,0,0,0
2014,82,3.302,5,2.96,0.735
2014,83,0,0,0,1.96
2014,84,0,0,0,0
2014,85,0,0,1.03,0
2014,86,0,0,0.58,0.49
2014,87,1.778,1,5.25,0
2014,88,0,0,0,1.96
2014,89,0,0,0,0
2014,90,0,0,0,0
2014,91,0,0,0,0
2014,92,0,0,0,0
2014,93,0.254,1,0,0
2014,94,0.254,0,0,0.735
2014,95,0,4,6.52,0
2014,96,26.924,20,25.2,4.41
2014,97,0,1,1.38,41.405
2014,98,0,0,0,4.41
2014,99,0,0,0,0
2014,100,0,0,0,0
2014,101,0,0,0,0
2014,102,0,0,0,0
2014,103,1.524,4,11.72,0
2014,104,9.398,8,2.9,3.185
2014,105,0,0,0,1.47
2014,106,0,0,0,0
2014,107,0,0,0,0
2014,108,0,0,0,0
2014,109,0,0,0,0
2014,110,0,0,0,0
2014,111,0,0,0,0
2014,112,0,0,0,0
2014,113,0,0,0,0
2014,114,0,0,0,0
2014,115,0,0,0,0
2014,116,0,0,0,0
2014,117,2.032,9,1.47,0
2014,118,0,0,0,0.49
2014,119,0,0,0,0
2014,120,0,0,0,0
2014,121,0,0,0,0
2014,122,0,0,0,0
2014,123,0,0,0,0
2014,124,0,0,0,0
2014,125,0,0,0,0
2014,126,0,0,0,0
2014,127,0,0,0,0
2014,128,39.878,41,31.85,0.245
2014,129,5.334,3,0,18.13
2014,130,0,0,0,0
2014,131,0,0,0,0
2014,132,72.136,65,82.23,0
2014,133,19.05,10,8.6,69.58
2014,134,3.81,0,0,5.88
2014,135,0,0,0,0
2014,136,0,0,0,0
2014,137,0,0,0,0
2014,138,0,0,0,0
2014,139,0,0,0,0
2014,140,0,0,0,0
2014,141,0,0,0,0
2014,142,0,0,0,0
2014,143,0,0,0,0
2014,144,1.27,0,6.86,0
2014,145,0,4,21.67,1.225
2014,146,9.652,32,26.41,0.49
2014,147,38.354,13,22.25,41.16
2014,148,0.254,0,0,24.745
2014,149,0,0,0,0
2014,150,0,0,0,0
2014,151,0,0,0,0
2014,152,0,0,0,6.37
2014,153,0,0,0,0
2014,154,0,0,0,0
2014,155,0,0,0,0
2014,156,0,0,0,0
2014,157,0,0,0,0
2014,158,0,0,0,0
2014,159,5.08,6,0,0
2014,160,44.45,37,38.06,0.245
2014,161,0.254,0,0,43.61
2014,162,0,0,0,0
2014,163,20.574,30,19.98,0
2014,164,24.638,0,0,10.29
2014,165,0,0,0,0
2014,166,0,0,0,0
2014,167,0,0,0,0
2014,168,3.81,1,0,0
2014,169,0,0,0,0
2014,170,0,0,0,0
2014,171,0,0,0,0
2014,172,0,3,2.94,0
2014,173,11.938,8,17.04,3.675
2014,174,17.018,6,4.57,1.225
2014,175,0,1,15.59,9.065
2014,176,28.194,15,26.42,0.49
2014,177,0,3,0,11.76
2014,178,0.254,0,0.43,0.49
2014,179,0,0,0,0
2014,180,0,0,0,0
2014,181,0,0,0,0
2014,182,0,0,0,0
2014,183,0,0,0,0
2014,184,0,10,0,0
2014,185,0,0,0,4.655
2014,186,0,0,0,0
2014,187,0,0,0,0
2014,188,0,0,0,0
2014,189,0,0,0,0
2014,190,0,0,0,0
2014,191,0,0,0,0
2014,192,0,0,0,0
2014,193,0,0,0,0
2014,194,0,0,0,0
2014,195,0,0,0,0
2014,196,1.778,2,13.11,0
2014,197,0,3,5.01,16.415
2014,198,4.572,28,13.94,0
2014,199,7.112,0,0,11.025
2014,200,0,0,0,0
2014,201,0,0,0,0
2014,202,0,0,0,0
2014,203,0,0,0,0
2014,204,0,2,0,0
2014,205,2.54,0,0,2.695
2014,206,0,0,0,0
2014,207,0,0,0,0
2014,208,0,0,0,0
2014,209,0,0,0,0
2014,210,0,0,0,0
2014,211,0,0,0,0
2014,212,1.778,0,0,0
2014,213,0,0,0,0
2014,214,0,0,0,0
2014,215,0,0,0,0
2014,216,0,0,0,0
2014,217,0,0,0,0
2014,218,0,0,0,0
2014,219,0,0,0,0
2014,220,0,0,0,0
2014,221,0,0,0,0
2014,222,0,0,0,0
2014,223,4.572,11,4.95,0
2014,224,0,0,0,2.94
2014,225,0,0,0,0
2014,226,0,0,0,0
2014,227,0,0,0,0
2014,228,0,0,0,0
2014,229,3.048,7,10.43,0
2014,230,0,0,0,1.225
2014,231,0,0,0,0
2014,232,0,0,0,0
2014,233,0,0,0,0
2014,234,0,0,0,0
2014,235,0,0,0,0
2014,236,0,0,0,0
2014,237,0,0,0,0
2014,238,0,0,0,0
2014,239,0,0,0,4.165
2014,240,0,0,0,0
2014,241,0.508,5,14.08,0
2014,242,0,0,0,4.41
2014,243,0,0,0,0
2014,244,0,0,0,0
2014,245,0,0,0,0
2014,246,0,0,0,0
2014,247,0,0,0,0
2014,248,0,0,0,0
2014,249,18.542,12,6.62,0
2014,250,1.524,0,0,7.35
2014,251,0.254,0,0,2.45
2014,252,0,0,0,0
2014,253,0.254,0,0,0
2014,254,2.286,1,0,0
2014,255,0,0,0,0
2014,256,0,0,0,2.94
2014,257,0,0,0,0
2014,258,0.254,1,3,0
2014,259,0.762,0,0,0.735
2014,260,15.24,12,13.81,0
2014,261,3.81,15,9.07,50.47
2014,262,0.508,0,0,5.88
2014,263,0,0,0,3.92
2014,264,0,0,0,0
2014,265,0,0,0,0
2014,266,0,0,0,0
2014,267,0,0,0,0
2014,268,0,0,0,0
2014,269,0,0,0,0
2014,270,0,0,0,0
2014,271,0,0,0,0
2014,272,0,0,0,0
2014,273,0,0,0,0
2014,274,0,0,0,0
2014,275,17.78,16,14.87,0
2014,276,0,0,0,14.21
2014,277,0,0,0,0
2014,278,0,0,0,0
2014,279,0,0,0,0
2014,280,0,0,0,0
2014,281,0,0,0,0
2014,282,0,0,0,0
2014,283,0,38,36.78,0
2014,284,40.132,12,11.83,33.32
2014,285,15.748,34,42.8,14.455
2014,286,28.702,3,0,37.73
2014,287,0,0,0,3.43
2014,288,0,0,0,0
2014,289,0,0,0,0
2014,290,0,0,0,0
2014,291,0,0,0,0
2014,292,0,0,0,0
2014,293,0,0,0,0
2014,294,0,0,0,0
2014,295,0,0,0,0
2014,296,0,0,0,0
2014,297,0,0,0,0
2014,298,0,0,0,0
2014,299,0,0,0,0
2014,300,0,0,0,0
2014,301,0,0,0,0
2014,302,0,0,0,0
2014,303,0,0,0,0
2014,304,0,0,0,0
2014,305,0,0,0,0
2014,306,0,0,0,0
2014,307,0,0,0,0
2014,308,37.592,46,36.39,0
2014,309,26.416,21,19.61,46.06
2014,310,0,0,0,24.5
2014,311,0,0,0,0
2014,312,0,0,0,0
2014,313,0,0,0,0
2014,314,0,0,0,0
2014,315,0,0,0,0
2014,316,0,0,0,0
2014,317,0,0,0,0
2014,318,0,0,0,0
2014,319,0,1,1.34,0
2014,320,0,0,0,0.98
2014,321,0,0,0,0
2014,322,0,0,0,0
2014,323,0,0,0,0
2014,324,1.778,1,3.96,0
2014,325,0.508,1,5.18,1.715
2014,326,18.034,22,31.08,2.94
2014,327,0,0,0,45.57
2014,328,0,0,0,0
2014,329,0,0,0,0
2014,330,0,0,0,0
2014,331,0,0,0,0
2014,332,0,0,0,0
2014,333,0,0,0,0
2014,334,0,0,0.93,0
2014,335,0,0,0,1.225
2014,336,0,0,0,0
2014,337,0,0,0,0
2014,338,0,0,0.42,0
2014,339,0,0,0,0
2014,340,0,0,0,0
2014,341,0,0,0,0
2014,342,0,0,0,0
2014,343,0,0,0,0
2014,344,0,0,0,0
2014,345,7.366,2,3.6,0
2014,346,0,0,0,3.185
2014,347,0.254,0,0,0
2014,348,13.716,8,2.61,0
2014,349,0,0,0,1.96
2014,350,0,0,0,0
2014,351,1.016,1,1.84,0
2014,352,0.254,7,11.33,3.43
2014,353,13.716,3,6.08,14.945
2014,354,0.254,0,0,2.205
2014,355,0,0,0,0
2014,356,0,0,0,0
2014,357,4.826,3,2.76,0
2014,358,0,0,0,2.45
2014,359,0,0,0,0
2014,360,0.254,0,0,0
2014,361,4.318,0,0.85,0
2014,362,0,1,1.45,0.98
2014,363,0,0,0,1.715
2014,364,0.254,0,0,0
2014,365,0,4,3.47,0
2015,1,9.398,8,10,1.96
2015,2,4.572,17,19.64,9.065
2015,3,11.938,0,0,22.295
2015,4,0,0,0,0
2015,5,0,0,0,0
2015,6,0,0,0,0
2015,7,0,0,0,0
2015,8,0,2,2.2,0
2015,9,1.778,1,2.7,4.9
2015,10,16.764,24,22.06,2.205
2015,11,12.7,0,5.76,19.355
2015,12,0,0,0,0
2015,13,0,0,0,0
2015,14,0,0,0,0
2015,15,0.762,0,0,0
2015,16,0,0,0,0
2015,17,0,0,0,0
2015,18,0,0,0,0
2015,19,0,0,0,0
2015,20,0,0,0,0
2015,21,0.508,22,20.52,0
2015,22,43.18,25,28.72,26.705
2015,23,1.27,1,0,28.175
2015,24,0,0,0,0.735
2015,25,0,0,0,0
2015,26,0,0,0,0
2015,27,0,0,0,0
2015,28,0,0,0,0
2015,29,0,0,0,0
2015,30,0,0,0,0
2015,31,2.54,4,4.61,0
2015,32,0,0,0,4.41
2015,33,0,0,0,0
2015,34,0,0,0,0
2015,35,0,0,0,0
2015,36,0,0,0,0
2015,37,0,0,0,0
2015,38,0,0,0,0
2015,39,0,0,0,0
2015,40,0,0,0,0
2015,41,0,0,0,0
2015,42,0,0,0,0
2015,43,0,0,0,0
2015,44,0,0,0,0
2015,45,0,0,0,0
2015,46,0,6,7,0
2015,47,9.906,4,5.89,3.43
2015,48,0,0,0,3.43
2015,49,0,0,0,0
2015,50,0,0,0,0
2015,51,0,0,0,0
2015,52,0,0,0,0
2015,53,9.144,8,8.04,0
2015,54,0.762,2,1.76,9.31
2015,55,1.778,5,3,0.98
2015,56,8.636,6,4.43,3.675
2015,57,0.254,0,0,5.145
2015,58,0,0,1.4,0
2015,59,0.508,5,4.55,0
2015,60,6.858,2,1.79,4.41
2015,61,0.762,1,1.23,1.47
2015,62,0.508,0,1.3,0.49
2015,63,11.176,14,17.86,0
2015,64,3.81,0,0,16.415
2015,65,0,0,0,0
2015,66,0,3,5.63,0
2015,67,1.778,14,19.02,2.695
2015,68,52.07,39,30.77,23.765
2015,69,0,0,0,27.685
2015,70,0,0,0,0
2015,71,0.254,0,0,0
2015,72,0.762,1,0,0
2015,73,0,0,0,0
2015,74,0,0,0,0
2015,75,0,0,0,0
2015,76,0,2,1.59,0
2015,77,5.08,6,5.62,2.94
2015,78,0.254,0,0,8.575
2015,79,8.89,20,17.98,0
2015,80,12.7,8,9.22,29.89
2015,81,0.254,0,6.58,8.82
2015,82,0,0,0,0
2015,83,0,0,0,0
2015,84,0,1,0.8,0
2015,85,1.778,0,0,0.735
2015,86,0,0,0,0
2015,87,0,0,0,0
2015,88,0,0,0,0
2015,89,0,0,0,0
2015,90,0,0,0,0
2015,91,0,0,0,0
2015,92,0,0,0,0
2015,93,0,0,0,0
2015,94,1.27,5,8.4,1.47
2015,95,6.35,1,0.92,11.515
2015,96,0,0,0,0.49
2015,97,0,0,0,0
2015,98,0,0,0,0
2015,99,64.262,27,21.36,0
2015,100,0,0,0,5.635
2015,101,0,0,0,0
2015,102,0,6,4.72,0
2015,103,3.048,0,0,2.94
2015,104,0,0,0,1.225
2015,105,0,0,0,0
2015,106,4.572,14,13.77,0
2015,107,10.414,14,12.09,5.39
2015,108,8.89,6,18.72,42.875
2015,109,0,0,0,21.07
2015,110,0,0,0,0
2015,111,0,0,0,0
2015,112,31.75,49,35.79,0
2015,113,1.27,2,2.56,36.26
2015,114,6.858,6,5.7,1.96
2015,115,0,0,0,3.185
2015,116,0,57,29.86,0
2015,117,26.924,10,7.53,15.68
2015,118,4.318,5,9.48,0.245
2015,119,0,0,0,2.94
2015,120,0,0,0,0
2015,121,0,0,0,0
2015,122,0,0,0,0
2015,123,0,0,0,0
2015,124,0,0,0,0
2015,125,0,9,10.16,0
2015,126,8.382,0,0,21.07
2015,127,0,1,0,0
2015,128,8.89,9,14.31,0
2015,129,0,1,0,8.575
2015,130,0,37,28.75,0
2015,131,20.828,1,7.26,9.8
2015,132,3.048,4,5.18,7.105
2015,133,12.7,8,8.68,5.39
2015,134,3.556,6,5.15,9.31
2015,135,4.572,6,5.78,3.92
2015,136,0,16,24.44,8.575
2015,137,13.208,9,10.75,6.125
2015,138,0,1,4.35,8.085
2015,139,8.636,2,2.17,15.68
2015,140,5.588,2,2.45,1.47
2015,141,0,2,2.35,1.47
2015,142,0.508,1,3.29,1.47
2015,143,10.414,40,38.41,1.715
2015,144,27.432,6,9.74,32.34
2015,145,71.882,58,59.8,6.615
2015,146,0.254,15,18.65,48.02
2015,147,10.16,0,0,12.005
2015,148,0.508,13,15.89,0
2015,149,10.668,7,5.1,14.7
2015,150,19.304,3,0,0
2015,151,0,0,0,0.245
2015,152,0,0,0,0
2015,153,0,0,0,0
2015,154,0,0,0,0
2015,155,0,0,0,0
2015,156,0,0,0,0
2015,157,0,0,0,0
2015,158,0,0,0,0
2015,159,0,0,0,0
2015,160,0,0,0,0
2015,161,0,0,0,0
2015,162,0,0,0,0
2015,163,0,0,0,0
2015,164,0,0,0,0
2015,165,3.302,4,5.57,0
2015,166,0.254,0,0,2.45
2015,167,11.938,57,66.39,0
2015,168,83.312,60,16.07,58.31
2015,169,0,0,0,3.185
2015,170,0,0,0,0
2015,171,0.254,1,0,0
2015,172,0.762,3,0,4.41
2015,173,0,0,0,0
2015,174,0,0,0,0
2015,175,0,0,0,0
2015,176,0,0,0,0
2015,177,0,26,46.8,0
2015,178,39.37,2,9.74,17.885
2015,179,0,0,0,3.675
2015,180,0.508,0,0,0
2015,181,0,0,0,0
2015,182,0,2,0,0.245
2015,183,0,0,0,1.225
2015,184,0,0,0,0
2015,185,0,0,0,0
2015,186,0,0,0,0
2015,187,0,0,0,0
2015,188,0,0,0,0
2015,189,0,0,0,1.225
2015,190,0,0,0,0
2015,191,0,0,0,0
2015,192,0,0,0,0
2015,193,0,0,0,0
2015,194,0,0,0,0
2015,195,0,0,0,0
2015,196,0,0,0,0
2015,197,0,0,0,0
2015,198,0,0,0,0
2015,199,0,0,0,0
2015,200,0,0,0,0
2015,201,0,0,0,0
2015,202,0,0,0,0
2015,203,0,0,0,0
2015,204,0,0,0,0
2015,205,0,0,0,0
2015,206,0,0,0,0
2015,207,0,0,0,0
2015,208,0,0,0,0
2015,209,0,0,0,0
2015,210,0,0,0,0
2015,211,0,0,0,0
2015,212,0,0,0,0
2015,213,0,0,0,0
2015,214,0,0,0,0
2015,215,0,0,0,0
2015,216,0,0,0,0
2015,217,0,0,0,0
2015,218,0,0,0,0
2015,219,0,0,0,0
2015,220,0,0,0,0
2015,221,0,0,0,0
2015,222,0,0,0,0
2015,223,0,0,0,0
2015,224,0,0,0,0
2015,225,0,0,0,0
2015,226,0,0,0,0
2015,227,0,0,0,0
2015,228,0,0,0,0
2015,229,0,2,0,0
2015,230,0,0,0,0
2015,231,0,0,0,0
2015,232,5.588,21,16.21,0
2015,233,0,0,0,12.495
2015,234,0,0,0,2.94
2015,235,0,0,0,0
2015,236,0,0,0,0
2015,237,0,0,0,0
2015,238,0,0,0,0
2015,239,0,0,0,0
2015,240,0,0,0,0
2015,241,0,1,0,0
2015,242,0,5,0,0
2015,243,0,0,0,0
2015,244,0,0,0,0
2015,245,0,0,0,0
2015,246,0,0,0,0
2015,247,0,0,0,0
2015,248,0,0,0,0
2015,249,0,0,0,0
2015,250,0,0,0,0
2015,251,0,0,0,0
2015,252,0.762,1,5.88,0
2015,253,0,2,4.94,0.245
2015,254,0,0,0,0.735
2015,255,0,0,0,0
2015,256,0,0,0,0
2015,257,0,0,0,0
2015,258,0,0,0,0
2015,259,0,0,0,0
2015,260,0,0,0,0
2015,261,0,0,0,0
2015,262,0,0,0,0
2015,263,0,0,0,0
2015,264,0,0,0,0
2015,265,0,0,0,0
2015,266,0,0,0,0
2015,267,0,0,0,0
2015,268,0,5,0,0
2015,269,0,0,0,6.86
2015,270,0,0,0,0
2015,271,0,0,0,0
2015,272,0,0,0,0
2015,273,0,0,0,0
2015,274,0,0,0,0
2015,275,0,0,0,0
2015,276,0,0,0,0
2015,277,0,0,0,0
2015,278,0,0,0,0
2015,279,0,0,0,0
2015,280,0,0,0,0
2015,281,0,0,0,0
2015,282,0,0,0,0
2015,283,0,0,0,0
2015,284,0,0,0,0
2015,285,2.54,1,0,0
2015,286,0,0,0,0.735
2015,287,0,0,0,0
2015,288,0,0,0,0
2015,289,0,0,0,0
2015,290,0,0,0,0
2015,291,0,0,0,0
2015,292,0,0,0,0
2015,293,0,0,0,0
2015,294,0,0,0,0
2015,295,0,9,0,0
2015,296,67.564,119,148.6,5.635
2015,297,106.68,51,48.8,116.865
2015,298,9.906,12,4.63,51.205
2015,299,0,0,0,3.43
2015,300,0,0,0,0
2015,301,0,0,0,0
2015,302,0,6,0,0
2015,303,112.014,119,93.13,2.45
2015,304,33.02,0,0,81.83
2015,305,1.27,1,0,0.245
2015,306,0.254,0,0,3.675
2015,307,0.254,0,0,0
2015,308,0,2,2.69,0
2015,309,3.302,24,18.86,1.225
2015,310,16.51,11,16.62,10.045
2015,311,20.574,5,8.82,22.05
2015,312,0,0,0,5.88
2015,313,0,0,0,0
2015,314,0,0,0,0
2015,315,5.588,6,3.31,0
2015,316,0,0,0,1.715
2015,317,0,0,0,0
2015,318,7.62,8,6.22,0
2015,319,0.762,2,0,10.78
2015,320,0.254,24,28.77,0
2015,321,36.83,12,4.83,33.075
2015,322,0,0,0,9.31
2015,323,0,0,0,0
2015,324,0,0,0,0
2015,325,0,0,0,0
2015,326,0,0,0,0
2015,327,0,0,0,0
2015,328,0,0,0,0
2015,329,0,0,0,0
2015,330,2.286,11,13.07,0
2015,331,16.51,27,29.41,13.475
2015,332,21.082,9,6.95,26.705
2015,333,13.462,13,11.88,6.125
2015,334,0,1,2.74,9.31
2015,335,0,0,0,0
2015,336,0.254,0,0,0
2015,337,0,0,0,0
2015,338,0,0,0,0
2015,339,0,0,0,0
2015,340,0,0,0,0
2015,341,0,0,0,0
2015,342,0,0,0,0
2015,343,0,0,0,0
2015,344,0,0,0,0
2015,345,0,0,0,0
2015,346,16.764,42,41.9,0
2015,347,33.782,2,6.21,39.445
2015,348,0,0,0,4.41
2015,349,4.572,3,0,0
2015,350,0.254,0,0,2.45
2015,351,0,0,0,0
2015,352,0,0,0,0
2015,353,0,0,0,0
2015,354,0,0,0,0
2015,355,0,0,0,0
2015,356,0.254,0,0,0
2015,357,0,0,0,0
2015,358,0,0,0,0
2015,359,0,0,0,0
2015,360,9.398,35,47.77,0
2015,361,79.756,44,26.66,45.325
2015,362,1.016,0,0,28.42
2015,363,0,0,0,0
2015,364,0,0,0,0
2015,365,0,0,0,0
2016,1,0,0,0,0
2016,2,0,0,0,0
2016,3,0,0,0,0
2016,4,0,0,0,0
2016,5,0,0,0,0
2016,6,9.398,11,12.81,0
2016,7,0,0,0,11.515
2016,8,0.254,0,0,0
2016,9,0,0,0,0
2016,10,0,0,0,0
2016,11,0,0,0,0
2016,12,0,0,0,0
2016,13,0,0,0,0
2016,14,0,0,0,0
2016,15,0,0,0,0
2016,16,0,0,0,0
2016,17,0,0,0,0
2016,18,0,0,0,0
2016,19,0,0,0,0
2016,20,0,0,0,0
2016,21,1.016,1,0,0.49
2016,22,0,0,0,2.205
2016,23,0,0,0,0
2016,24,0,0,0,0
2016,25,0,0,0,0
2016,26,0,0,0,0
2016,27,0,0,0,0
2016,28,0,0,0,0
2016,29,0,0,0,0
2016,30,0,0,0,0
2016,31,0,0,0,0
2016,32,0,0,0,0
2016,33,0,0,0,0
2016,34,0,0,0,0
2016,35,0,0,0,0
2016,36,0,1,1.38,0
2016,37,1.016,0,0,0.735
2016,38,0,0,0,0
2016,39,0,0,0,0
2016,40,0,0,0,0
2016,41,0,0,0,0
2016,42,0,0,0,0
2016,43,0,0,0,0
2016,44,0,0,0,0
2016,45,0,0,0,0
2016,46,0,0,0,0
2016,47,0,0,0,0
2016,48,0,0,0,0
2016,49,0,0,0,0
2016,50,0,0,0,0
2016,51,0,0,0,0
2016,52,19.05,23,23.65,0
2016,53,0.508,25,24.65,7.595
2016,54,24.892,1,2.43,25.235
2016,55,0,0,0,0
2016,56,0,0,0,0
2016,57,0,0,0,0
2016,58,0,0,0,0
2016,59,0,0,0,0
2016,60,0,0,0,0
2016,61,0,0,0,0
2016,62,0,0,0,0
2016,63,0,0,0,0
2016,64,0,0,0,0
2016,65,0,0,0,0
2016,66,0,1,0,0
2016,67,39.878,131,5,0
2016,68,91.694,36,56.29,96.04
2016,69,12.192,2,36.86,40.425
2016,70,11.43,16,7.87,2.94
2016,71,5.842,0,17.45,13.72
2016,72,0,0,0.91,0
2016,73,0,0,0,0
2016,74,0,0,0,0
2016,75,0,0,0,0
2016,76,0,0,0,0
2016,77,0,0,0,0
2016,78,0,0,0,0
2016,79,0,0,0,0
2016,80,0,0,0,0
2016,81,0,0,0,0
2016,82,0,10,0,0
2016,83,16.002,0,11.59,11.76
2016,84,0,0,0,0
2016,85,0,0,0,0
2016,86,0,0,0,0
2016,87,0,0,0,0
2016,88,0,0,0,0
2016,89,3.556,6,0,0
2016,90,0,2,1.85,1.715
2016,91,7.62,8,4.05,2.45
2016,92,0,0,5.18,5.635
2016,93,0,0,0,0
2016,94,0,0,0,0
2016,95,0,0,0,0
2016,96,0,0,0,0
2016,97,0,0,0,0
2016,98,0,0,0,0
2016,99,0.762,1,0,0
2016,100,0,1,0.41,0
2016,101,0.508,1,4,0
2016,102,0,13,5.6,0
2016,103,11.938,0,16.35,17.395
2016,104,0,0,0,0
2016,105,0,0,0,0
2016,106,0.254,0,0,0
2016,107,28.956,162,22.74,0
2016,108,110.49,1,64,120.54
2016,109,0.254,28,4.24,0.735
2016,110,23.622,20,28.98,24.745
2016,111,6.858,2,19.88,17.15
2016,112,0,0,7.04,1.47
2016,113,0,0,0,0
2016,114,0,0,0,0
2016,115,0,0,0,0
2016,116,0,35,0,0
2016,117,22.352,0,16.33,28.175
2016,118,0.508,1,0,0
2016,119,0.762,15,5.19,0
2016,120,5.842,0,17.01,24.01
2016,121,0.254,1,0,0
2016,122,2.54,2,3.87,0.735
2016,123,0,0,2.17,0.735
2016,124,0,0,0,0
2016,125,0,0,0,0
2016,126,0,0,0,0
2016,127,0,0,0,0
2016,128,1.27,2,0,0
2016,129,0,0,0.46,1.715
2016,130,0,23,0,0
2016,131,21.082,0,33.08,25.48
2016,132,0,0,0,0
2016,133,0,0,0,0
2016,134,0,0,0,0.245
2016,135,0,23,0,0
2016,136,13.716,8,11.82,3.675
2016,137,0.254,1,0,0.49
2016,138,0,1,4.09,0.49
2016,139,33.782,30,14.04,0.735
2016,140,0.254,0,38.17,43.12
2016,141,0,0,0,0
2016,142,0.254,0,0,0.98
2016,143,0,0,0,0
2016,144,0,0,0,0
2016,145,0,0,0,0
2016,146,50.546,53,0,0
2016,147,48.26,20,67.42,50.96
2016,148,0.762,0,25.63,22.05
2016,149,0,3,0,0
2016,150,1.27,0,8.21,1.225
2016,151,7.112,6,0,0.49
2016,152,6.35,6,9.38,1.225
2016,153,41.402,43,33.25,22.54
2016,154,1.27,1,32.97,69.825
2016,155,6.096,5,6.2,3.675
2016,156,0,0,6.41,0.735
2016,157,0,0,0,0
2016,158,0,0,0,0
2016,159,0,0,0,0
2016,160,0,0,0,0
2016,161,0,0,0,0
2016,162,0,0,0,0
2016,163,0.762,2,0,0
2016,164,12.7,0,28.47,0.98
2016,165,0,0,0,0
2016,166,0,0,0,0
2016,167,0,0,0,0
2016,168,0,0,0,0
2016,169,0,0,0,0
2016,170,0,0,0,0
2016,171,0,0,0,0
2016,172,0,0,0,0
2016,173,0,0,0,0
2016,174,0,0,0,0
2016,175,0,0,0,0
2016,176,0,0,0,0
2016,177,0,0,0,0
2016,178,0,0,0,0
2016,179,0,3,0,0
2016,180,0.254,0,15.7,3.185
2016,181,0,0,0,0
2016,182,0,0,0,0
2016,183,0,0,0,0
2016,184,0,0,0,0
2016,185,2.032,2,0,0
2016,186,0,0,0,0
2016,187,0,0,0,0
2016,188,0,0,0,0
2016,189,0,0,0,0
2016,190,2.54,4,0,0
2016,191,0,0,5.12,3.92
2016,192,0,0,0,0
2016,193,0,0,0,0
2016,194,0,0,0,0
2016,195,0,0,0,0
2016,196,0,0,0,0
2016,197,0,0,0,0
2016,198,0,0,0,0
2016,199,0,0,0,0
2016,200,0,0,0,0
2016,201,0,0,0,0
2016,202,0,0,0,0
2016,203,0,0,0,0
2016,204,0,0,0,0
2016,205,0,0,0,0
2016,206,2.54,8,0,0
2016,207,0,0,4.92,1.96
2016,208,1.524,8,0,0
2016,209,0.508,0,5.54,6.37
2016,210,0,0,3.84,0
2016,211,0,0,0,0
2016,212,0,0,0,0
2016,213,0,0,0,0
2016,214,0,0,0,0
2016,215,0,0,0,0
2016,216,0,0,0,0
2016,217,0,0,0,0
2016,218,0,0,0,0
2016,219,0,0,0,0
2016,220,0,0,0,0
2016,221,0,0,0,0
2016,222,0,0,0,0
2016,223,0,0,0,0
2016,224,4.064,12,0,0
2016,225,1.016,5,6.11,3.185
2016,226,1.524,2,0,16.66
2016,227,72.39,64,5.15,10.29
2016,228,23.876,57,44.8,38.955
2016,229,84.328,26,32.28,49.49
2016,230,4.572,11,15.8,12.985
2016,231,0.254,3,9.95,4.655
2016,232,4.318,18,0,1.715
2016,233,8.128,3,0,33.32
2016,234,9.398,9,6.52,2.45
2016,235,0,0,8.06,4.9
2016,236,0,0,0,0
2016,237,0,0,0,0
2016,238,0,8,0,0
2016,239,0,0,11.36,2.205
2016,240,0,0,0,0
2016,241,5.588,2,0,1.715
2016,242,3.556,4,3.84,4.165
2016,243,0,0,0,12.985
2016,244,0,5,0,0
2016,245,0,0,0,0
2016,246,0,0,0,0.735
2016,247,0,0,0,0
2016,248,0,0,0,0
2016,249,2.032,0,0,0.49
2016,250,0,0,0,0
2016,251,0,0,0,0
2016,252,0,0,0,0
2016,253,3.81,1,3.65,0.245
2016,254,0,0,0,3.675
2016,255,0,0,0,0
2016,256,0,0,0,0
2016,257,0,0,0,0
2016,258,0,0,0,0
2016,259,0,0,0,0
2016,260,0,0,0,0
2016,261,0,0,0,0
2016,262,0,0,0,0
2016,263,0,0,0,0
2016,264,0,0,0,0
2016,265,0,0,0,0
2016,266,0,0,0,0
2016,267,0.254,11,0,0
2016,268,25.146,34,16.32,17.64
2016,269,0.254,0,40.57,8.575
2016,270,0,0,0,0.245
2016,271,0,0,0,0
2016,272,0,0,0,0
2016,273,0,0,0,0
2016,274,0,0,0,0
2016,275,0,0,0,0
2016,276,0,0,0,0
2016,277,0,0,0,0
2016,278,0,0,0,0
2016,279,0,0,0,0
2016,280,0,0,0,0
2016,281,0,0,11.45,0
2016,282,0,0,0,0
2016,283,0,0,0,0
2016,284,0,0,0,0
2016,285,0,0,0,0
2016,286,0,1,0,0
2016,287,10.414,4,0,2.45
2016,288,0.254,0,4.74,5.145
2016,289,0,0,0,0
2016,290,0,0,0,0
2016,291,0,0,0,0
2016,292,0,0,0,0
2016,293,4.826,1,0,0
2016,294,0,0,1.94,2.45
2016,295,0,0,0,0
2016,296,0,0,0,0
2016,297,0,0,0,0
2016,298,0,0,0,0
2016,299,0,0,0,0
2016,300,0,0,0,0
2016,301,0,0,0,0
2016,302,0,0,0,0
2016,303,0,0,0,0
2016,304,0,0,0,0
2016,305,0.508,0,0,0
2016,306,0.508,5,0,1.47
2016,307,53.086,45,15.58,1.47
2016,308,0,6,18.55,25.235
2016,309,3.81,1,22.37,6.86
2016,310,4.064,4,8.1,0.245
2016,311,6.35,2,7.58,11.025
2016,312,4.572,9,23.15,16.905
2016,313,2.794,0,7.74,7.84
2016,314,0.254,0,0,0
2016,315,0,0,0,0
2016,316,0,0,0,0
2016,317,0,0,0,0
2016,318,0,0,0,0
2016,319,0,0,0,0
2016,320,0,0,0,0
2016,321,0,0,0,0
2016,322,0.762,2,0,0
2016,323,0,0,2.11,1.715
2016,324,0,0,0,0
2016,325,0,0,0,0
2016,326,2.286,8,0,0
2016,327,10.16,0,8.11,5.145
2016,328,0,6,0,0
2016,329,13.462,9,8.89,17.64
2016,330,1.27,2,8.17,11.025
2016,331,0.254,0,1.77,0.245
2016,332,0,0,0,0
2016,333,0,0,0,2.205
2016,334,0,0,0,0
2016,335,0,0,0,0
2016,336,0.508,24,0,0
2016,337,33.528,9,21.73,22.295
2016,338,1.27,3,12.27,12.005
2016,339,13.208,9,5.49,3.675
2016,340,0,0,9.96,11.515
2016,341,0,0,3.07,0
2016,342,0,0,0,0
2016,343,0,0,0,0
2016,344,0,0,0,0
2016,345,0,0,0,0
2016,346,0,0,0,0
2016,347,0,0,0,0
2016,348,0,0,0,0
2016,349,0,0,0,0
2016,350,0,0,0,0
2016,351,0,0,0,0
2016,352,0,0,0,0
2016,353,0,0,0,0
2016,354,0,0,0,0
2016,355,0,0,0,0
2016,356,0,0,0,0
2016,357,2.54,3,0,0.245
2016,358,4.318,0,2.08,1.47
2016,359,0,0,0,0.245
2016,360,0.508,4,0,0
2016,361,0,0,0,0.49
2016,362,0,0,0,0
2016,363,0,0,0,0
2016,364,0,0,0,0
2016,365,0,0,0,0
2017,1,0,10,11.8,0
2017,2,11.176,2,0,12.495
2017,3,0,0,0,3.92
2017,4,0,0,0,0
2017,5,0,0,0,0
2017,6,0,0,0,0
2017,7,0,0,0,0
2017,8,0,0,0,0
2017,9,0,0,0,0
2017,10,0,0,0,0
2017,11,0,0,0,0
2017,12,0,0,0,0
2017,13,0,0,0,0.49
2017,14,0,0,1.6,0
2017,15,10.16,24,16.91,0
2017,16,4.064,6,9.48,8.575
2017,17,23.114,42,54.09,7.84
2017,18,15.748,19,28.94,49.735
2017,19,0,0,0,18.13
2017,20,0.254,0,0,0
2017,21,1.778,2,0.07,0
2017,22,0,0,0,0
2017,23,0,0,0,0
2017,24,0,0,0,0
2017,25,0,0,0,0
2017,26,0,0,0,0
2017,27,0,0,0,0
2017,28,0,0,0,0
2017,29,0,0,0,0
2017,30,0,0,0,0
2017,31,0,0,0,0
2017,32,0,0,0,0
2017,33,0,0,0,0
2017,34,0,0,0,0
2017,35,0,0,0,0
2017,36,0,0,0,0.735
2017,37,0.508,0,0,0
2017,38,0,0,0,0
2017,39,0,0,0,0
2017,40,0,0,0,0
2017,41,0,0,0,0
2017,42,0,0,0,0
2017,43,0,0,0,0
2017,44,0,32,32.4,0
2017,45,19.05,8,8.84,23.275
2017,46,0,0,0,7.84
2017,47,0,0,0,0
2017,48,0,0,0,0
2017,49,0,0,0,0
2017,50,0,26,28.9,0
2017,51,27.94,4,5.27,26.215
2017,52,0,0,0,3.43
2017,53,0,0,0,0
2017,54,0,0,0,0
2017,55,0,0,0,0
2017,56,0,0,0,0
2017,57,0.762,1,0,0
2017,58,0,0,0,0.49
2017,59,0,0,0,0
2017,60,0,0,0,0
2017,61,0,0,0,0
2017,62,0,0,3.6,0
2017,63,8.89,12,12.95,0.49
2017,64,4.318,2,5.28,12.005
2017,65,0,0,0,5.145
2017,66,1.016,0,0,0
2017,67,0,0,0,0
2017,68,0,0,0,0
2017,69,0.254,0,0,0
2017,70,49.53,34,35.8,0.98
2017,71,0,1,0,11.515
2017,72,0.254,0,0.84,0.49
2017,73,0,0,0,0
2017,74,0,0,0,0
2017,75,0,0,0,0
2017,76,0,0,0,0
2017,77,0,0,0,0
2017,78,0,0,0,0
2017,79,0,0,0,0
2017,80,0,0,0,0
2017,81,0,0,0,0
2017,82,0,0,0,0
2017,83,8.128,8,9.69,0
2017,84,0,0,0,8.575
2017,85,0,0,0,0
2017,86,0,0,0,5.145
2017,87,0,22,20.36,0
2017,88,19.304,0,0,20.335
2017,89,0,0,0,0
2017,90,0,0,0,0
2017,91,0,6,14.85,0
2017,92,32.512,26,28.01,4.9
2017,93,0,0,0,24.745
2017,94,0,0,0,0
2017,95,0,0,0,0
2017,96,0,0,0,0
2017,97,0,0,0,0
2017,98,0,0,0,0
2017,99,0,0,0,0
2017,100,29.21,78,117.59,0
2017,101,19.304,15,38.45,67.13
2017,102,0.254,0,0,13.72
2017,103,0,0,0,0
2017,104,0,0,0,0
2017,105,0,0,0,0
2017,106,0,0,0,0
2017,107,10.668,18,16.85,0
2017,108,2.032,3,5.98,13.475
2017,109,0,0,0,9.065
2017,110,0,0,0,0
2017,111,0,1,0.58,0
2017,112,0.508,0,0,0.49
2017,113,0,0,0,0.245
2017,114,0,0,0,0
2017,115,0,0,1.5,0
2017,116,0,0,0,0
2017,117,0,0,0,0
2017,118,0,0,0,0
2017,119,1.778,10,3.35,0
2017,120,1.778,0,0,8.82
2017,121,0,0,0,0
2017,122,0,0,0,0
2017,123,3.048,5,0,0
2017,124,0,0,0,0.735
2017,125,0,0,0,0
2017,126,0,0,0,0
2017,127,0,0,0,0
2017,128,0,0,0,0
2017,129,0.508,0,0,0
2017,130,0,0,0,0
2017,131,4.572,9,18.4,0
2017,132,0,0,0,16.17
2017,133,0,0,0,0
2017,134,0,0,0,0
2017,135,0,0,0,0
2017,136,0,0,0.56,0
2017,137,3.302,4,0,0
2017,138,0,0,0,0.98
2017,139,0,15,25.69,0
2017,140,7.112,3,0,25.235
2017,141,21.844,25,24.47,4.9
2017,142,4.826,5,8.13,14.945
2017,143,8.382,1,2.3,1.225
2017,144,0.254,0,0,3.43
2017,145,0,0,0,0
2017,146,0,0,0,0
2017,147,0,0,0,0
2017,148,6.858,20,12.65,0
2017,149,0.254,0,0,52.185
2017,150,0,0,0,0
2017,151,0,0,0,0
2017,152,0,0,0,0
2017,153,0.254,6,21.05,0
2017,154,9.144,29,8.23,9.31
2017,155,0.254,0,3.05,7.595
2017,156,0,0,2.64,0.98
2017,157,0,0,0,0.245
2017,158,0,0,0,0
2017,159,0,0,0,0
2017,160,0.508,0,0,0
2017,161,0,0,0,0.49
2017,162,0,0,0,0
2017,163,0,0,0,0
2017,164,0,0,0,0
2017,165,0,0,0,0
2017,166,0,0,0,0
2017,167,0,0,0,0
2017,168,0,0,0,0
2017,169,0,0,0,0
2017,170,13.208,15,8.27,0
2017,171,0,0,0,5.39
2017,172,0,0,0,0
2017,173,0,0,0,0
2017,174,0,11,24.49,0
2017,175,11.938,4,3.66,17.64
2017,176,4.572,2,0.59,3.92
2017,177,2.032,2,0,2.695
2017,178,0,0,0,0.98
2017,179,0,0,0,0
2017,180,0,0,0,0
2017,181,0,0,0,0
2017,182,21.844,16,9.5,0
2017,183,0,0,0,2.695
2017,184,0,24,30.19,0
2017,185,26.67,2,3.26,13.72
2017,186,0,0,0,3.43
2017,187,0,0,0,0
2017,188,0,0,0,0
2017,189,0,0,0,0
2017,190,0,2,1.29,0
2017,191,0,0,0,4.9
2017,192,0,0,0,0
2017,193,0,0,0,0
2017,194,0,0,0,0
2017,195,0,0,0,0
2017,196,0,1,9.27,0
2017,197,0,0,0,0.735
2017,198,0,0,0,3.92
2017,199,0,0,0,2.695
2017,200,0,0,0,0
2017,201,0,0,0,0
2017,202,0,0,0,0
2017,203,0,0,0,0
2017,204,2.286,4,3.11,0
2017,205,0,1,0,2.695
2017,206,0,0,0,2.94
2017,207,0,0,0,0
2017,208,0,0,0,0
2017,209,0,0,0,0
2017,210,0,0,0,0
2017,211,0,0,0,0
2017,212,0,0,0,0
2017,213,0,5,13.91,0
2017,214,26.67,25,26.84,10.29
2017,215,10.668,4,0,20.09
2017,216,0,0,0,0.49
2017,217,0,0,0,0
2017,218,0.254,8,8.9,0
2017,219,11.43,2,4.42,11.515
2017,220,0,0,0,13.475
2017,221,0,0,0,0
2017,222,0,0,0,0
2017,223,0,0,0,0
2017,224,0,0,0,0
2017,225,0,2,0,0
2017,226,0,0,0,0
2017,227,0,0,0,0
2017,228,0,0,0,0
2017,229,0,1,0,0
2017,230,0,0,0,0.49
2017,231,0,0,0,0
2017,232,0,0,0,0
2017,233,0,0,0,0
2017,234,0,0,0,0
2017,235,0.508,1,0,0
2017,236,1.27,0,14.06,2.45
2017,237,0,0,10.69,2.94
2017,238,21.59,30,28.26,1.96
2017,239,19.558,16,17.03,33.81
2017,240,0,0,0,25.97
2017,241,0,0,0,0
2017,242,0,0,0,0
2017,243,0,0,0,0
2017,244,0,0,0,0
2017,245,0,0,0,0
2017,246,0,0,0,0
2017,247,0,0,0,0
2017,248,0,2,13.83,0
2017,249,0,0,0,0.49
2017,250,0,0,0,0
2017,251,0,0,0,0
2017,252,0,0,0,0
2017,253,0,0,0,0
2017,254,0,0,0,0
2017,255,0,0,0,0
2017,256,0,0,0,0
2017,257,0,0,0,0
2017,258,0,0,0,0
2017,259,0,0,0,0
2017,260,0,0,0,0
2017,261,0,0,0,0
2017,262,0,0,0,0
2017,263,0,0,0,0
2017,264,0,0,0,0
2017,265,0,0,0,0
2017,266,0,0,0,0
2017,267,0,0,0,0
2017,268,0,0,0,0
2017,269,0,0,0,0
2017,270,0,8,5.9,0
2017,271,9.906,20,16.6,1.47
2017,272,1.016,0,1.42,21.07
2017,273,0,0,0,0.245
2017,274,0,0,0,0
2017,275,0,0,0,0
2017,276,7.112,11,15.66,0
2017,277,0,0,0,26.215
2017,278,0,0,0,0
2017,279,0,0,0,0
2017,280,0,0,0,0
2017,281,0,0,0,0
2017,282,0,0,0,0
2017,283,0,0,0,0
2017,284,0,0,0,0
2017,285,0,0,0,0
2017,286,0,0,0,0
2017,287,0,0,0,0
2017,288,0,0,0,0
2017,289,0,0,0,0
2017,290,0,0,0,0
2017,291,0,0,0,0
2017,292,0,0,0,0
2017,293,0,0,0,0
2017,294,0,35,34.05,0
2017,295,31.75,2,0,23.03
2017,296,0,0,0,0.735
2017,297,0,0,0,0
2017,298,0,0,0,0
2017,299,0,0,0,0
2017,300,0,0,0,0
2017,301,0,0,0,0
2017,302,0,0,0,0
2017,303,0,0,0,0
2017,304,2.54,7,5.71,0
2017,305,5.842,0,0,11.27
2017,306,0,0,0,0
2017,307,0,0,0,0
2017,308,0,0,0,0
2017,309,0,0,0,0
2017,310,0,0,0,0
2017,311,0,0,0,0
2017,312,29.972,28,27.32,0
2017,313,0,0,0,10.535
2017,314,0,0,0,0
2017,315,0,0,0,0
2017,316,0,0,3.63,0
2017,317,0,0,0,0
2017,318,0,0,0,0
2017,319,0,0,0,0
2017,320,0,0,0,0
2017,321,0,0,0,0
2017,322,0,0,0,0
2017,323,0,0,0,0
2017,324,0,0,0,0
2017,325,0,0,0,0
2017,326,0,0,0,0
2017,327,0,0,0,0
2017,328,0,0,0,0
2017,329,0,0,0,0
2017,330,0,0,0,0
2017,331,0,0,0,0
2017,332,0,0,0,0
2017,333,0,0,0,0
2017,334,0,0,0,0
2017,335,0,0,0,0
2017,336,0,0,0,0
2017,337,1.27,1,0,0
2017,338,0.254,3,1.96,1.715
2017,339,6.604,7,5.05,4.9
2017,340,5.08,4,3.69,10.045
2017,341,0,0,0,4.9
2017,342,0,0,0,0
2017,343,0,0,0,0
2017,344,0,0,0,0
2017,345,0,0,0,0
2017,346,0,0,0,0
2017,347,0,0,0,0
2017,348,0,0,0,0
2017,349,0,0,0,0
2017,350,37.592,32,32.77,0
2017,351,0.254,1,12.36,36.015
2017,352,0.254,24,11.85,1.96
2017,353,25.908,29,25.35,34.3
2017,354,0.254,0,0,48.265
2017,355,0,0,0,0
2017,356,2.54,4,4.79,0.49
2017,357,0,0,0,0.735
2017,358,0,0,0,0
2017,359,0,0,0,0
2017,360,1.778,3,3.34,0.98
2017,361,0.254,0,0,1.715
2017,362,0,0,0,0
2017,363,0,0,0,0
2017,364,0,0,0.34,0.49
2017,365,0.254,0,0.67,0
2018,1,0,0,0,0
2018,2,0,0,0,0
2018,3,0,0,0,0
2018,4,0,0,0,0
2018,5,0,0,0,0
2018,6,0,0,0,0
2018,7,2.032,4,3.42,0
2018,8,0,0,0,3.43
2018,9,0,0,0,0
2018,10,0,0,0,0
2018,11,0,0,0,0
2018,12,0,0,0,0
2018,13,0,0,0,0
2018,14,0,0,0,0
2018,15,5.08,5,4.52,0
2018,16,0,0,0,3.92
2018,17,0,0,0,0
2018,18,0,0,0,0
2018,19,0,0,0,0
2018,20,0,0,0,0.49
2018,21,7.62,16,3.61,0
2018,22,0,0,0,8.33
2018,23,0,0,0,0
2018,24,0,0,0,0
2018,25,0,0,0,0
2018,26,0,0,0,0
2018,27,0,0,1.14,0
2018,28,0,0,0,0.98
2018,29,0,0,0,0
2018,30,0,0,0,0
2018,31,0,0,0,0
2018,32,0,0,0,0
2018,33,0,0,0,0
2018,34,0,0,0,0
2018,35,0,0,0,0
2018,36,0,1,0.8,0
2018,37,7.62,9,5.11,0.98
2018,38,0.254,0,0,4.41
2018,39,0,0,0,0
2018,40,0,0,0,0
2018,41,1.27,1,0,2.45
2018,42,0.762,2,1.97,1.47
2018,43,0,0,0.69,1.715
2018,44,1.778,1,1.16,0.49
2018,45,0.254,0,0,1.715
2018,46,0,0,0,0.49
2018,47,0,0,0,0
2018,48,0.254,0,0,0
2018,49,0,0,1.6,0.49
2018,50,0,0,0,0.49
2018,51,2.54,15,28.54,0
2018,52,19.812,18,16.52,14.945
2018,53,4.318,8,11.28,19.11
2018,54,3.302,2,2.8,9.31
2018,55,5.588,5,3.88,1.225
2018,56,0,0,0,11.27
2018,57,0.254,0,0,3.92
2018,58,1.778,1,1.27,0.49
2018,59,0,24,15.98,0
2018,60,26.67,0,0,12.005
2018,61,0,0,0,0
2018,62,0,0,0,0
2018,63,0,0,0,0.49
2018,64,0,2,0,0
2018,65,0,0,0,8.33
2018,66,0,0,0,0
2018,67,0,0,0,0
2018,68,0,0,0,0
2018,69,0,0,0,0
2018,70,0,0,0,0
2018,71,0,0,0,0
2018,72,0,0,0,0
2018,73,0,0,0,0
2018,74,0,0,0,0
2018,75,0,0,0,0
2018,76,20.828,28,7.84,0
2018,77,0,0,0,31.605
2018,78,0,0,0,0
2018,79,0,0,0,0
2018,80,0,0,0,0
2018,81,0,0,0,0
2018,82,0,0,0,0
2018,83,0,0,0,0
2018,84,0,0,0,0
2018,85,0,0,0,0
2018,86,2.794,64,59.07,0
2018,87,53.086,5,3.32,63.7
2018,88,0,0,0,11.025
2018,89,0,0,0,0
2018,90,0,0,0,0
2018,91,0,0,0,0
2018,92,0,0,0,0.245
2018,93,11.43,12,11.77,0
2018,94,0,0,0,13.475
2018,95,0,0,0,0
2018,96,18.796,10,3.69,0
2018,97,0,0,0,1.715
2018,98,0,0,0,0
2018,99,0,0,0,0
2018,100,0,0,0,0
2018,101,0,0,0,0
2018,102,0,0,0,0
2018,103,10.16,11,15.23,0
2018,104,0,0,0,10.535
2018,105,0,0,0,0
2018,106,0,0,0,0
2018,107,0,0,0,0
2018,108,0,0,0,0
2018,109,0,0,0,0
2018,110,0,0,0,0
2018,111,1.27,2,2.84,0
2018,112,0,0,0,0.735
2018,113,0,0,0,0
2018,114,0,0,0,0
2018,115,0,0,0,0
2018,116,0,0,0,0
2018,117,0,0,0,0
2018,118,0,0,0,0
2018,119,0,0,0,0
2018,120,0,0,0,0
2018,121,0,0,0,0
2018,122,0,0,0,0
2018,123,0.254,4,12.85,0
2018,124,18.288,18,41.94,3.92
2018,125,0.254,0,0,17.64
2018,126,0,0,0,0
2018,127,0,0,0,0
2018,128,0,0,0,0
2018,129,0,0,0,0
2018,130,0,0,0,0
2018,131,0,0,0,0
2018,132,0,0,0,0
2018,133,0,0,0,0
2018,134,0,0,0,0
2018,135,0,0,0,0
2018,136,0,0,0,0
2018,137,0,0,0,0
2018,138,0,0,0,0
2018,139,0,0,0,0
2018,140,11.938,8,26.63,0
2018,141,0.254,0,0,15.435
2018,142,0,0,0,0.98
2018,143,0,0,0,0
2018,144,0,0,0,0
2018,145,0,1,0,0
2018,146,0,0,0,0
2018,147,0,0,0,0
2018,148,0,0,0,0
2018,149,0,0,0,0
2018,150,0,0,0,0
2018,151,0,0,0,0
2018,152,0,0,0,0
2018,153,0,0,0,0
2018,154,0,0,0,0
2018,155,0,0,0,0
2018,156,0,1,0,0
2018,157,2.032,0,0,0
2018,158,0,0,0,0
2018,159,0,0,0,0
2018,160,0,0,0,0
2018,161,0,0,0,0
2018,162,0,0,0,0
2018,163,0,0,0,0
2018,164,0,0,0,0
2018,165,0,0,0,0
2018,166,0,0,0,0
2018,167,0,0,0,0
2018,168,0.762,3,0,0
2018,169,6.604,3,1.99,0.245
2018,170,6.35,5,4.64,0.49
2018,171,7.366,2,4.49,7.595
2018,172,0,0,0,2.45
2018,173,0,0,0,0
2018,174,0,0,0,0
2018,175,0,0,0,0
2018,176,25.4,11,0,0.49
2018,177,0,0,0,1.96
2018,178,0,0,0,0
2018,179,0,0,0,0
2018,180,0,0,0,0
2018,181,0,0,0,0
2018,182,0,0,0,0
2018,183,0,0,0,0
2018,184,0,1,0,0
2018,185,0,0,3.23,2.205
2018,186,0,0,0,7.105
2018,187,0.762,12,11.32,0
2018,188,0,6,0,13.965
2018,189,14.224,17,9.54,11.515
2018,190,1.778,0,0,9.555
2018,191,0,9,4.83,0.245
2018,192,0,0,0,0
2018,193,0,0,0,0
2018,194,0,0,0,0
2018,195,0,0,0,0
2018,196,0,0,0,0
2018,197,0,0,0,0
2018,198,0,0,0,0
2018,199,0,0,0,0
2018,200,0,0,0,0
2018,201,0,0,0,0
2018,202,0,0,0,0
2018,203,0,0,0,0
2018,204,0,0,0,0
2018,205,0,0,0,0
2018,206,0,0,0,0
2018,207,0,0,0,0
2018,208,0,0,0,0
2018,209,0,0,0,0
2018,210,0,0,0,0
2018,211,0,0,0,0
2018,212,1.016,1,0,0
2018,213,0,0,0,0
2018,214,0,0,0,0
2018,215,0,0,0,0
2018,216,0,0,0,0
2018,217,0,0,0,0
2018,218,0,0,0,0
2018,219,0,0,0,0
2018,220,0,0,0,0
2018,221,0,3,0,0
2018,222,72.644,80,17.9,0
2018,223,26.924,2,17.11,19.355
2018,224,23.368,26,16.67,55.37
2018,225,0,0,0,31.85
2018,226,0,0,0,0
2018,227,0,0,0,0
2018,228,0,0,0,0
2018,229,0,0,0,0
2018,230,0,0,0,0
2018,231,1.778,3,1.25,0
2018,232,0,0,0,0
2018,233,0,0,0,0
2018,234,0,0,0,0
2018,235,0,0,0,0
2018,236,0,0,0,0
2018,237,0,0,0,0
2018,238,0,0,0,0
2018,239,0,0,0,0
2018,240,0,0,0,0
2018,241,0,0,0,0
2018,242,0,0,0,0
2018,243,0,2,0,0
2018,244,0,0,0,0
2018,245,0,15,18.93,0
2018,246,5.08,4,6.6,2.695
2018,247,0,0,0,4.165
2018,248,3.556,6,0.72,0
2018,249,23.622,1,0,0
2018,250,0,3,21.4,0.49
2018,251,10.922,13,44.96,26.46
2018,252,0.762,1,0.85,0.98
2018,253,1.016,4,2.51,2.205
2018,254,17.526,9,13.59,4.165
2018,255,0,1,2.47,18.13
2018,256,0,0,0,22.05
2018,257,2.54,11,13.25,8.33
2018,258,0,0,0,12.74
2018,259,0,0,0,0
2018,260,0,0,0,0
2018,261,0,0,0,0
2018,262,0,0,0,0
2018,263,5.334,6,8.17,0
2018,264,2.54,14,11.21,9.065
2018,265,5.08,1,0,12.74
2018,266,0,1,2.95,2.94
2018,267,0,0,0,0.735
2018,268,0,0,0,0
2018,269,0,0,0,0
2018,270,0,0,0,0.49
2018,271,0,1,1.22,0
2018,272,5.334,8,17.09,1.225
2018,273,0.254,0,0,1.225
2018,274,8.128,5,6.95,0.245
2018,275,0.254,0,0,12.25
2018,276,0,0,0,0
2018,277,0,0,0,0
2018,278,0,0,15.76,0
2018,279,2.54,2,0.85,0
2018,280,6.35,7,10.37,6.125
2018,281,16.002,16,8.02,3.43
2018,282,27.432,20,36.98,4.41
2018,283,0,0,0,37.485
2018,284,0,0,0,0
2018,285,0,1,0,0
2018,286,36.068,42,26.46,0.245
2018,287,1.016,0,7.02,12.005
2018,288,58.42,73,72.06,0.735
2018,289,15.24,10,22.91,57.575
2018,290,11.43,3,1.6,4.41
2018,291,0,1,1.38,1.96
2018,292,20.828,27,29.46,1.47
2018,293,0,0,0,32.585
2018,294,0,0,0,0
2018,295,0,1,0,0
2018,296,0,2,0,1.47
2018,297,19.05,19,20.1,3.185
2018,298,0,0,0,14.21
2018,299,0,0,0,0
2018,300,0,0,0,0
2018,301,0,0,0,0
2018,302,0,0,0,0
2018,303,0,0,0,0
2018,304,42.164,42,36.61,1.47
2018,305,0.254,0,0,27.93
2018,306,0,0,0,0
2018,307,7.112,13,12.43,0
2018,308,0.508,0,0,12.985
2018,309,0,0,0,0
2018,310,0,0,0,0
2018,311,0,0,0,0
2018,312,2.286,4,10.22,0
2018,313,0.254,0,0,17.395
2018,314,0,0,0,0
2018,315,20.828,54,58.92,0
2018,316,35.052,1,0,19.6
2018,317,0,0,0,3.675
2018,318,0,0,0,0
2018,319,0,0,0,0
2018,320,0,0,0,0
2018,321,0,0,0,0
2018,322,0,0,0,0
2018,323,0,0,0,1.225
2018,324,0,0,0,0
2018,325,0,0,0,0
2018,326,0,0,0,0.49
2018,327,0,0,0,0
2018,328,0,0,0,0
2018,329,0,0,0,0
2018,330,0,0,0,0
2018,331,0,0,0,0
2018,332,0,0,0,0
2018,333,0,0,0,0
2018,334,1.778,1,0,0
2018,335,0,0,0,2.94
2018,336,0,0,0,0
2018,337,0,0,0,0
2018,338,0,0,0,0
2018,339,0,0,0,0
2018,340,12.192,18,16.55,0
2018,341,42.164,47,47.42,18.375
2018,342,4.064,1,5.31,60.025
2018,343,0,0,0,0.245
2018,344,0,0,0,0
2018,345,0,0,0,0
2018,346,0,0,0,0
2018,347,0.762,2,2.73,0
2018,348,3.302,0,0,3.43
2018,349,0,0,0,0
2018,350,0,0,0,0
2018,351,0,0,0,0
2018,352,0.508,5,7.53,0
2018,353,8.636,6,3.66,12.005
2018,354,0.254,0,0,2.695
2018,355,0,0,0,0
2018,356,0,0,0,0
2018,357,0,0,0,0
2018,358,0,0,0,0
2018,359,0,0,0,0
2018,360,48.514,64,50.95,0
2018,361,5.588,0,0,65.905
2018,362,0,0,0,0
2018,363,0,0,0,0
2018,364,7.366,17,17.6,0
2018,365,9.652,0,0,17.395
2019,1,0,13,16.59,0
2019,2,56.642,59,71.27,14.945
2019,3,5.334,2,7.53,62.72
2019,4,0,0,0,2.695
2019,5,0,0,0,0
2019,6,0,0,0,0
2019,7,0.254,0,0,0
2019,8,0,0,0,0
2019,9,0,0,0,0
2019,10,0,0,0,0
2019,11,10.922,9,7.35,0
2019,12,0.254,0,0,8.575
2019,13,0,0,0,0
2019,14,0,0,0,0
2019,15,0,0,0,0
2019,16,0.254,0,0,0
2019,17,0,0,0,0.49
2019,18,0.254,0,0,0
2019,19,0,0,0,0
2019,20,0,0,0,0
2019,21,0,0,0,0
2019,22,11.176,6,5.68,0
2019,23,0.254,0,0,9.8
2019,24,0,0,0,0
2019,25,0,0,0,0
2019,26,0.254,1,3.65,0.98
2019,27,0.254,0,0,0.98
2019,28,0,0,0,0
2019,29,0,0,0,0
2019,30,0,0,0,0
2019,31,0,0,0,0
2019,32,0.762,0,0,0
2019,33,2.54,0,0,0
2019,34,0,0,0,0.245
2019,35,0,0,0,0
2019,36,0,0,0,0
2019,37,0,3,6.5,0
2019,38,6.096,1,0,2.205
2019,39,0,10,0.9,1.225
2019,40,2.286,3,7.27,11.27
2019,41,4.064,2,2.88,2.695
2019,42,11.43,12,8.41,2.205
2019,43,0,0,0,5.145
2019,44,0,0,0,0
2019,45,0,0,0,0
2019,46,0,0,0,0
2019,47,0,0,0,0
2019,48,0,0,0,0
2019,49,0,0,4.67,0
2019,50,21.082,16,3.38,0
2019,51,0,0,0,10.78
2019,52,0,0,0,0
2019,53,1.778,1,0.96,0
2019,54,0,0,0,3.185
2019,55,0,0,0,0
2019,56,0,0,0,0
2019,57,0,0,0,0
2019,58,1.016,0,0,1.225
2019,59,0,4,0,0
2019,60,0,0,0,0
2019,61,1.016,2,0.99,0
2019,62,1.016,0,0,0.49
2019,63,0,0,0,0
2019,64,0,0,0,0
2019,65,0,0,0,0
2019,66,0,0,0,0
2019,67,0,0,0,0
2019,68,4.318,3,3.46,0
2019,69,0,0,0,3.185
2019,70,0.762,0,0,0
2019,71,0,22,20.55,0.245
2019,72,25.4,13,10.32,18.62
2019,73,0.508,0,0,16.66
2019,74,0,0,0,0
2019,75,0,0,0,0
2019,76,0,0,0,0
2019,77,0,0,0,0
2019,78,0,0,0,0
2019,79,0,0,0,0
2019,80,0,0,0,0
2019,81,0,1,1.18,0
2019,82,1.016,0,0,0.98
2019,83,0,0,0,0.49
2019,84,0,0,0,0
2019,85,0,0,0,0
2019,86,0,0,0,0
2019,87,0,0,0.42,0
2019,88,0.508,0,0,0
2019,89,0,0,0,0
2019,90,0,0,0,0
2019,91,0,0,0,0
2019,92,0,0,0,0
2019,93,0,1,2.6,0
2019,94,2.54,0,0,0.735
2019,95,0,0,25.69,0
2019,96,34.544,38,42.63,0
2019,97,23.368,20,33.78,46.06
2019,98,0,0,0,48.755
2019,99,0,0,0,0
2019,100,0,0,0,0
2019,101,0,0,0,0
2019,102,0,0,1.64,0
2019,103,16.256,16,0,0.49
2019,104,0,0,0,13.965
2019,105,0,0,0,0
2019,106,0,0,0,0
2019,107,1.524,22,17.92,0
2019,108,12.192,0,0,27.195
2019,109,0,0,0,0.245
2019,110,0,0,0,0
2019,111,0,0,0,0
2019,112,0,0,0,0
2019,113,0,11,26.16,0
2019,114,89.662,102,81.09,3.185
2019,115,0.254,0,0,60.76
2019,116,0,0,0,0
2019,117,0,0,0,0
2019,118,0,0,0,0
2019,119,0,0,0,0
2019,120,0.762,0,0,0
2019,121,0,17,19.1,0
2019,122,49.022,46,37.69,21.315
2019,123,18.288,13,4.01,35.28
2019,124,0,0,0,35.28
2019,125,0,0,0,0
2019,126,0,0,0,0
2019,127,0,12,11.25,0
2019,128,40.64,32,28.88,5.635
2019,129,0,0,0,32.34
2019,130,0,1,6.01,0
2019,131,6.35,9,18.83,0.735
2019,132,0.254,0,0,9.555
2019,133,0,0,0,0
2019,134,1.778,2,0,0
2019,135,0,0,0,2.695
2019,136,0,0,0,0
2019,137,0,0,0,0
2019,138,60.96,58,27.84,0
2019,139,0.254,0,0,26.215
2019,140,0,0,0,0
2019,141,2.54,5,6.28,0.245
2019,142,0,0,0,4.165
2019,143,0,0,0,0
2019,144,0,0,0,0
2019,145,0,0,0,0
2019,146,0,0,0,0
2019,147,0,0,0,0
2019,148,0,0,0,0
2019,149,25.4,25,16.71,0
2019,150,0.254,0,0,20.825
2019,151,8.128,19,24.79,0
2019,152,0,0,0,9.555
2019,153,0,0,0,0
2019,154,0,0,0,0
2019,155,0,2,4.22,0
2019,156,27.94,23,22.7,4.9
2019,157,2.286,0,0,17.15
2019,158,0,0,0,0
2019,159,0,0,0,0
2019,160,0,0,0,0
2019,161,0,0,0,0.49
2019,162,0,0,0,0
2019,163,0,0,0,0
2019,164,0,0,0,0
2019,165,0,0,0,0
2019,166,0,0,0,0
2019,167,18.796,32,30.86,0
2019,168,2.286,0,0,44.345
2019,169,0,0,0,0
2019,170,1.016,35,8.45,0
2019,171,23.368,0,0,9.8
2019,172,0,0,0,0
2019,173,0,0,0,0
2019,174,0,19,25.66,0
2019,175,24.638,0,2.42,29.4
2019,176,0,0,0,16.905
2019,177,0,0,0,0
2019,178,0,0,0,9.8
2019,179,0,0,0,0
2019,180,34.29,32,24.59,0
2019,181,0,0,0,14.7
2019,182,0,0,0,0
2019,183,5.588,5,0,0
2019,184,0,1,0,0.49
2019,185,0,0,0,0.98
2019,186,0,0,0,0.735
2019,187,0,0,0,0
2019,188,0,0,0,0
2019,189,0,0,0,0
2019,190,0,0,0,1.47
2019,191,0,0,0,0
2019,192,0,0,0,0
2019,193,0,0,0,0
2019,194,0,0,0,0
2019,195,0,0,0,0
2019,196,0,0,0,0
2019,197,0,0,0,0
2019,198,0,0,0,0
2019,199,0,0,0,0
2019,200,0,0,0,0
2019,201,0,0,0,0
2019,202,0,0,0,0
2019,203,8.382,1,0,0
2019,204,0,0,0,4.41
2019,205,0,0,0,0
2019,206,0,0,0,0
2019,207,0,0,0,0
2019,208,0,0,0,0
2019,209,0,0,0,0
2019,210,0,0,0,0
2019,211,0,2,0,0
2019,212,0.508,0,0,0.245
2019,213,0,0,0,0
2019,214,0,0,0,0
2019,215,0.508,6,2.93,0
2019,216,3.048,1,0,4.655
2019,217,0,0,0,0.49
2019,218,0,0,0,0
2019,219,0,0,0,0
2019,220,0,0,0,0
2019,221,0,0,0,0
2019,222,0,0,0,0
2019,223,0,0,0,0
2019,224,0,0,0,0
2019,225,0,0,0,0
2019,226,0,0,0,0
2019,227,0,0,0,0
2019,228,0,0,0,0
2019,229,0,0,0,0
2019,230,0,0,0,0
2019,231,0,0,0,0
2019,232,0,0,0,0
2019,233,0,0,0,0
2019,234,0,0,0,0
2019,235,0,0,0,0
2019,236,3.048,24,33.66,0
2019,237,0,0,0,0.49
2019,238,0,1,0,0
2019,239,0,0,0,1.225
2019,240,0,1,0.71,0
2019,241,0,0,0,0
2019,242,0,0,0,0
2019,243,0,0,0,0
2019,244,0,0,0,0
2019,245,0,0,0,0
2019,246,0,0,0,0
2019,247,0,0,0,0
2019,248,0,0,0,0
2019,249,0,0,0,0
2019,250,0,0,0,0
2019,251,0,0,0,0
2019,252,0,0,0,0
2019,253,1.27,4,2.92,0
2019,254,2.286,6,17.98,8.575
2019,255,0,0,0,20.09
2019,256,0,0,0,0
2019,257,0,0,0,0
2019,258,0,0,0,0
2019,259,0,0,0,0
2019,260,0,0,0,0
2019,261,0,0,0,0
2019,262,0,2,0,0.49
2019,263,1.524,0,0,0
2019,264,0,0,0,0
2019,265,0,0,0,0
2019,266,0,0,0,0
2019,267,0,0,0,0
2019,268,0,0,0,0
2019,269,0,0,0,0
2019,270,0,0,0,0
2019,271,0,0,0,0
2019,272,0,0,0,0
2019,273,0,0,0,0
2019,274,0,0,0,0
2019,275,0,0,0,0
2019,276,8.89,8,2.81,0
2019,277,0.254,0,0,7.105
2019,278,0.254,0,0,0
2019,279,0,0,0,0
2019,280,0,0,0,0
2019,281,0,0,0,0
2019,282,0,0,0,0
2019,283,0,38,58.56,0
2019,284,41.402,7,11.7,100.695
2019,285,0,1,0,5.145
2019,286,0.508,0,0,2.205
2019,287,0,1,0.7,0
2019,288,4.318,9,2.3,0
2019,289,0,0,0,1.96
2019,290,0,0,0,0
2019,291,0,0,0,0
2019,292,0,0,0,0
2019,293,0,8,7.44,0
2019,294,3.81,0,0,5.88
2019,295,0,0,0,0
2019,296,0,0,0,0
2019,297,18.288,31,32.99,0
2019,298,12.7,0,0,44.1
2019,299,0,0,0,0
2019,300,0,0,0,0
2019,301,0,1,2.83,0
2019,302,10.414,10,10.18,3.675
2019,303,4.064,6,7.37,11.27
2019,304,0,0,0,1.47
2019,305,0,0,0,0
2019,306,0,0,0,0
2019,307,0,0,0,0
2019,308,0,0,0,0
2019,309,0,0,0,0
2019,310,0,1,5.12,0
2019,311,8.89,8,4,0
2019,312,0,0,0,14.945
2019,313,0,0,0,0
2019,314,0,0,0,0
2019,315,1.778,2,2.11,0
2019,316,0,0,0,1.96
2019,317,0.508,2,3.22,0
2019,318,2.032,1,0,2.695
2019,319,0.254,0,0,4.655
2019,320,0,0,0,0
2019,321,0,0,0,0
2019,322,0,0,0,0
2019,323,0,0,0,0
2019,324,0,0,0,0
2019,325,3.048,2,1.6,0
2019,326,0.508,0,0,3.675
2019,327,0,0,0,0
2019,328,0,0,0,0
2019,329,0,0,0,0
2019,330,0,0,0,0
2019,331,0,0,1.22,0
2019,332,0.508,2,1.68,0
2019,333,3.048,3,2.17,0.98
2019,334,4.572,6,0,2.45
2019,335,0,0,0,0.49
2019,336,0,0,0,0
2019,337,0,0,0,0
2019,338,0,0,0,0
2019,339,0,0,0,0
2019,340,0,0,0,0
2019,341,0,0,0,0
2019,342,0,0,0,0
2019,343,0,14,10.23,0
2019,344,20.574,7,5.39,8.575
2019,345,0,0,0,6.37
2019,346,0,0,0,0
2019,347,0,0,0,0
2019,348,0,0,0,0
2019,349,0,0,0.35,0
2019,350,0.254,0,0,0
2019,351,0,0,0,0
2019,352,0,0,0,0
2019,353,0,0,0,0
2019,354,2.286,1,1.23,0
2019,355,0,0,0,2.205
2019,356,0.254,0,0,0
2019,357,0,0,0,0.98
2019,358,0,0,0,0
2019,359,0,0,0,0
2019,360,0,0,0,0
2019,361,0,1,0.67,0
2019,362,4.826,3,6.13,0.49
2019,363,0,5,0,4.655
2019,364,0.254,0,0,1.225
2019,365,0,0,0,0
2020,1,0,0,0,0
2020,2,1.27,0,1.41,0.735
2020,3,0.254,0,0,0.49
2020,4,0,0,0,0
2020,5,0,0,0,0
2020,6,0,0,0,0
2020,7,0,0,0,0
2020,8,0,0,0,0
2020,9,0,0,1.17,0
2020,10,22.86,22,23.13,0
2020,11,0.254,0,0,16.415
2020,12,0.254,0,0,0
2020,13,0,0,0,0
2020,14,0,0,0,0
2020,15,0.254,0,0.02,0
2020,16,0.508,4,3.41,0
2020,17,6.096,2,2.31,3.675
2020,18,0,0,0,1.715
2020,19,0,0,0,0
2020,20,0,0,0,0
2020,21,0.508,7,5.87,0.735
2020,22,22.86,15,12.38,7.595
2020,23,0.254,0,0.54,14.455
2020,24,0,0,0,0
2020,25,0,0,0,0
2020,26,0,0,0,0
2020,27,0,9,9.57,0
2020,28,8.128,0,0,5.635
2020,29,0,0,0,0
2020,30,0,0,0,0
2020,31,0,0,0,0
2020,32,0,0,0,0
2020,33,0,0,0,0
2020,34,0.508,1,1,0
2020,35,0,0,0,0.735
2020,36,0,3,3.02,0
2020,37,2.286,0,0,2.45
2020,38,0,0,0,0
2020,39,0,0,0,0
2020,40,2.032,8,4.52,0
2020,41,4.064,4,5.34,8.085
2020,42,16.51,84,67.1,2.94
2020,43,51.308,6,40.26,47.775
2020,44,0,0,0,4.9
2020,45,0,0,0,0
2020,46,0,0,0,0
2020,47,0,0,0,0
2020,48,0,0,0,0
2020,49,0.508,3,3.74,0.245
2020,50,23.114,54,48.41,2.205
2020,51,17.272,1,12.19,27.44
2020,52,0,0,0,0.735
2020,53,0,0,0,0
2020,54,0.508,0,0,0
2020,55,0.254,0,0,0.245
2020,56,0,0,0,0
2020,57,0,0,0,0
2020,58,0,0,0,0
2020,59,0,0,0,0
2020,60,0,0,0,0
2020,61,0,0,0,0
2020,62,0,22,0,0
2020,63,41.148,34,24.83,6.125
2020,64,0,0,35.26,32.34
2020,65,0,0,0,0
2020,66,0,0,0,0
2020,67,0,0,0,0
2020,68,2.54,2,0,0
2020,69,0.254,0,3.23,2.45
2020,70,0,0,0,0
2020,71,0,0,0,0
2020,72,0,0,0,0
2020,73,0,0,0,0
2020,74,4.826,8,0,0
2020,75,0.762,1,10.55,4.655
2020,76,4.064,8,3.29,0.735
2020,77,0,1,4.8,2.45
2020,78,1.27,10,2.04,0.735
2020,79,19.558,11,15.67,7.84
2020,80,28.702,26,17.8,18.13
2020,81,0.508,0,34.35,23.03
2020,82,0.508,0,0,0
2020,83,0,0,0,0
2020,84,0,0,0,0
2020,85,0,0,0,0
2020,86,0,0,0,0
2020,87,0.508,1,0,0.245
2020,88,0,1,0,1.96
2020,89,10.922,16,0,1.47
2020,90,0,0,21.17,12.25
2020,91,0,0,0,0
2020,92,14.224,20,0,0
2020,93,0.762,5,24.94,35.525
2020,94,2.54,4,4.68,6.86
2020,95,0,0,9.46,5.145
2020,96,0,0,0,0
2020,97,0,0,0,0
2020,98,0,0,0,0
2020,99,3.302,4,0,0
2020,100,0.254,0,11.6,0.49
2020,101,0,53,0,0
2020,102,65.278,8,64.01,35.28
2020,103,0,0,31.84,27.195
2020,104,0,0,0,0
2020,105,0,0,0,0
2020,106,0,0,0,0
2020,107,0,0,0,0
2020,108,0.762,0,0.55,0
2020,109,3.556,27,0,0
2020,110,0,0,7.7,0
2020,111,0,0,0,0
2020,112,8.636,3,0,0
2020,113,0,0,20.71,31.36
2020,114,0,0,0,0
2020,115,0,0,0,0
2020,116,0,0,0,0
2020,117,0,0,0,0
2020,118,0,23,0,0
2020,119,26.924,0,27.49,23.765
2020,120,0,0,0,0
2020,121,0,0,0,0
2020,122,0,0,0,0
2020,123,0,0,0,0
2020,124,0,1,0,0
2020,125,0.254,2,2.18,2.695
2020,126,0,0,0.82,0.49
2020,127,0,0,0,0
2020,128,0,0,0,0
2020,129,0,0,0,0
2020,130,0,0,0,0
2020,131,0,0,0,0
2020,132,13.716,12,0,0
2020,133,0,0,4.61,1.96
2020,134,0,0,0,0
2020,135,0,39,0,0
2020,136,58.928,31,49.6,24.255
2020,137,2.54,0,22.28,25.97
2020,138,0,0,0,0
2020,139,0,0,0,0
2020,140,0,0,0,0
2020,141,0,0,0,0
2020,142,0,0,0,0
2020,143,0,0,0,0
2020,144,27.432,45,0,0
2020,145,61.468,50,58.9,31.85
2020,146,0,0,36.51,30.625
2020,147,7.874,11,0,0
2020,148,0,0,13.83,27.195
2020,149,0,0,0,0
2020,150,0,0,0,0
2020,151,0,0,0,0
2020,152,0,0,0,0
2020,153,0,0,0,0
2020,154,0,0,0,0
2020,155,0,0,0,0
2020,156,0,0,0,0
2020,157,0,0,0,0
2020,158,0,0,0,0
2020,159,0,0,0,0
2020,160,0,0,0,0
2020,161,0,0,0,0
2020,162,0,0,0,0
2020,163,0,0,0,0
2020,164,0,0,0,0
2020,165,0,0,0,0
2020,166,0,0,0,0
2020,167,0,0,0,0
2020,168,0,0,0,0
2020,169,0,0,0,0
2020,170,0,22,0,0
2020,171,27.94,0,34.55,16.66
2020,172,0,7,0,0
2020,173,3.81,6,0,13.965
2020,174,45.212,14,7.1,8.575
2020,175,2.794,4,9.91,4.9
2020,176,0.254,0,9.3,10.535
2020,177,4.064,1,0,0
2020,178,0,0,3.97,3.675
2020,179,0,1,0,0
2020,180,0,0,0,1.96
2020,181,0,0,0,0
2020,182,0,0,0,0
2020,183,0,0,0,0
2020,184,0,0,0,0
2020,185,0,0,0,0
2020,186,0,1,0,0
2020,187,0.254,2,0,0.98
2020,188,32.512,31,13.24,0.735
2020,189,0.254,0,63.5,6.86
2020,190,0,0,0,0
2020,191,0,0,0,0
2020,192,0,0,0,0
2020,193,0,0,0,0
2020,194,0,0,0,0
2020,195,0,0,0,0
2020,196,0,0,0,0
2020,197,0,0,0,0
2020,198,0,0,0,0
2020,199,0,0,0,0
2020,200,6.096,1,0,0
2020,201,0,0,0,1.715
2020,202,0,0,0,0
2020,203,0,0,0,0
2020,204,0,0,0,0
2020,205,0,0,0,0
2020,206,0,0,0,0
2020,207,9.652,8,0,0.735
2020,208,0.254,0,5.95,12.25
2020,209,0,0,0,0
2020,210,0,0,0,0
2020,211,0,0,0,0
2020,212,0.254,0,0,0
2020,213,0,0,0,0.245
2020,214,0,0,0,0
2020,215,0,0,0,0
2020,216,0,0,0,0.245
2020,217,0,0,0,0
2020,218,0,0,0,0
2020,219,0,0,0,0
2020,220,0,0,0,0
2020,221,0,0,0,0
2020,222,0,0,0,0
2020,223,0,0,0,0
2020,224,0,0,0,0
2020,225,0,0,0,0
2020,226,0,0,0,0
2020,227,0,0,0,0
2020,228,0,9,0,0
2020,229,16.002,0,9.76,1.225
2020,230,0,0,0,0
2020,231,0,0,0,0
2020,232,0,0,0,0
2020,233,0,0,0,0
2020,234,0,0,0,0
2020,235,0,0,0,0
2020,236,0,0,0,0
2020,237,0,0,0,0
2020,238,0.508,2,0,0
2020,239,0,0,0,3.43
2020,240,0,0,0,0
2020,241,0,0,0,0
2020,242,0,0,0,0
2020,243,0,0,0,0
2020,244,55.88,163,0,0
2020,245,90.678,54,148.24,117.355
2020,246,74.422,64,29.87,35.28
2020,247,2.54,1,45.46,49.98
2020,248,0,1,20.4,47.04
2020,249,0,0,0,0
2020,250,0,0,0,0
2020,251,0.762,4,0,0
2020,252,3.556,8,11.47,10.045
2020,253,5.842,0,29.93,2.45
2020,254,0,0,0,4.9
2020,255,0,0,0,0
2020,256,0,0,0,0
2020,257,0,0,0,0
2020,258,0,0,0,0
2020,259,0,0,0,0
2020,260,0,4,0,0
2020,261,0,0,0,26.705
2020,262,0,0,0,0.98
2020,263,0,0,0,0
2020,264,15.494,20,0,0
2020,265,4.826,1,23.23,34.79
2020,266,0,0,3.91,3.185
2020,267,0,0,0,0
2020,268,0,0,0,0
2020,269,0,0,0,0
2020,270,0,0,0,0
2020,271,0,0,0,0
2020,272,0,0,0,0
2020,273,0,0,0,0
2020,274,0,0,0,0
2020,275,0,0,0,0
2020,276,0,0,0,0
2020,277,0,0,0,0
2020,278,0,0,0,0
2020,279,0,0,0,0
2020,280,0,0,0,0
2020,281,0,0,0,0
2020,282,0,0,0,0
2020,283,0,0,0,0
2020,284,0,0,0,0
2020,285,0,0,0,0
2020,286,0,0,0,0
2020,287,0,0,0,0
2020,288,0,0,0,0
2020,289,0,0,0,0
2020,290,0,0,0,0
2020,291,0,0,0,0
2020,292,0,0,0,0
2020,293,0,0,0,0
2020,294,0,0,0,0
2020,295,0,0,0,0
2020,296,19.05,27,0,0
2020,297,0,0,20.33,13.965
2020,298,0,3,0,0
2020,299,4.572,5,6.15,1.715
2020,300,1.016,6,6.55,2.205
2020,301,7.112,4,10.08,9.065
2020,302,0,0,6.57,1.715
2020,303,0,0,0,0
2020,304,0,0,0,0
2020,305,0,0,0,0
2020,306,0,0,0,0
2020,307,0,0,0,0
2020,308,0,0,0,0
2020,309,0,0,0,0
2020,310,0,0,0,0
2020,311,0,0,0,0
2020,312,0,0,0,0
2020,313,0,0,0,0
2020,314,0.254,0,0,0
2020,315,0,0,0,0
2020,316,0,0,0,0
2020,317,0,0,0,0
2020,318,0,0,0,0
2020,319,0,0,0,0
2020,320,0,0,0,0
2020,321,0,0,0,0
2020,322,0,0,0,0
2020,323,0,0,0,0
2020,324,0,0,0,0
2020,325,0,0,0,0
2020,326,0,0,0,0
2020,327,0,0,0,0.245
2020,328,16.51,15,0,0
2020,329,0,0,12.23,12.005
2020,330,0,0,0,0
2020,331,4.572,4,0,0.49
2020,332,4.826,10,16.7,9.8
2020,333,2.032,0,13.61,5.39
2020,334,0,0,0,0
2020,335,0,0,0,0
2020,336,0.508,0,0,0.245
2020,337,0,0,0,0
2020,338,0,0,0,0
2020,339,0.762,0,0,0
2020,340,0.254,0,0,0.245
2020,341,0,0,0,0
2020,342,0,0,0,0
2020,343,0,0,0,0
2020,344,0,0,0,0
2020,345,7.62,7,0,0
2020,346,0.254,0,12.69,12.985
2020,347,17.526,14,0,0
2020,348,0,0,12.86,9.8
2020,349,0.254,0,0,0
2020,350,0,0,0,0
2020,351,0,0,0,0
2020,352,0.254,11,0,0
2020,353,12.954,7,16.43,12.005
2020,354,0.254,0,6.14,7.35
2020,355,0,0,0,0
2020,356,0,0,0,0
2020,357,0,0,0,0
2020,358,0,0,0,0
2020,359,0,0,0,0
2020,360,0,0,0,0
2020,361,0,0,0,0
2020,362,1.016,1,0,0
2020,363,1.016,14,2.56,1.96
2020,364,10.16,54,13.62,18.865
2020,365,68.326,36,66.01,72.52
2021,1,0,0,0,24.745
2021,2,0,0,0,0
2021,3,0,0,0,0
2021,4,0,0,0,0
2021,5,0,0,0,0
2021,6,15.748,23,8.63,0.245
2021,7,0,0,0,9.31
2021,8,0,0,0,0
2021,9,0,1,0.28,0
2021,10,11.938,25,16.34,0.735
2021,11,8.89,1,0,14.945
2021,12,0,0,0,0
2021,13,0,0,0,0
2021,14,0,0,0,0
2021,15,0,0,0,0
2021,16,0,0,0,0
2021,17,0,0,0,0
2021,18,0,0,0,0
2021,19,8.382,16,12.2,0
2021,20,1.27,2,1.49,15.925
2021,21,1.524,5,2.62,1.47
2021,22,1.016,1,0.07,0.49
2021,23,1.27,3,0.99,0
2021,24,1.524,2,1.61,0.49
2021,25,3.556,6,5.46,1.47
2021,26,0,0,0,2.205
2021,27,0,0,0,0
2021,28,0,0,0,0
2021,29,0,0,0,0
2021,30,0,0,0,0
2021,31,0,0,0,0
2021,32,0,0,0,0
2021,33,0,0,0,0
2021,34,0,0,0,0
2021,35,0,0,0,0
2021,36,1.016,1,1.4,0
2021,37,0,0,0,0.49
2021,38,0,0,0,0
2021,39,0,0,0,0
2021,40,0,0,0,0
2021,41,1.016,2,2.79,0
2021,42,0.508,18,20.26,0.49
2021,43,0,0,0,18.13
2021,44,0,0,0,0
2021,45,0,4,3.76,0
2021,46,0,0,0,8.575
2021,47,9.906,5,4.64,0
2021,48,0.254,1,0,7.105
2021,49,0,0,0,6.125
2021,50,6.096,0,0,0
2021,51,0,0,0,0
2021,52,0,0,0,0
2021,53,0,0,0,0
2021,54,0,0,0,0
2021,55,0,0,0,0
2021,56,3.302,4,5.53,0
2021,57,1.778,0,0,2.94
2021,58,1.27,1,0.53,0.245
2021,59,0.762,4,2.66,1.225
2021,60,6.858,4,4.26,3.92
2021,61,0.762,0,0,3.92
2021,62,0,0,0,0
2021,63,0,0,0,0
2021,64,0,0,0,0
2021,65,0,0,0,0
2021,66,0,0,0,0
2021,67,0,0,0,0
2021,68,0,0,0,0
2021,69,0,0,0,0
2021,70,0,0,0.3,0
2021,71,0,0,0,0
2021,72,0,2,2.98,0
2021,73,3.81,0,0,1.225
2021,74,0.254,0,0,1.47
2021,75,0,5,6.7,0
2021,76,7.366,0,0,3.43
2021,77,0,0,0,0
2021,78,0,0,0,0
2021,79,0,0,0,0
2021,80,0,0,0,0
2021,81,12.446,14,11.25,0
2021,82,0.254,0,0,12.005
2021,83,0,6,6.61,0
2021,84,8.128,2,0.43,5.635
2021,85,0,0,0,0
2021,86,0,0,0,0
2021,87,0,0,0,0.245
2021,88,0,0,0,0
2021,89,0,0,0,0
2021,90,0,0,0,0
2021,91,0,0,0,0
2021,92,0,0,0,0
2021,93,0,0,0,0
2021,94,0,0,0,0
2021,95,0,0,0,0.245
2021,96,0,0,0,0
2021,97,0,0,0,0
2021,98,1.27,1,1.38,0.245
2021,99,0,0,0,18.62
2021,100,0,0,0,0
2021,101,0,0,0,0
2021,102,0,0,0,0
2021,103,0.254,0,0.34,0
2021,104,1.27,0,0,0
2021,105,11.43,9,13.09,0
2021,106,7.112,4,9.28,16.17
2021,107,0,0,2.03,3.43
2021,108,0.254,0,0,0.49
2021,109,0,0,0,0
2021,110,0,0,0,0
2021,111,0,0,0,0
2021,112,0,0,0,0
2021,113,2.286,7,11.18,0
2021,114,0.254,0,0,12.495
2021,115,0,0,0,0
2021,116,0,0,0,0
2021,117,0,0,0,0
2021,118,0,6,8.14,0
2021,119,45.466,43,29.96,2.695
2021,120,1.016,4,7.74,39.69
2021,121,8.636,13,16.26,3.185
2021,122,5.08,0,0,30.625
2021,123,0.254,0,0,0
2021,124,0,0,0,5.39
2021,125,0,0,0,0
2021,126,0,0,0,0
2021,127,0,0,0,0
2021,128,0,0,0,0
2021,129,0.254,1,0,0
2021,130,0,0,0,1.96
2021,131,8.636,8,13.97,0
2021,132,0.254,0,0,11.515
2021,133,0,0,0,0
2021,134,0,0,0,0
2021,135,0,1,1.82,0
2021,136,5.08,5,9.1,1.47
2021,137,11.684,16,17.11,7.35
2021,138,19.304,16,16.56,10.535
2021,139,0,0,1.86,16.905
2021,140,0,0,0,0
2021,141,0,0,0,0
2021,142,7.112,8,13.64,0
2021,143,8.128,7,9.78,20.58
2021,144,8.382,8,16.24,6.37
2021,145,5.842,6,10.28,12.005
2021,146,0,0,0,50.715
2021,147,0,1,0.57,0
2021,148,17.526,6,17.33,1.96
2021,149,0,0,0,38.22
2021,150,0,0,0,0
2021,151,19.812,31,60.06,0
2021,152,0.762,2,0,67.13
2021,153,6.35,2,0,0
2021,154,0,0,0,1.47
2021,155,0.254,1,0,0.98
2021,156,23.368,23,11.64,3.43
2021,157,0,1,0,0
2021,158,61.214,71,53.64,0.49
2021,159,13.97,25,22.04,39.69
2021,160,0,0,0,6.615
2021,161,0,0,0,0
2021,162,0,0,0,0
2021,163,0,0,0,0
2021,164,0,0,0,0
2021,165,0,0,0,0
2021,166,0,0,0,0
2021,167,0,0,0,0
2021,168,0,0,0,0
2021,169,0,0,0,0
2021,170,0,0,0,0
2021,171,0,0,0,0
2021,172,5.08,10,7.81,0
2021,173,0,0,0,37.73
2021,174,0,0,0,0
2021,175,0,0,0,0
2021,176,0,0,0,0
2021,177,0,0,0,0
2021,178,1.524,11,4.2,0.735
2021,179,0,18,16.6,2.45
2021,180,1.778,7,3.95,2.45
2021,181,0,0,0,0.49
2021,182,0,0,0,0
2021,183,7.112,6,2.29,0
2021,184,22.352,16,19.19,17.64
2021,185,3.302,8,8.52,25.235
2021,186,13.97,15,19.9,4.165
2021,187,0.762,0,0,16.66
2021,188,0,0,0,2.205
2021,189,0,3,1.16,0.49
2021,190,1.778,2,4.31,0
2021,191,8.382,2,5.42,4.41
2021,192,5.842,6,18.24,0.98
2021,193,18.288,14,24.79,15.435
2021,194,0,0,0,70.805
2021,195,0.508,1,0.63,5.39
2021,196,0,0,0,0.735
2021,197,0,0,0,0
2021,198,0,0,0,0
2021,199,0,0,0,0
2021,200,9.652,10,11.75,0
2021,201,0,0,0,1.47
2021,202,0,0,0,0
2021,203,0,0,0,3.185
2021,204,0,0,0,0
2021,205,0,0,0,0
2021,206,0,0,0,0
2021,207,0,0,0,0
2021,208,0,0,0,0
2021,209,0,3,0,0
2021,210,0,0,0,0
2021,211,2.54,3,0,0
2021,212,0,0,0,0
2021,213,15.748,21,14.56,0
2021,214,25.4,48,33.81,0.98
2021,215,0,0,0,9.065
2021,216,0,0,0,0
2021,217,0,0,0,0
2021,218,0,0,0,0
2021,219,0,0,0,0
2021,220,0,0,0,0
2021,221,0,0,0,0
2021,222,0,0,0,0
2021,223,0,0,0,0.735
2021,224,0,0,0,0
2021,225,0,0,0,0
2021,226,1.016,2,0,0
2021,227,2.54,4,12.16,0.49
2021,228,0,0,0,6.125
2021,229,36.068,32,26.84,0
2021,230,25.4,21,17.32,23.52
2021,231,0,0,0,11.515
2021,232,0,0,0,0
2021,233,0,0,0,0
2021,234,0,0,0,0
2021,235,0,0,0,0
2021,236,0,0,0,0
2021,237,0,0,0,0
2021,238,0,0,0,0
2021,239,0,0,0,0
2021,240,0,0,0,0
2021,241,3.556,4,0,0
2021,242,0,0,0,0
2021,243,0,0,0,0
2021,244,0,0,0,0
2021,245,0,0,0,0
2021,246,0,0,0,0
2021,247,0,0,0,0
2021,248,0,0,0.16,0
2021,249,0,0,0,0
2021,250,0,0,0,0
2021,251,0,0,0,0
2021,252,0,0,0,0
2021,253,0,0,0,0
2021,254,0,0,0,0
2021,255,0,0,0,0
2021,256,0,0,0,0
2021,257,0,0,0,0
2021,258,0,0,0,0
2021,259,0,0,0,0
2021,260,0,0,0,0
2021,261,0,0,0,0
2021,262,0,0,0,0
2021,263,0,0,0,0
2021,264,0,0,0,0
2021,265,0,0,0,0
2021,266,0,0,0,0
2021,267,0,0,0,0
2021,268,0,0,0,0
2021,269,0,0,0,0
2021,270,0,0,0,0
2021,271,6.858,9,11.28,0
2021,272,0.762,0,0,9.555
2021,273,1.778,4,12.5,0
2021,274,10.16,5,0,4.655
2021,275,0,0,0,0.49
2021,276,0,0,0,0
2021,277,0,0,0,0
2021,278,0,0,0,0
2021,279,0,0,0,0
2021,280,0,0,0,0
2021,281,0,0,0,0
2021,282,0,0,0,0
2021,283,0,10,8.36,0
2021,284,0,0,3.01,6.37
2021,285,11.176,2,2.76,2.94
2021,286,31.242,55,61.42,2.695
2021,287,16.51,0,0,56.105
2021,288,0.254,0,0,0
2021,289,0,0,0,0
2021,290,0,0,0,0
2021,291,0,0,0,0
2021,292,0,0,0,0
2021,293,0,0,0,0
2021,294,0,0,0,0
2021,295,0,0,0,0
2021,296,0,0,0,0
2021,297,0,0,0,0
2021,298,0,0,0,0
2021,299,0,23,23.97,0
2021,300,29.21,2,2.57,20.09
2021,301,0,0,0,3.43
2021,302,0,0,0,0
2021,303,0,0,0,0
2021,304,0,0,0,0
2021,305,0,0,0,0
2021,306,0,1,12.98,0
2021,307,15.748,20,16.62,14.21
2021,308,0,0,0,19.845
2021,309,0,0,0,0
2021,310,0,0,0,0
2021,311,0,0,0,0
2021,312,0,0,0,0
2021,313,0,0,0,0
2021,314,0,1,0,0
2021,315,0,0,0,0
2021,316,0,0,0,0
2021,317,0,0,0,0
2021,318,0,0,0,0
2021,319,0,0,0,0
2021,320,0,0,0,0
2021,321,0,0,0,0
2021,322,0,0,0,0
2021,323,0,0,0,0
2021,324,0,0,0,0
2021,325,0,0,0,0
2021,326,0,0,0,0
2021,327,0,0,0,0
2021,328,9.144,15,9.52,0
2021,329,0.508,0,0,9.31
2021,330,0,0,0,0.245
2021,331,11.176,12,14.21,0
2021,332,0,0,0,11.515
2021,333,0,0,0,0
2021,334,0,0,0,0
2021,335,0,0,0,0
2021,336,0.254,0,0,0
2021,337,0.254,0,0,0
2021,338,0,0,0,0
2021,339,0,3,1.98,0
2021,340,1.27,0,0,6.37
2021,341,0,0,0,0.49
2021,342,0,0,0,0
2021,343,0,0,0,0
2021,344,0,0,0,0
2021,345,0,0,0,0
2021,346,0,0,0,0
2021,347,5.08,2,3.59,0
2021,348,2.032,2,2.34,3.43
2021,349,0,0,0,3.43
2021,350,0.254,0,0,0
2021,351,0,23,26.79,0
2021,352,32.004,5,8.65,40.425
2021,353,0,2,0,10.535
2021,354,3.048,0,0,0.49
2021,355,0,0,0,0
2021,356,0,0,0,0
2021,357,0,0,0,0
2021,358,0,0,0,0
2021,359,0,0,0,0
2021,360,0,0,0,0
2021,361,0,0,0,0
2021,362,0,0,0,0
2021,363,0.254,0,0,0
2021,364,0,0,0,0
2021,365,0,0,0,0
2022,1,0,0,0,0
2022,2,0,0,0,0
2022,3,0,0,0,0
2022,4,0,0,0,0
2022,5,0,0,0,0
2022,6,0,0,0,0
2022,7,0,0,1.93,0
2022,8,2.54,1,1.76,0.735
2022,9,0,0,0,2.205
2022,10,0,0,0,0
2022,11,2.54,1,2.49,0
2022,12,0,0,0,1.96
2022,13,0,0,0,0
2022,14,0,0,0,0
2022,15,0,0,0,0
2022,16,0,0,0,0
2022,17,0,0,0,0
2022,18,0,0,0,0
2022,19,0,0,0,0
2022,20,0,0,0,0
2022,21,0,0,0,0
2022,22,0,0,0,0
2022,23,0,0,0,0
2022,24,10.668,7,10.79,0
2022,25,0,0,0,12.25
2022,26,0,0,0,0
2022,27,0,0,0,0
2022,28,0,0,0,0
2022,29,0,0,0,0
2022,30,0,0,0,0
2022,31,7.112,4,8.69,0
2022,32,0.254,0,0,13.72
2022,33,36.83,53,46.57,0
2022,34,9.906,4,6.18,59.045
2022,35,2.794,0,0,2.94
2022,36,3.048,0,0,0
2022,37,0,0,0,0
2022,38,0,0,0,6.86
2022,39,0,0,0,0
2022,40,0,0,0,0
2022,41,0,0,0,0
2022,42,0,0,0,0
2022,43,0,1,0,0
2022,44,0.254,0,0,0.245
2022,45,0,0,0,0
2022,46,0,0,0,0
2022,47,0.254,4,4.01,0
2022,48,3.81,0,0,1.96
2022,49,0,0,0,0
2022,50,0,0,0,0
2022,51,0,0,0,0
2022,52,0,0,0,0
2022,53,0,0,0,0
2022,54,0,0,0,0
2022,55,0,0,0,0
2022,56,1.524,0,0,0.245
2022,57,3.556,3,0,0
2022,58,0,0,0,5.145
2022,59,0,0,0,0
2022,60,0,0,0,0
2022,61,0,0,0,0
2022,62,0,0,0,0
2022,63,0,0,0,0
2022,64,0,0,0,0
2022,65,0,1,1.35,0
2022,66,0,0,0,0.245
2022,67,2.54,1,0,0.245
2022,68,0.254,0,0,0.735
2022,69,0,0,0,0
2022,70,0,0,0.2,0
2022,71,0,0,0,0
2022,72,0,0,0,0
2022,73,9.652,1,2.05,0
2022,74,0,0,0,8.575
2022,75,0,0,0,0
2022,76,0,0,0,0
2022,77,0,0,0,0
2022,78,0,0,0,0
2022,79,0,0,2.11,0
2022,80,17.018,16,25.03,0.245
2022,81,2.794,0,0,53.41
2022,82,0,0,0,0
2022,83,0,0,0,0
2022,84,0,0,0,0
2022,85,0,0,0,0
2022,86,0,0,0,0
2022,87,0,0,0,0
2022,88,0,16,14.68,0
2022,89,14.224,1,0,9.065
2022,90,0,0,0,0.49
2022,91,0,0,0,0
2022,92,0,0,0,0
2022,93,0,0,0,0
2022,94,0,0,0,0
2022,95,0,0,0,0.49
2022,96,0,0,0,0
2022,97,0,0,0,0
2022,98,0,0,0,0
2022,99,0,0,0,0
2022,100,0,0,0,0
2022,101,0,0,0,0
2022,102,14.224,28,20.36,0
2022,103,0,0,0,5.145
2022,104,0,0,0,0
2022,105,0,0,0,0
2022,106,0,0,0,0
2022,107,0,0,0,0
2022,108,0,0,0,0
2022,109,0,0,0,0
2022,110,0,0,0,0.49
2022,111,0,0,0,0
2022,112,0,0,0,0
2022,113,0,0,0,0
2022,114,0,13,22.06,0
2022,115,20.32,15,18.6,32.34
2022,116,0,0,0,41.65
2022,117,0,0,0,0
2022,118,0,0,0,0
2022,119,0,0,0,0
2022,120,0.254,0,0,0
2022,121,0,0,0,0.735
2022,122,0,2,1.44,0.245
2022,123,1.27,0,0,0
2022,124,0,1,0,0
2022,125,19.05,18,19.01,0.98
2022,126,0,0,0,3.43
2022,127,0,0,0,0
2022,128,0,0,0,0
2022,129,0,0,0,0
2022,130,0,0,0,0
2022,131,0,0,0,0
2022,132,0,0,0,0
2022,133,0,0,0,0
2022,134,0,0,0,0
2022,135,0,1,1.57,0
2022,136,0,0,0,0.245
2022,137,0,0,0,0
2022,138,0,0,0,0
2022,139,0,0,0,0
2022,140,0,0,0,0
2022,141,27.432,35,37.74,0
2022,142,0,0,0,35.035
2022,143,0,0,0,0
2022,144,18.034,26,34.82,0
2022,145,9.652,0,0,58.31
2022,146,0,0,0,0
2022,147,0,0,0,0
2022,148,0,0,0,0
2022,149,0,0,0,0
2022,150,0,0,0,0
2022,151,0,0,0,0
2022,152,0.508,6,6.52,0
2022,153,3.302,1,1.08,11.27
2022,154,1.016,17,12.6,5.635
2022,155,0.254,0,0,2.695
2022,156,0,0,0,0.245
2022,157,0,0,0,0
2022,158,0,0,0,0
2022,159,0,0,0,0
2022,160,0,0,0,0
2022,161,0,0,0,0
2022,162,0,0,0,0
2022,163,0,0,0,0
2022,164,0,0,0,0
2022,165,0,0,0,0
2022,166,0,0,0,0
2022,167,0,0,0,0
2022,168,0,0,0,0
2022,169,0,0,0,0
2022,170,0,0,0,0
2022,171,0,0,0,0
2022,172,0,0,0,0
2022,173,0,0,0,0
2022,174,0,0,0,0
2022,175,0,0,0,0
2022,176,0,0,0,0
2022,177,0,0,0,0
2022,178,0,3,5.82,0.245
2022,179,0,0,0,25.725
2022,180,0,0,0,0
2022,181,0,0,0,0
2022,182,0,0,0,0
2022,183,0,0,0,0
2022,184,0,0,0,0
2022,185,0,0,0,0
2022,186,0,0,0,0
2022,187,0,0,0,0
2022,188,0,0,0,0
2022,189,0,0,0,0
2022,190,0,0,0,0
2022,191,0,0,0,0
2022,192,0,0,0,0
2022,193,0,0,0,0
2022,194,0,1,0,0
2022,195,0.508,0,0,0
2022,196,0,0,0,2.94
2022,197,0,0,0,0
2022,198,0,0,0,0
2022,199,0,0,0,0
2022,200,0,0,0,0
2022,201,0,0,0,0
2022,202,0,0,0,0
2022,203,0,0,0,0
2022,204,0,0,0,0
2022,205,0,0,0,0
2022,206,0,0,0,0
2022,207,0,0,0,0
2022,208,0,0,0,0
2022,209,0,0,0,0
2022,210,0,0,0,0
2022,211,0,0,0,0
2022,212,0,0,0,0
2022,213,0,0,0,0
2022,214,0,0,0,0
2022,215,0,0,0,0
2022,216,0,0,0,0
2022,217,0,0,0,0
2022,218,0,0,0,0
2022,219,0,0,0,1.225
2022,220,0,0,0,0
2022,221,0,0,0,0
2022,222,6.096,4,0,0
2022,223,0,0,0,1.96
2022,224,0,0,0,0
2022,225,0,0,0,0
2022,226,0,0,0,0
2022,227,0,0,0,0
2022,228,0,0,0,0
2022,229,6.604,20,22.05,0
2022,230,19.812,4,6.36,4.165
2022,231,0,0,0,13.72
2022,232,0,0,0,0.735
2022,233,0,2,2.46,0.245
2022,234,23.876,31,29.82,1.47
2022,235,0,0,0,13.72
2022,236,0,0,0,0
2022,237,0,0,0,0
2022,238,0,0,0,0
2022,239,0,0,0,0
2022,240,0,0,0,0
2022,241,0,5,0,0
2022,242,13.462,22,20.17,12.005
2022,243,0.254,0,0,58.31
2022,244,17.78,3,1.87,0
2022,245,0,1,3.05,2.45
2022,246,13.716,19,9.4,0
2022,247,40.64,38,16.51,5.635
2022,248,0,3,2.07,5.88
2022,249,0.254,0,0,0.245
2022,250,2.794,3,0.65,0
2022,251,0,0,0,1.225
2022,252,0,0,0,0
2022,253,0,0,0,0
2022,254,0,0,0,0
2022,255,0,0,0,0
2022,256,0,0,0,0
2022,257,0,0,0,0
2022,258,0,0,0,0
2022,259,0,0,0,0
2022,260,0,0,0,0
2022,261,0,0,0,0
2022,262,0,0,0,0
2022,263,0,0,0,0
2022,264,0,0,0,0
2022,265,0,0,0,0
2022,266,0,0,0,0
2022,267,0,0,0,0
2022,268,0,0,0,0
2022,269,0,0,0,0
2022,270,0,0,0,0
2022,271,0,0,0,0
2022,272,0,0,0,0
2022,273,0,0,0,0
2022,274,0,0,0,0
2022,275,0,0,0,0
2022,276,0,0,0,0
2022,277,0,0,0,0
2022,278,0,0,0,0
2022,279,0,0,0,0
2022,280,0,0,0,0
2022,281,0,0,0,0
2022,282,0,0,0,0
2022,283,0,0,0,0
2022,284,0,0,0,0
2022,285,0,0,0,0
2022,286,0,0,0,0
2022,287,0,0,0,0
2022,288,0,0,0,0
2022,289,6.604,48,39.8,0
2022,290,3.556,0,0,2.45
2022,291,0,0,0,0
2022,292,0,0,0,0
2022,293,0,0,0,0
2022,294,0,0,0,0
2022,295,0,0,0,0
2022,296,0,0,0,0
2022,297,15.24,19,20.49,0
2022,298,0,0,0,15.68
2022,299,0,0,0,0
2022,300,0,2,5.97,0
2022,301,27.432,28,32.89,3.43
2022,302,0,1,1.61,24.255
2022,303,0,0,0,0
2022,304,0,0,0,0
2022,305,0,0,0,0
2022,306,0,0,0,0
2022,307,0,0,0,0
2022,308,10.16,16,16.43,0
2022,309,0,0,0,17.64
2022,310,0,0,0,0
2022,311,39.37,32,23.42,0
2022,312,0.254,0,0,50.715
2022,313,0,0,0,0
2022,314,0,0,0,0
2022,315,19.558,26,24.11,9.31
2022,316,0,0,0,26.46
2022,317,0,0,0,0
2022,318,9.906,11,10.67,0
2022,319,0,0,0,5.145
2022,320,0,0,0,0
2022,321,0,0,0,0
2022,322,0,1,0,0
2022,323,0.508,0,0,0.245
2022,324,0.762,1,2.98,0.98
2022,325,3.302,2,2.28,1.47
2022,326,0,0,0.39,2.94
2022,327,2.794,8,12.29,0
2022,328,9.144,24,41.05,5.39
2022,329,0.762,41,39.17,21.805
2022,330,70.612,0,3.13,26.46
2022,331,0,0,0,0
2022,332,0,0,0,16.17
2022,333,0,0,0,0
2022,334,0,0,0,0
2022,335,0,2,1.54,0
2022,336,1.778,1,0.68,0.98
2022,337,0,0,0,0
2022,338,0.762,1,0.83,0
2022,339,0,0,0,0
2022,340,0,0,0,0
2022,341,0,0,0,0
2022,342,0,0,0,0
2022,343,0,0,0,0
2022,344,0.254,6,5.52,0
2022,345,8.382,0,0,1.715
2022,346,0,0,0,0
2022,347,0,3,1.52,0
2022,348,2.032,0,0,0.49
2022,349,0,0,0,0
2022,350,0,1,1.35,0
2022,351,0,0,0,0.49
2022,352,0,2,3.47,0
2022,353,0,4,4.74,1.47
2022,354,9.144,0,0,11.76
2022,355,0,0,0,0
2022,356,0,0,0,0
2022,357,0,0,0,0
2022,358,0,0,0,0
2022,359,0,0,0,0
2022,360,0,0,0,0
2022,361,0,0,0,0
2022,362,0,0,0,0
2022,363,15.748,11,9.92,0
2022,364,0,0,0,22.54
2022,365,0,0,0,0.49
2023,1,0,0,0,0
2023,2,0,1,1.05,0
2023,3,0,0,0,2.205
2023,4,0,0,0,0
2023,5,0,0,0,0
2023,6,15.748,0,0,0
2023,7,0,0,0,0
2023,8,0,0,0,0.49
2023,9,0,0,0,0
2023,10,11.938,0,0,0
2023,11,8.89,0,0,0
2023,12,0,0,0,0
2023,13,0,0,0,0
2023,14,0,0,0,0
2023,15,0,0,0,0
2023,16,0,0,0,0
2023,17,0,0,0,0
2023,18,0,0,0,0
2023,19,8.382,0,0,0
2023,20,1.27,0,0,0
2023,21,1.524,0,0,0
2023,22,1.016,0,0,0
2023,23,1.27,2,7.74,0
2023,24,1.524,32,27.74,2.45
2023,25,3.556,0,0,25.97
2023,26,0,0,0,0
2023,27,0,2,2.25,0
2023,28,0,2,2.57,0.98
2023,29,0,5,6.49,3.43
2023,30,0,1,1.45,6.86
2023,31,0,6,4.85,0.98
2023,32,0,22,18.15,12.495
2023,33,0,10,9.69,22.05
2023,34,0,0,0,5.635
2023,35,0,0,0,0
2023,36,1.016,0,0,0
2023,37,0,0,1.65,0
2023,38,0,15,19.17,0
2023,39,0,2,0.39,9.31
2023,40,0,0,0,2.695
2023,41,1.016,0,0,0
2023,42,0.508,0,0,0
2023,43,0,0,0,0
2023,44,0,1,1.55,0
2023,45,0,3,2.99,0.735
2023,46,0,3,1.77,0.735
2023,47,9.906,0,0,0.98
2023,48,0.254,0,0,0
2023,49,0,0,0,0
2023,50,6.096,0,0,0
2023,51,0,0,0,0
2023,52,0,0,0,0
2023,53,0,0,8.09,0.245
2023,54,0,0,0,1.96
2023,55,0,0,0,0
2023,56,3.302,0,0,1.96
2023,57,1.778,0,0,0
2023,58,1.27,0,0,0
2023,59,0.762,0,0,0
2023,60,6.858,0,1.82,0
2023,61,0.762,25,24.13,4.9
2023,62,0,0,0,26.95
2023,63,0,0,0,0
2023,64,0,0,0,0
2023,65,0,0,0,0
2023,66,0,0,0,0
2023,67,0,0,0,0
2023,68,0,26,20.8,0
2023,69,0,0,0,4.41
2023,70,0,0,0,0
2023,71,0,0,0,0
2023,72,0,0,0,0
2023,73,3.81,0,0,0
2023,74,0.254,0,0,3.92
2023,75,0,8,6.49,0.245
2023,76,7.366,0,0,8.085
2023,77,0,0,0,0.49
2023,78,0,0,0,0
2023,79,0,0,0,0
2023,80,0,4,3.76,0
2023,81,12.446,0,0,2.695
2023,82,0.254,0,0,0
2023,83,0,2,2.94,0.49
2023,84,8.128,0,0,0.245
2023,85,0,0,0,0
2023,86,0,0,0,0
2023,87,0,4,3.25,0
2023,88,0,0,0,3.185
2023,89,0,0,0,0
2023,90,0,0,0,0
2023,91,0,0,0,8.085
2023,92,0,0,17.06,0
2023,93,0,0,0,6.86
2023,94,0,2,6.67,0
2023,95,0,17,13.36,1.715
2023,96,0,17,16.73,18.375
2023,97,0,1,3.6,26.95
2023,98,1.27,0,0,7.84
2023,99,0,0,0,0
2023,100,0,0,0,0
2023,101,0,0,0,0
2023,102,0,0,0,0
2023,103,0.254,0,0,0
2023,104,1.27,0,0,0
2023,105,11.43,0,0,0
2023,106,7.112,0,0,0
2023,107,0,0,0,0
2023,108,0.254,0,0,0
2023,109,0,0,0,0
2023,110,0,11,17.36,0
2023,111,0,0,0,50.47
2023,112,0,8,4.12,0
2023,113,2.286,10,8.5,2.45
2023,114,0.254,0,0,11.27
2023,115,0,1,1.86,0
2023,116,0,54,40.25,0
2023,117,0,0,0,23.275
2023,118,0,2,3.41,0
2023,119,45.466,0,0,0.735
2023,120,1.016,0,0,0
2023,121,8.636,0,0,0
2023,122,5.08,0,0,0
2023,123,0.254,0,0,0
2023,124,0,32,25.74,0
2023,125,0,1,1.33,13.965
2023,126,0,0,0,4.41
2023,127,0,0,0,0
2023,128,0,0,0,0
2023,129,0.254,40,36.58,0
2023,130,0,8,15.25,22.05
2023,131,8.636,0,0,13.23
2023,132,0.254,18,21.66,0
2023,133,0,1,3.1,24.745
2023,134,0,9,11.71,3.92
2023,135,0,7,11.81,8.82
2023,136,5.08,0,0,12.005
2023,137,11.684,0,0,0
2023,138,19.304,0,0,0
2023,139,0,4,6.1,0
2023,140,0,0,0,5.39
2023,141,0,0,0,0
2023,142,7.112,0,0,0
2023,143,8.128,17,15.85,0.245
2023,144,8.382,0,0,16.905
2023,145,5.842,0,0,0
2023,146,0,0,0,0
2023,147,0,0,0,0
2023,148,17.526,1,0,0
2023,149,0,0,0,0
2023,150,0,8,0,0
2023,151,19.812,0,0,0.98
2023,152,0.762,0,0,0
2023,153,6.35,0,0,0
2023,154,0,6,11.55,0
2023,155,0.254,2,16.89,12.005
2023,156,23.368,0,0,4.41
2023,157,0,0,0,0
2023,158,61.214,0,0,0
2023,159,13.97,4,5.86,0
2023,160,0,0,0,16.17
2023,161,0,8,12.25,0
2023,162,0,0,15.05,29.89
2023,163,0,0,0,0
2023,164,0,0,0,0
2023,165,0,0,0,0
2023,166,0,0,0,0
2023,167,0,11,12.68,0
2023,168,0,0,0,11.27
2023,169,0,0,0,0
2023,170,0,0,0,0
2023,171,0,0,0,0
2023,172,5.08,0,0,0
2023,173,0,0,0,0.245
2023,174,0,0,0,0.245
2023,175,0,0,0,0
2023,176,0,0,0,0
2023,177,0,0,0,0
2023,178,1.524,0,0,0
2023,179,0,0,0,0
2023,180,1.778,0,0,0
2023,181,0,0,0,0
2023,182,0,19,27.1,0
2023,183,7.112,1,0,0.98
2023,184,22.352,0,0,0
2023,185,3.302,0,0,0
2023,186,13.97,0,0,0
2023,187,0.762,0,0,0
2023,188,0,0,0,0
2023,189,0,0,0,0
2023,190,1.778,0,0,0
2023,191,8.382,0,0,0
2023,192,5.842,0,0,0
2023,193,18.288,0,0,0
2023,194,0,0,0,0
2023,195,0.508,0,0,0
2023,196,0,0,0,0
2023,197,0,0,0,0
2023,198,0,0,0,0
2023,199,0,0,0,0
2023,200,9.652,0,0,0
2023,201,0,0,0,0
2023,202,0,0,0,0
2023,203,0,0,0,0
2023,204,0,0,0,0
2023,205,0,0,0,0
2023,206,0,0,0,0
2023,207,0,0,0,0
2023,208,0,0,0,0
2023,209,0,0,0,0
2023,210,0,0,0,0
2023,211,2.54,0,0,0
2023,212,0,0,0,0
2023,213,15.748,0,0,0
2023,214,25.4,0,0,0
2023,215,0,0,0,0
2023,216,0,0,0,0
2023,217,0,0,0,0
2023,218,0,0,0,0
2023,219,0,0,0,0
2023,220,0,0,0,0
2023,221,0,0,0,0
2023,222,0,0,0,0
2023,223,0,0,0,0
2023,224,0,0,0,0
2023,225,0,0,0,0
2023,226,1.016,0,0,0
2023,227,2.54,0,0,0
2023,228,0,0,0,0
2023,229,36.068,0,0,0
2023,230,25.4,0,0,0
2023,231,0,0,0,0
2023,232,0,0,0,0
2023,233,0,0,0,0
2023,234,0,0,0,0
2023,235,0,0,0,0
2023,236,0,0,0,0
2023,237,0,0,0,0
2023,238,0,0,0,0
2023,239,0,6,5.83,0
2023,240,0,0,0,6.37
2023,241,3.556,0,0,0
2023,242,0,0,0,0
2023,243,0,0,0,0
2023,244,0,0,0,0
2023,245,0,0,0,0
2023,246,0,0,0,0
2023,247,0,0,0,0
2023,248,0,0,0,0
2023,249,0,0,0,0
2023,250,0,0,0,0
2023,251,0,0,0,0
2023,252,0,0,0,0
2023,253,0,0,0,0
2023,254,0,1,0,0
2023,255,0,0,0,0
2023,256,0,5,11.15,0
2023,257,0,62,37.79,8.085
2023,258,0,14,16.28,3.43
2023,259,0,4,6.17,12.005
2023,260,0,0,0,6.125
2023,261,0,0,0,0
2023,262,0,0,0,0
2023,263,0,0,0,0
2023,264,0,0,0,0
2023,265,0,0,0,0
2023,266,0,0,0,0
2023,267,0,16,15.14,0
2023,268,0,0,0,11.515
2023,269,0,0,0,0
2023,270,0,0,0,0
2023,271,6.858,0,0,0
2023,272,0.762,0,0,0
2023,273,1.778,0,0,0
2023,274,10.16,0,0,0
2023,275,0,0,0,0
2023,276,0,0,0,0
2023,277,0,51,54.64,0
2023,278,0,1,0,41.65
2023,279,0,0,0,0.735
2023,280,0,0,0,0
2023,281,0,0,0,0
2023,282,0,0,0,0
2023,283,0,0,0,0
2023,284,0,0,0,0
2023,285,11.176,0,0,0
2023,286,31.242,0,0,0
2023,287,16.51,0,0,0
2023,288,0.254,0,0,0
2023,289,0,0,0,0
2023,290,0,0,0,0
2023,291,0,0,0,0
2023,292,0,0,0,0
2023,293,0,0,0,0
2023,294,0,0,0,0
2023,295,0,0,0,0
2023,296,0,6,8,0
2023,297,0,0,0.78,10.78
2023,298,0,9,17.29,0.735
2023,299,0,42,27.96,1.47
2023,300,29.21,7,10.42,40.67
2023,301,0,7,11.13,0.735
2023,302,0,26,20.28,3.185
2023,303,0,4,3.58,22.05
2023,304,0,0,0,3.92
2023,305,0,0,0,0
2023,306,0,0,0,0
2023,307,15.748,0,0,0
2023,308,0,0,0,0
2023,309,0,0,0,0
2023,310,0,0,0,0
2023,311,0,0,0,0
2023,312,0,0,0,0
2023,313,0,16,26.3,0
2023,314,0,0,0,28.42
2023,315,0,0,0,0.49
2023,316,0,0,0,0
2023,317,0,0,0,0.735
2023,318,0,0,0,0
2023,319,0,0,0,0
2023,320,0,0,0,0
2023,321,0,0,0,0
2023,322,0,0,0,0
2023,323,0,0,0.65,0
2023,324,0,0,0,0
2023,325,0,0,0,0
2023,326,0,0,0,0
2023,327,0,0,0,0
2023,328,9.144,0,0,0
2023,329,0.508,5,5.5,0
2023,330,0,0,0,3.43
2023,331,11.176,0,0,0
2023,332,0,0,0,0
2023,333,0,1,1.6,0
2023,334,0,4,4.39,1.225
2023,335,0,0,0,1.47
2023,336,0.254,0,0,0
2023,337,0.254,0,0,0
2023,338,0,0,0,0
2023,339,0,0,0,0
2023,340,1.27,0,0,0
2023,341,0,0,0,0
2023,342,0,0,0,0
2023,343,0,0,0,0
2023,344,0,0,0,0
2023,345,0,0,0,0
2023,346,0,0,0,0
2023,347,5.08,0,0,0
2023,348,2.032,0,0,0
2023,349,0,6,7.75,0
2023,350,0.254,0,0,8.33
2023,351,0,0,0,0
2023,352,32.004,0,0,0
2023,353,0,0,0,0
2023,354,3.048,0,0,0
2023,355,0,13,14.27,3.92
2023,356,0,1,0,6.86
2023,357,0,40,39.27,0
2023,358,0,25,26.63,54.145
2023,359,0,0,0,22.54
2023,360,0,0,0,0
2023,361,0,0,0,0
2023,362,0,0,0,0
2023,363,0.254,0,0,0
2023,364,0,0,0,0
2023,365,0,0,0,0
